trial_id,object,sigma_d,rho,phi,theta,seed,seg_empty,C_pc,cube_size,q_grasp,e_pose,n_grasps,collision_free,contacted_bodies,success,final_xy_offset,final_lift,obj_z_final,failure_mode,error
0,cylinder,0.0,1.0,30.0,0.0,0,0,0.01517,0.25927630066871643,,,0,,,0,,,,no_grasps,no_grasps
1,cylinder,0.0,1.0,30.0,0.0,10001,0,0.01517,0.25927630066871643,,,0,,,0,,,,no_grasps,no_grasps
2,cylinder,0.0,1.0,30.0,0.0,20002,0,0.01517,0.25927630066871643,,,0,,,0,,,,no_grasps,no_grasps
3,cylinder,0.0,1.0,30.0,0.0,30003,0,0.01517,0.25927630066871643,0.15327,0.01613,4,1,,1,0.00464,0.15059,0.6056,success,
4,cylinder,0.0,1.0,30.0,0.0,40004,0,0.01517,0.25927630066871643,,,0,,,0,,,,no_grasps,no_grasps
5,cylinder,0.0,1.0,30.0,45.0,5,0,0.01518,0.2592492699623108,,,0,,,0,,,,no_grasps,no_grasps
6,cylinder,0.0,1.0,30.0,45.0,10006,0,0.01518,0.2592492699623108,,,0,,,0,,,,no_grasps,no_grasps
7,cylinder,0.0,1.0,30.0,45.0,20007,0,0.01518,0.2592492699623108,,,0,,,0,,,,no_grasps,no_grasps
8,cylinder,0.0,1.0,30.0,45.0,30008,0,0.01518,0.2592492699623108,,,0,,,0,,,,no_grasps,no_grasps
9,cylinder,0.0,1.0,30.0,45.0,40009,0,0.01518,0.2592492699623108,,,0,,,0,,,,no_grasps,no_grasps
10,cylinder,0.0,1.0,30.0,90.0,10,0,0.01517,0.25927630066871643,,,0,,,0,,,,no_grasps,no_grasps
11,cylinder,0.0,1.0,30.0,90.0,10011,0,0.01517,0.25927630066871643,,,0,,,0,,,,no_grasps,no_grasps
12,cylinder,0.0,1.0,30.0,90.0,20012,0,0.01517,0.25927630066871643,,,0,,,0,,,,no_grasps,no_grasps
13,cylinder,0.0,1.0,30.0,90.0,30013,0,0.01517,0.25927630066871643,,,0,,,0,,,,no_grasps,no_grasps
14,cylinder,0.0,1.0,30.0,90.0,40014,0,0.01517,0.25927630066871643,,,0,,,0,,,,no_grasps,no_grasps
15,cylinder,0.0,1.0,45.0,0.0,15,0,0.01445,0.2537956237792969,,,0,,,0,,,,no_grasps,no_grasps
16,cylinder,0.0,1.0,45.0,0.0,10016,0,0.01445,0.2537956237792969,,,0,,,0,,,,no_grasps,no_grasps
17,cylinder,0.0,1.0,45.0,0.0,20017,0,0.01445,0.2537956237792969,0.16474,0.03529,11,0,target_object,0,,,0.455,pregrasp_collision,
18,cylinder,0.0,1.0,45.0,0.0,30018,0,0.01445,0.2537956237792969,,,0,,,0,,,,no_grasps,no_grasps
19,cylinder,0.0,1.0,45.0,0.0,40019,0,0.01445,0.2537956237792969,,,0,,,0,,,,no_grasps,no_grasps
20,cylinder,0.0,1.0,45.0,45.0,20,0,0.01447,0.25376570224761963,,,0,,,0,,,,no_grasps,no_grasps
21,cylinder,0.0,1.0,45.0,45.0,10021,0,0.01447,0.25376570224761963,,,0,,,0,,,,no_grasps,no_grasps
22,cylinder,0.0,1.0,45.0,45.0,20022,0,0.01447,0.25376570224761963,0.15276,0.02904,4,0,target_object,0,,,0.455,pregrasp_collision,
23,cylinder,0.0,1.0,45.0,45.0,30023,0,0.01447,0.25376570224761963,0.17494,0.02352,49,1,,1,0.00603,0.15058,0.6056,success,
24,cylinder,0.0,1.0,45.0,45.0,40024,0,0.01447,0.25376570224761963,,,0,,,0,,,,no_grasps,no_grasps
25,cylinder,0.0,1.0,45.0,90.0,25,0,0.01445,0.25379568338394165,,,0,,,0,,,,no_grasps,no_grasps
26,cylinder,0.0,1.0,45.0,90.0,10026,0,0.01445,0.25379568338394165,0.16603,0.03703,20,0,target_object,0,,,0.455,pregrasp_collision,
27,cylinder,0.0,1.0,45.0,90.0,20027,0,0.01445,0.25379568338394165,,,0,,,0,,,,no_grasps,no_grasps
28,cylinder,0.0,1.0,45.0,90.0,30028,0,0.01445,0.25379568338394165,0.16235,0.01448,14,1,,1,0.00375,0.15016,0.6051,success,
29,cylinder,0.0,1.0,45.0,90.0,40029,0,0.01445,0.25379568338394165,,,0,,,0,,,,no_grasps,no_grasps
30,cylinder,0.0,1.0,50.0,0.0,30,0,0.01401,0.24828225374221802,0.15865,0.0176,13,0,target_object,0,,,0.455,pregrasp_collision,
31,cylinder,0.0,1.0,50.0,0.0,10031,0,0.01401,0.24828225374221802,0.1668,0.03713,8,0,target_object,0,,,0.455,pregrasp_collision,
32,cylinder,0.0,1.0,50.0,0.0,20032,0,0.01401,0.24828225374221802,,,0,,,0,,,,no_grasps,no_grasps
33,cylinder,0.0,1.0,50.0,0.0,30033,0,0.01401,0.24828225374221802,0.16618,0.03311,7,0,target_object,0,,,0.455,pregrasp_collision,
34,cylinder,0.0,1.0,50.0,0.0,40034,0,0.01401,0.24828225374221802,,,0,,,0,,,,no_grasps,no_grasps
35,cylinder,0.0,1.0,50.0,45.0,35,0,0.01402,0.24838709831237793,0.15488,0.03187,2,0,target_object,0,,,0.455,pregrasp_collision,
36,cylinder,0.0,1.0,50.0,45.0,10036,0,0.01402,0.24838709831237793,,,0,,,0,,,,no_grasps,no_grasps
37,cylinder,0.0,1.0,50.0,45.0,20037,0,0.01402,0.24838709831237793,0.18704,0.01729,74,1,,1,0.00467,0.15013,0.6051,success,
38,cylinder,0.0,1.0,50.0,45.0,30038,0,0.01402,0.24838709831237793,0.16658,0.03345,10,0,target_object,0,,,0.455,pregrasp_collision,
39,cylinder,0.0,1.0,50.0,45.0,40039,0,0.01402,0.24838709831237793,0.16324,0.01388,26,1,,1,0.00413,0.15028,0.6053,success,
40,cylinder,0.0,1.0,50.0,90.0,40,0,0.01401,0.2482822835445404,,,0,,,0,,,,no_grasps,no_grasps
41,cylinder,0.0,1.0,50.0,90.0,10041,0,0.01401,0.2482822835445404,0.15331,0.03569,1,0,target_object,0,,,0.455,pregrasp_collision,
42,cylinder,0.0,1.0,50.0,90.0,20042,0,0.01401,0.2482822835445404,0.15398,0.03943,3,0,target_object,0,,,0.455,pregrasp_collision,
43,cylinder,0.0,1.0,50.0,90.0,30043,0,0.01401,0.2482822835445404,,,0,,,0,,,,no_grasps,no_grasps
44,cylinder,0.0,1.0,50.0,90.0,40044,0,0.01401,0.2482822835445404,0.16519,0.03067,16,0,target_object,0,,,0.455,pregrasp_collision,
45,cylinder,0.0,1.0,55.0,0.0,45,0,0.01345,0.24268057942390442,0.17271,0.03494,32,0,target_object,0,,,0.455,pregrasp_collision,
46,cylinder,0.0,1.0,55.0,0.0,10046,0,0.01345,0.24268057942390442,0.1829,0.02812,30,0,target_object,0,,,0.455,pregrasp_collision,
47,cylinder,0.0,1.0,55.0,0.0,20047,0,0.01345,0.24268057942390442,0.16965,0.03636,13,0,target_object,0,,,0.455,pregrasp_collision,
48,cylinder,0.0,1.0,55.0,0.0,30048,0,0.01345,0.24268057942390442,0.20778,0.03774,64,0,target_object,0,,,0.455,pregrasp_collision,
49,cylinder,0.0,1.0,55.0,0.0,40049,0,0.01345,0.24268057942390442,0.15087,0.03118,1,0,target_object,0,,,0.455,pregrasp_collision,
50,cylinder,0.0,1.0,55.0,45.0,50,0,0.01344,0.23981651663780212,0.17289,0.03115,28,0,target_object,0,,,0.455,pregrasp_collision,
51,cylinder,0.0,1.0,55.0,45.0,10051,0,0.01344,0.23981651663780212,0.21686,0.01675,74,1,,1,0.00443,0.15016,0.6052,success,
52,cylinder,0.0,1.0,55.0,45.0,20052,0,0.01344,0.23981651663780212,0.18754,0.01236,52,1,,1,0.00408,0.15019,0.6052,success,
53,cylinder,0.0,1.0,55.0,45.0,30053,0,0.01344,0.23981651663780212,0.19223,0.02968,66,0,target_object,0,,,0.455,pregrasp_collision,
54,cylinder,0.0,1.0,55.0,45.0,40054,0,0.01344,0.23981651663780212,,,0,,,0,,,,no_grasps,no_grasps
55,cylinder,0.0,1.0,55.0,90.0,55,0,0.01345,0.2426806390285492,0.16358,0.03483,6,0,target_object,0,,,0.455,pregrasp_collision,
56,cylinder,0.0,1.0,55.0,90.0,10056,0,0.01345,0.2426806390285492,0.17358,0.03521,28,0,target_object,0,,,0.455,pregrasp_collision,
57,cylinder,0.0,1.0,55.0,90.0,20057,0,0.01345,0.2426806390285492,0.1666,0.03426,30,0,target_object,0,,,0.455,pregrasp_collision,
58,cylinder,0.0,1.0,55.0,90.0,30058,0,0.01345,0.2426806390285492,0.18842,0.04059,39,0,target_object,0,,,0.455,pregrasp_collision,
59,cylinder,0.0,1.0,55.0,90.0,40059,0,0.01345,0.2426806390285492,0.18882,0.03243,44,0,target_object,0,,,0.455,pregrasp_collision,
60,cylinder,0.0,1.0,60.0,0.0,60,0,0.01281,0.23151466250419617,0.17949,0.00523,31,1,,1,0.00188,0.15013,0.6051,success,
61,cylinder,0.0,1.0,60.0,0.0,10061,0,0.01281,0.23151466250419617,0.17281,0.00359,29,0,target_object,0,,,0.455,pregrasp_collision,
62,cylinder,0.0,1.0,60.0,0.0,20062,0,0.01281,0.23151466250419617,0.20138,0.0269,33,0,target_object,0,,,0.455,pregrasp_collision,
63,cylinder,0.0,1.0,60.0,0.0,30063,0,0.01281,0.23151466250419617,0.17127,0.02932,17,0,target_object,0,,,0.455,pregrasp_collision,
64,cylinder,0.0,1.0,60.0,0.0,40064,0,0.01281,0.23151466250419617,0.19679,0.00332,35,1,,1,0.00266,0.15008,0.6051,success,
65,cylinder,0.0,1.0,60.0,45.0,65,0,0.01284,0.2314278483390808,0.18271,0.00588,26,0,target_object,0,,,0.455,pregrasp_collision,
66,cylinder,0.0,1.0,60.0,45.0,10066,0,0.01284,0.2314278483390808,0.18932,0.02766,21,0,target_object,0,,,0.455,pregrasp_collision,
67,cylinder,0.0,1.0,60.0,45.0,20067,0,0.01284,0.2314278483390808,0.17191,0.03885,23,0,target_object,0,,,0.455,pregrasp_collision,
68,cylinder,0.0,1.0,60.0,45.0,30068,0,0.01284,0.2314278483390808,0.18177,0.02477,28,0,target_object,0,,,0.455,pregrasp_collision,
69,cylinder,0.0,1.0,60.0,45.0,40069,0,0.01284,0.2314278483390808,0.1882,0.03458,35,0,target_object,0,,,0.455,pregrasp_collision,
70,cylinder,0.0,1.0,60.0,90.0,70,0,0.01281,0.23151475191116333,0.1876,0.02219,24,0,target_object,0,,,0.455,pregrasp_collision,
71,cylinder,0.0,1.0,60.0,90.0,10071,0,0.01281,0.23151475191116333,0.20666,0.04007,25,0,target_object,0,,,0.455,pregrasp_collision,
72,cylinder,0.0,1.0,60.0,90.0,20072,0,0.01281,0.23151475191116333,0.1674,0.03222,16,0,target_object,0,,,0.455,pregrasp_collision,
73,cylinder,0.0,1.0,60.0,90.0,30073,0,0.01281,0.23151475191116333,0.1633,0.02861,15,0,target_object,0,,,0.455,pregrasp_collision,
74,cylinder,0.0,1.0,60.0,90.0,40074,0,0.01281,0.23151475191116333,0.18359,0.00693,25,0,target_object,0,,,0.455,pregrasp_collision,
75,cylinder,0.0,1.0,65.0,0.0,75,0,0.01204,0.2203737497329712,0.21698,0.12073,59,0,target_object,0,,,0.455,pregrasp_collision,
76,cylinder,0.0,1.0,65.0,0.0,10076,0,0.01204,0.2203737497329712,0.21299,0.11798,54,0,target_object,0,,,0.455,pregrasp_collision,
77,cylinder,0.0,1.0,65.0,0.0,20077,0,0.01204,0.2203737497329712,0.21271,0.11945,60,0,target_object,0,,,0.455,pregrasp_collision,
78,cylinder,0.0,1.0,65.0,0.0,30078,0,0.01204,0.2203737497329712,0.2194,0.12086,57,0,target_object,0,,,0.455,pregrasp_collision,
79,cylinder,0.0,1.0,65.0,0.0,40079,0,0.01204,0.2203737497329712,0.21159,0.12532,55,1,,0,0.06066,-0.0,0.455,executed_dropped,
80,cylinder,0.0,1.0,65.0,45.0,80,0,0.0121,0.2203088402748108,0.2179,0.11964,55,0,target_object,0,,,0.455,pregrasp_collision,
81,cylinder,0.0,1.0,65.0,45.0,10081,0,0.0121,0.2203088402748108,0.22225,0.11973,54,0,target_object,0,,,0.455,pregrasp_collision,
82,cylinder,0.0,1.0,65.0,45.0,20082,0,0.0121,0.2203088402748108,0.21785,0.11846,55,0,target_object,0,,,0.455,pregrasp_collision,
83,cylinder,0.0,1.0,65.0,45.0,30083,0,0.0121,0.2203088402748108,0.21415,0.12106,55,0,target_object,0,,,0.455,pregrasp_collision,
84,cylinder,0.0,1.0,65.0,45.0,40084,0,0.0121,0.2203088402748108,0.21855,0.12073,59,0,target_object,0,,,0.455,pregrasp_collision,
85,cylinder,0.0,1.0,65.0,90.0,85,0,0.01204,0.22037380933761597,0.21766,0.1196,58,0,target_object,0,,,0.455,pregrasp_collision,
86,cylinder,0.0,1.0,65.0,90.0,10086,0,0.01204,0.22037380933761597,0.21648,0.1208,59,0,target_object,0,,,0.455,pregrasp_collision,
87,cylinder,0.0,1.0,65.0,90.0,20087,0,0.01204,0.22037380933761597,0.21139,0.12075,59,0,target_object,0,,,0.455,pregrasp_collision,
88,cylinder,0.0,1.0,65.0,90.0,30088,0,0.01204,0.22037380933761597,0.21562,0.11983,65,0,target_object,0,,,0.455,pregrasp_collision,
89,cylinder,0.0,1.0,65.0,90.0,40089,0,0.01204,0.22037380933761597,0.21456,0.11834,52,0,target_object,0,,,0.455,pregrasp_collision,
90,cylinder,0.0,0.75,30.0,0.0,90,0,0.01517,0.25927630066871643,,,0,,,0,,,,no_grasps,no_grasps
91,cylinder,0.0,0.75,30.0,0.0,10091,0,0.01517,0.25927630066871643,0.15365,0.09454,1,0,target_object,0,,,0.455,pregrasp_collision,
92,cylinder,0.0,0.75,30.0,0.0,20092,0,0.01517,0.25927630066871643,,,0,,,0,,,,no_grasps,no_grasps
93,cylinder,0.0,0.75,30.0,0.0,30093,0,0.01517,0.25927630066871643,,,0,,,0,,,,no_grasps,no_grasps
94,cylinder,0.0,0.75,30.0,0.0,40094,0,0.01517,0.25927630066871643,,,0,,,0,,,,no_grasps,no_grasps
95,cylinder,0.0,0.75,30.0,45.0,95,0,0.01518,0.2592492699623108,,,0,,,0,,,,no_grasps,no_grasps
96,cylinder,0.0,0.75,30.0,45.0,10096,0,0.01518,0.2592492699623108,,,0,,,0,,,,no_grasps,no_grasps
97,cylinder,0.0,0.75,30.0,45.0,20097,0,0.01518,0.2592492699623108,,,0,,,0,,,,no_grasps,no_grasps
98,cylinder,0.0,0.75,30.0,45.0,30098,0,0.01518,0.2592492699623108,,,0,,,0,,,,no_grasps,no_grasps
99,cylinder,0.0,0.75,30.0,45.0,40099,0,0.01518,0.2592492699623108,,,0,,,0,,,,no_grasps,no_grasps
100,cylinder,0.0,0.75,30.0,90.0,100,0,0.01517,0.25927630066871643,,,0,,,0,,,,no_grasps,no_grasps
101,cylinder,0.0,0.75,30.0,90.0,10101,0,0.01517,0.25927630066871643,0.15434,0.09499,3,0,target_object,0,,,0.455,pregrasp_collision,
102,cylinder,0.0,0.75,30.0,90.0,20102,0,0.01517,0.25927630066871643,,,0,,,0,,,,no_grasps,no_grasps
103,cylinder,0.0,0.75,30.0,90.0,30103,0,0.01517,0.25927630066871643,,,0,,,0,,,,no_grasps,no_grasps
104,cylinder,0.0,0.75,30.0,90.0,40104,0,0.01517,0.25927630066871643,,,0,,,0,,,,no_grasps,no_grasps
105,cylinder,0.0,0.75,45.0,0.0,105,0,0.01445,0.2537956237792969,0.17065,0.10712,24,0,target_object,0,,,0.455,pregrasp_collision,
106,cylinder,0.0,0.75,45.0,0.0,10106,0,0.01445,0.2537956237792969,0.17181,0.10702,31,0,target_object,0,,,0.455,pregrasp_collision,
107,cylinder,0.0,0.75,45.0,0.0,20107,0,0.01445,0.2537956237792969,0.1608,0.09857,15,0,target_object,0,,,0.455,pregrasp_collision,
108,cylinder,0.0,0.75,45.0,0.0,30108,0,0.01445,0.2537956237792969,0.164,0.10978,16,0,target_object,0,,,0.455,pregrasp_collision,
109,cylinder,0.0,0.75,45.0,0.0,40109,0,0.01445,0.2537956237792969,0.18093,0.11011,39,0,target_object,0,,,0.455,pregrasp_collision,
110,cylinder,0.0,0.75,45.0,45.0,110,0,0.01447,0.25376570224761963,0.17,0.11025,30,0,target_object,0,,,0.455,pregrasp_collision,
111,cylinder,0.0,0.75,45.0,45.0,10111,0,0.01447,0.25376570224761963,0.16914,0.10927,24,0,target_object,0,,,0.455,pregrasp_collision,
112,cylinder,0.0,0.75,45.0,45.0,20112,0,0.01447,0.25376570224761963,0.16954,0.10788,29,0,target_object,0,,,0.455,pregrasp_collision,
113,cylinder,0.0,0.75,45.0,45.0,30113,0,0.01447,0.25376570224761963,0.16818,0.1096,29,0,target_object,0,,,0.455,pregrasp_collision,
114,cylinder,0.0,0.75,45.0,45.0,40114,0,0.01447,0.25376570224761963,0.16702,0.10909,27,0,target_object,0,,,0.455,pregrasp_collision,
115,cylinder,0.0,0.75,45.0,90.0,115,0,0.01445,0.25379568338394165,0.16961,0.10936,25,0,target_object,0,,,0.455,pregrasp_collision,
116,cylinder,0.0,0.75,45.0,90.0,10116,0,0.01445,0.25379568338394165,0.17383,0.10863,32,0,target_object,0,,,0.455,pregrasp_collision,
117,cylinder,0.0,0.75,45.0,90.0,20117,0,0.01445,0.25379568338394165,0.16638,0.10763,20,0,target_object,0,,,0.455,pregrasp_collision,
118,cylinder,0.0,0.75,45.0,90.0,30118,0,0.01445,0.25379568338394165,0.15906,0.11445,20,0,target_object,0,,,0.455,pregrasp_collision,
119,cylinder,0.0,0.75,45.0,90.0,40119,0,0.01445,0.25379568338394165,0.17521,0.10896,30,0,target_object,0,,,0.455,pregrasp_collision,
120,cylinder,0.0,0.75,50.0,0.0,120,0,0.01401,0.24828225374221802,0.18722,0.11362,39,0,target_object,0,,,0.455,pregrasp_collision,
121,cylinder,0.0,0.75,50.0,0.0,10121,0,0.01401,0.24828225374221802,0.19345,0.11281,42,0,target_object,0,,,0.455,pregrasp_collision,
122,cylinder,0.0,0.75,50.0,0.0,20122,0,0.01401,0.24828225374221802,0.19051,0.11414,38,0,target_object,0,,,0.455,pregrasp_collision,
123,cylinder,0.0,0.75,50.0,0.0,30123,0,0.01401,0.24828225374221802,0.18264,0.11106,32,0,target_object,0,,,0.455,pregrasp_collision,
124,cylinder,0.0,0.75,50.0,0.0,40124,0,0.01401,0.24828225374221802,0.18645,0.11167,33,0,target_object,0,,,0.455,pregrasp_collision,
125,cylinder,0.0,0.75,50.0,45.0,125,0,0.01402,0.24838709831237793,0.18324,0.1126,41,0,target_object,0,,,0.455,pregrasp_collision,
126,cylinder,0.0,0.75,50.0,45.0,10126,0,0.01402,0.24838709831237793,0.17982,0.11507,42,0,target_object,0,,,0.455,pregrasp_collision,
127,cylinder,0.0,0.75,50.0,45.0,20127,0,0.01402,0.24838709831237793,0.18789,0.11573,40,0,target_object,0,,,0.455,pregrasp_collision,
128,cylinder,0.0,0.75,50.0,45.0,30128,0,0.01402,0.24838709831237793,0.18155,0.11248,35,0,target_object,0,,,0.455,pregrasp_collision,
129,cylinder,0.0,0.75,50.0,45.0,40129,0,0.01402,0.24838709831237793,0.18159,0.11475,45,0,target_object,0,,,0.455,pregrasp_collision,
130,cylinder,0.0,0.75,50.0,90.0,130,0,0.01401,0.2482822835445404,0.1789,0.11355,33,0,target_object,0,,,0.455,pregrasp_collision,
131,cylinder,0.0,0.75,50.0,90.0,10131,0,0.01401,0.2482822835445404,0.1821,0.11,40,0,target_object,0,,,0.455,pregrasp_collision,
132,cylinder,0.0,0.75,50.0,90.0,20132,0,0.01401,0.2482822835445404,0.18789,0.11444,40,0,target_object,0,,,0.455,pregrasp_collision,
133,cylinder,0.0,0.75,50.0,90.0,30133,0,0.01401,0.2482822835445404,0.18737,0.11153,33,0,target_object,0,,,0.455,pregrasp_collision,
134,cylinder,0.0,0.75,50.0,90.0,40134,0,0.01401,0.2482822835445404,0.19094,0.11113,33,0,target_object,0,,,0.455,pregrasp_collision,
135,cylinder,0.0,0.75,55.0,0.0,135,0,0.01345,0.24268057942390442,0.1937,0.115,40,0,target_object,0,,,0.455,pregrasp_collision,
136,cylinder,0.0,0.75,55.0,0.0,10136,0,0.01345,0.24268057942390442,0.19366,0.11539,39,0,target_object,0,,,0.455,pregrasp_collision,
137,cylinder,0.0,0.75,55.0,0.0,20137,0,0.01345,0.24268057942390442,0.1904,0.1196,34,0,target_object,0,,,0.455,pregrasp_collision,
138,cylinder,0.0,0.75,55.0,0.0,30138,0,0.01345,0.24268057942390442,0.19564,0.1183,36,1,,1,0.0303,0.14604,0.601,success,
139,cylinder,0.0,0.75,55.0,0.0,40139,0,0.01345,0.24268057942390442,0.19756,0.11843,38,0,target_object,0,,,0.455,pregrasp_collision,
140,cylinder,0.0,0.75,55.0,45.0,140,0,0.01344,0.23981651663780212,0.19087,0.1145,35,0,target_object,0,,,0.455,pregrasp_collision,
141,cylinder,0.0,0.75,55.0,45.0,10141,0,0.01344,0.23981651663780212,0.19155,0.11489,33,0,target_object,0,,,0.455,pregrasp_collision,
142,cylinder,0.0,0.75,55.0,45.0,20142,0,0.01344,0.23981651663780212,0.19515,0.11826,36,0,target_object,0,,,0.455,pregrasp_collision,
143,cylinder,0.0,0.75,55.0,45.0,30143,0,0.01344,0.23981651663780212,0.20073,0.11467,39,0,target_object,0,,,0.455,pregrasp_collision,
144,cylinder,0.0,0.75,55.0,45.0,40144,0,0.01344,0.23981651663780212,0.19691,0.11514,30,0,target_object,0,,,0.455,pregrasp_collision,
145,cylinder,0.0,0.75,55.0,90.0,145,0,0.01345,0.2426806390285492,0.1871,0.11731,31,0,target_object,0,,,0.455,pregrasp_collision,
146,cylinder,0.0,0.75,55.0,90.0,10146,0,0.01345,0.2426806390285492,0.1967,0.11499,34,0,target_object,0,,,0.455,pregrasp_collision,
147,cylinder,0.0,0.75,55.0,90.0,20147,0,0.01345,0.2426806390285492,0.19171,0.11898,42,0,target_object,0,,,0.455,pregrasp_collision,
148,cylinder,0.0,0.75,55.0,90.0,30148,0,0.01345,0.2426806390285492,0.19152,0.11558,35,0,target_object,0,,,0.455,pregrasp_collision,
149,cylinder,0.0,0.75,55.0,90.0,40149,0,0.01345,0.2426806390285492,0.18891,0.1174,31,0,target_object,0,,,0.455,pregrasp_collision,
150,cylinder,0.0,0.75,60.0,0.0,150,0,0.01281,0.23151466250419617,0.20923,0.11795,41,0,target_object,0,,,0.455,pregrasp_collision,
151,cylinder,0.0,0.75,60.0,0.0,10151,0,0.01281,0.23151466250419617,0.21571,0.11799,47,0,target_object,0,,,0.455,pregrasp_collision,
152,cylinder,0.0,0.75,60.0,0.0,20152,0,0.01281,0.23151466250419617,0.21456,0.11883,42,0,target_object,0,,,0.455,pregrasp_collision,
153,cylinder,0.0,0.75,60.0,0.0,30153,0,0.01281,0.23151466250419617,0.21774,0.11735,39,0,target_object,0,,,0.455,pregrasp_collision,
154,cylinder,0.0,0.75,60.0,0.0,40154,0,0.01281,0.23151466250419617,0.20982,0.11692,43,0,target_object,0,,,0.455,pregrasp_collision,
155,cylinder,0.0,0.75,60.0,45.0,155,0,0.01284,0.2314278483390808,0.21928,0.11781,43,0,target_object,0,,,0.455,pregrasp_collision,
156,cylinder,0.0,0.75,60.0,45.0,10156,0,0.01284,0.2314278483390808,0.21689,0.11608,42,0,target_object,0,,,0.455,pregrasp_collision,
157,cylinder,0.0,0.75,60.0,45.0,20157,0,0.01284,0.2314278483390808,0.21954,0.12113,40,1,,0,0.04323,0.0,0.455,executed_dropped,
158,cylinder,0.0,0.75,60.0,45.0,30158,0,0.01284,0.2314278483390808,0.21735,0.11996,51,0,target_object,0,,,0.455,pregrasp_collision,
159,cylinder,0.0,0.75,60.0,45.0,40159,0,0.01284,0.2314278483390808,0.21931,0.11763,40,0,target_object,0,,,0.455,pregrasp_collision,
160,cylinder,0.0,0.75,60.0,90.0,160,0,0.01281,0.23151475191116333,0.21018,0.11861,44,0,target_object,0,,,0.455,pregrasp_collision,
161,cylinder,0.0,0.75,60.0,90.0,10161,0,0.01281,0.23151475191116333,0.21218,0.11874,37,0,target_object,0,,,0.455,pregrasp_collision,
162,cylinder,0.0,0.75,60.0,90.0,20162,0,0.01281,0.23151475191116333,0.21654,0.11759,39,0,target_object,0,,,0.455,pregrasp_collision,
163,cylinder,0.0,0.75,60.0,90.0,30163,0,0.01281,0.23151475191116333,0.21485,0.11772,48,0,target_object,0,,,0.455,pregrasp_collision,
164,cylinder,0.0,0.75,60.0,90.0,40164,0,0.01281,0.23151475191116333,0.21043,0.11526,50,0,target_object,0,,,0.455,pregrasp_collision,
165,cylinder,0.0,0.75,65.0,0.0,165,0,0.01204,0.2203737497329712,0.22555,0.11907,31,0,target_object,0,,,0.455,pregrasp_collision,
166,cylinder,0.0,0.75,65.0,0.0,10166,0,0.01204,0.2203737497329712,0.22623,0.12019,27,0,target_object,0,,,0.455,pregrasp_collision,
167,cylinder,0.0,0.75,65.0,0.0,20167,0,0.01204,0.2203737497329712,0.21602,0.11749,30,1,,1,0.03049,0.14835,0.6033,success,
168,cylinder,0.0,0.75,65.0,0.0,30168,0,0.01204,0.2203737497329712,0.22176,0.12367,32,0,target_object,0,,,0.455,pregrasp_collision,
169,cylinder,0.0,0.75,65.0,0.0,40169,0,0.01204,0.2203737497329712,0.22392,0.12299,27,0,target_object,0,,,0.455,pregrasp_collision,
170,cylinder,0.0,0.75,65.0,45.0,170,0,0.0121,0.2203088402748108,0.22413,0.12002,31,0,target_object,0,,,0.455,pregrasp_collision,
171,cylinder,0.0,0.75,65.0,45.0,10171,0,0.0121,0.2203088402748108,0.21906,0.12347,32,0,target_object,0,,,0.455,pregrasp_collision,
172,cylinder,0.0,0.75,65.0,45.0,20172,0,0.0121,0.2203088402748108,0.2269,0.11987,33,0,target_object,0,,,0.455,pregrasp_collision,
173,cylinder,0.0,0.75,65.0,45.0,30173,0,0.0121,0.2203088402748108,0.22738,0.12038,32,0,target_object,0,,,0.455,pregrasp_collision,
174,cylinder,0.0,0.75,65.0,45.0,40174,0,0.0121,0.2203088402748108,0.23057,0.12073,32,0,target_object,0,,,0.455,pregrasp_collision,
175,cylinder,0.0,0.75,65.0,90.0,175,0,0.01204,0.22037380933761597,0.22126,0.12232,28,1,,0,0.02751,0.01038,0.4654,executed_dropped,
176,cylinder,0.0,0.75,65.0,90.0,10176,0,0.01204,0.22037380933761597,0.2163,0.12084,27,0,target_object,0,,,0.455,pregrasp_collision,
177,cylinder,0.0,0.75,65.0,90.0,20177,0,0.01204,0.22037380933761597,0.21805,0.12023,27,0,target_object,0,,,0.455,pregrasp_collision,
178,cylinder,0.0,0.75,65.0,90.0,30178,0,0.01204,0.22037380933761597,0.22396,0.11774,25,0,target_object,0,,,0.455,pregrasp_collision,
179,cylinder,0.0,0.75,65.0,90.0,40179,0,0.01204,0.22037380933761597,0.21899,0.12011,26,0,target_object,0,,,0.455,pregrasp_collision,
180,cylinder,0.0,0.5,30.0,0.0,180,0,0.01517,0.25927630066871643,0.16327,0.09521,5,0,target_object,0,,,0.455,pregrasp_collision,
181,cylinder,0.0,0.5,30.0,0.0,10181,0,0.01517,0.25927630066871643,0.16503,0.09552,5,0,target_object,0,,,0.455,pregrasp_collision,
182,cylinder,0.0,0.5,30.0,0.0,20182,0,0.01517,0.25927630066871643,0.16205,0.05221,7,0,target_object,0,,,0.455,pregrasp_collision,
183,cylinder,0.0,0.5,30.0,0.0,30183,0,0.01517,0.25927630066871643,0.15937,0.05221,4,0,target_object,0,,,0.455,pregrasp_collision,
184,cylinder,0.0,0.5,30.0,0.0,40184,0,0.01517,0.25927630066871643,0.15628,0.09718,4,0,target_object,0,,,0.455,pregrasp_collision,
185,cylinder,0.0,0.5,30.0,45.0,185,0,0.01518,0.2592492699623108,0.16246,0.0917,6,0,target_object,0,,,0.455,pregrasp_collision,
186,cylinder,0.0,0.5,30.0,45.0,10186,0,0.01518,0.2592492699623108,0.15977,0.09135,4,0,target_object,0,,,0.455,pregrasp_collision,
187,cylinder,0.0,0.5,30.0,45.0,20187,0,0.01518,0.2592492699623108,0.16207,0.09123,6,0,target_object,0,,,0.455,pregrasp_collision,
188,cylinder,0.0,0.5,30.0,45.0,30188,0,0.01518,0.2592492699623108,0.16302,0.09215,7,0,target_object,0,,,0.455,pregrasp_collision,
189,cylinder,0.0,0.5,30.0,45.0,40189,0,0.01518,0.2592492699623108,0.15313,0.05026,2,0,target_object,0,,,0.455,pregrasp_collision,
190,cylinder,0.0,0.5,30.0,90.0,190,0,0.01517,0.25927630066871643,0.15738,0.0911,1,0,target_object,0,,,0.455,pregrasp_collision,
191,cylinder,0.0,0.5,30.0,90.0,10191,0,0.01517,0.25927630066871643,0.15838,0.09229,2,0,target_object,0,,,0.455,pregrasp_collision,
192,cylinder,0.0,0.5,30.0,90.0,20192,0,0.01517,0.25927630066871643,0.16142,0.09409,5,0,target_object,0,,,0.455,pregrasp_collision,
193,cylinder,0.0,0.5,30.0,90.0,30193,0,0.01517,0.25927630066871643,0.15975,0.09303,4,0,target_object,0,,,0.455,pregrasp_collision,
194,cylinder,0.0,0.5,30.0,90.0,40194,0,0.01517,0.25927630066871643,0.15159,0.05159,1,0,target_object,0,,,0.455,pregrasp_collision,
195,cylinder,0.0,0.5,45.0,0.0,195,0,0.01445,0.2537956237792969,0.18609,0.10967,21,0,target_object,0,,,0.455,pregrasp_collision,
196,cylinder,0.0,0.5,45.0,0.0,10196,0,0.01445,0.2537956237792969,0.18667,0.10851,25,0,target_object,0,,,0.455,pregrasp_collision,
197,cylinder,0.0,0.5,45.0,0.0,20197,0,0.01445,0.2537956237792969,0.18729,0.10974,13,0,target_object,0,,,0.455,pregrasp_collision,
198,cylinder,0.0,0.5,45.0,0.0,30198,0,0.01445,0.2537956237792969,0.18485,0.10707,23,0,target_object,0,,,0.455,pregrasp_collision,
199,cylinder,0.0,0.5,45.0,0.0,40199,0,0.01445,0.2537956237792969,0.18589,0.10565,19,0,target_object,0,,,0.455,pregrasp_collision,
200,cylinder,0.0,0.5,45.0,45.0,200,0,0.01447,0.25376564264297485,0.18083,0.1051,24,0,target_object,0,,,0.455,pregrasp_collision,
201,cylinder,0.0,0.5,45.0,45.0,10201,0,0.01447,0.25376564264297485,0.18347,0.10564,26,0,target_object,0,,,0.455,pregrasp_collision,
202,cylinder,0.0,0.5,45.0,45.0,20202,0,0.01447,0.25376564264297485,0.18424,0.11108,21,1,,1,0.03211,0.14808,0.6031,success,
203,cylinder,0.0,0.5,45.0,45.0,30203,0,0.01447,0.25376564264297485,0.18117,0.10698,21,0,target_object,0,,,0.455,pregrasp_collision,
204,cylinder,0.0,0.5,45.0,45.0,40204,0,0.01447,0.25376564264297485,0.18584,0.10534,28,0,target_object,0,,,0.455,pregrasp_collision,
205,cylinder,0.0,0.5,45.0,90.0,205,0,0.01445,0.25379568338394165,0.18719,0.1098,18,0,target_object,0,,,0.455,pregrasp_collision,
206,cylinder,0.0,0.5,45.0,90.0,10206,0,0.01445,0.25379568338394165,0.19366,0.10934,28,0,target_object,0,,,0.455,pregrasp_collision,
207,cylinder,0.0,0.5,45.0,90.0,20207,0,0.01445,0.25379568338394165,0.18384,0.11239,24,0,target_object,0,,,0.455,pregrasp_collision,
208,cylinder,0.0,0.5,45.0,90.0,30208,0,0.01445,0.25379568338394165,0.17957,0.11088,15,0,target_object,0,,,0.455,pregrasp_collision,
209,cylinder,0.0,0.5,45.0,90.0,40209,0,0.01445,0.25379568338394165,0.18271,0.10712,27,0,target_object,0,,,0.455,pregrasp_collision,
210,cylinder,0.0,0.5,50.0,0.0,210,0,0.01401,0.24828225374221802,0.19307,0.11241,21,0,target_object,0,,,0.455,pregrasp_collision,
211,cylinder,0.0,0.5,50.0,0.0,10211,0,0.01401,0.24828225374221802,0.19446,0.11668,18,1,,1,0.03706,0.14835,0.6033,success,
212,cylinder,0.0,0.5,50.0,0.0,20212,0,0.01401,0.24828225374221802,0.19798,0.11468,14,1,,1,0.03579,0.14796,0.6029,success,
213,cylinder,0.0,0.5,50.0,0.0,30213,0,0.01401,0.24828225374221802,0.19986,0.11428,17,1,,1,0.0358,0.14845,0.6034,success,
214,cylinder,0.0,0.5,50.0,0.0,40214,0,0.01401,0.24828225374221802,0.19618,0.11435,18,0,target_object,0,,,0.455,pregrasp_collision,
215,cylinder,0.0,0.5,50.0,45.0,215,0,0.01402,0.24838709831237793,0.19544,0.11498,24,0,target_object,0,,,0.455,pregrasp_collision,
216,cylinder,0.0,0.5,50.0,45.0,10216,0,0.01402,0.24838709831237793,0.19829,0.11403,24,1,,1,0.03557,0.14815,0.6031,success,
217,cylinder,0.0,0.5,50.0,45.0,20217,0,0.01402,0.24838709831237793,0.19367,0.11482,23,0,target_object,0,,,0.455,pregrasp_collision,
218,cylinder,0.0,0.5,50.0,45.0,30218,0,0.01402,0.24838709831237793,0.19282,0.11487,20,1,,1,0.03296,0.14738,0.6024,success,
219,cylinder,0.0,0.5,50.0,45.0,40219,0,0.01402,0.24838709831237793,0.19775,0.11381,25,0,target_object,0,,,0.455,pregrasp_collision,
220,cylinder,0.0,0.5,50.0,90.0,220,0,0.01401,0.2482822835445404,0.19413,0.11484,19,0,target_object,0,,,0.455,pregrasp_collision,
221,cylinder,0.0,0.5,50.0,90.0,10221,0,0.01401,0.2482822835445404,0.19945,0.11688,15,0,target_object,0,,,0.455,pregrasp_collision,
222,cylinder,0.0,0.5,50.0,90.0,20222,0,0.01401,0.2482822835445404,0.19227,0.11175,26,0,target_object,0,,,0.455,pregrasp_collision,
223,cylinder,0.0,0.5,50.0,90.0,30223,0,0.01401,0.2482822835445404,0.19975,0.11464,16,0,target_object,0,,,0.455,pregrasp_collision,
224,cylinder,0.0,0.5,50.0,90.0,40224,0,0.01401,0.2482822835445404,0.19845,0.11397,15,1,,1,0.03718,0.14906,0.604,success,
225,cylinder,0.0,0.5,55.0,0.0,225,0,0.01345,0.24268057942390442,0.19976,0.11565,25,1,,1,0.03108,0.14783,0.6028,success,
226,cylinder,0.0,0.5,55.0,0.0,10226,0,0.01345,0.24268057942390442,0.21146,0.11643,32,0,target_object,0,,,0.455,pregrasp_collision,
227,cylinder,0.0,0.5,55.0,0.0,20227,0,0.01345,0.24268057942390442,0.21068,0.11721,29,0,target_object,0,,,0.455,pregrasp_collision,
228,cylinder,0.0,0.5,55.0,0.0,30228,0,0.01345,0.24268057942390442,0.21194,0.11707,26,0,target_object,0,,,0.455,pregrasp_collision,
229,cylinder,0.0,0.5,55.0,0.0,40229,0,0.01345,0.24268057942390442,0.21148,0.12068,22,0,target_object,0,,,0.455,pregrasp_collision,
230,cylinder,0.0,0.5,55.0,45.0,230,0,0.01344,0.23981651663780212,0.2065,0.11179,17,0,target_object,0,,,0.455,pregrasp_collision,
231,cylinder,0.0,0.5,55.0,45.0,10231,0,0.01344,0.23981651663780212,0.20341,0.11257,25,0,target_object,0,,,0.455,pregrasp_collision,
232,cylinder,0.0,0.5,55.0,45.0,20232,0,0.01344,0.23981651663780212,0.20655,0.11645,22,0,target_object,0,,,0.455,pregrasp_collision,
233,cylinder,0.0,0.5,55.0,45.0,30233,0,0.01344,0.23981651663780212,0.20921,0.11538,27,0,target_object,0,,,0.455,pregrasp_collision,
234,cylinder,0.0,0.5,55.0,45.0,40234,0,0.01344,0.23981651663780212,0.20658,0.11749,22,1,,1,0.03464,0.1479,0.6029,success,
235,cylinder,0.0,0.5,55.0,90.0,235,0,0.01345,0.2426806390285492,0.20171,0.12257,22,1,,1,0.01974,0.14477,0.5998,success,
236,cylinder,0.0,0.5,55.0,90.0,10236,0,0.01345,0.2426806390285492,0.20459,0.11683,31,0,target_object,0,,,0.455,pregrasp_collision,
237,cylinder,0.0,0.5,55.0,90.0,20237,0,0.01345,0.2426806390285492,0.20281,0.11456,25,0,target_object,0,,,0.455,pregrasp_collision,
238,cylinder,0.0,0.5,55.0,90.0,30238,0,0.01345,0.2426806390285492,0.20348,0.1153,23,0,target_object,0,,,0.455,pregrasp_collision,
239,cylinder,0.0,0.5,55.0,90.0,40239,0,0.01345,0.2426806390285492,0.20788,0.12079,25,1,,0,0.02358,-0.0,0.455,executed_dropped,
240,cylinder,0.0,0.5,60.0,0.0,240,0,0.01281,0.23151466250419617,0.2331,0.11654,23,0,target_object,0,,,0.455,pregrasp_collision,
241,cylinder,0.0,0.5,60.0,0.0,10241,0,0.01281,0.23151466250419617,0.23007,0.11878,30,0,target_object,0,,,0.455,pregrasp_collision,
242,cylinder,0.0,0.5,60.0,0.0,20242,0,0.01281,0.23151466250419617,0.22245,0.11973,21,0,target_object,0,,,0.455,pregrasp_collision,
243,cylinder,0.0,0.5,60.0,0.0,30243,0,0.01281,0.23151466250419617,0.23388,0.11631,25,0,target_object,0,,,0.455,pregrasp_collision,
244,cylinder,0.0,0.5,60.0,0.0,40244,0,0.01281,0.23151466250419617,0.22755,0.11891,27,1,,0,0.13772,-0.01895,0.436,executed_ejected,
245,cylinder,0.0,0.5,60.0,45.0,245,0,0.01284,0.23142781853675842,0.22621,0.11885,28,0,target_object,0,,,0.455,pregrasp_collision,
246,cylinder,0.0,0.5,60.0,45.0,10246,0,0.01284,0.23142781853675842,0.22829,0.12366,23,0,target_object,0,,,0.455,pregrasp_collision,
247,cylinder,0.0,0.5,60.0,45.0,20247,0,0.01284,0.23142781853675842,0.23105,0.12406,30,1,,0,0.04443,-0.0,0.455,executed_dropped,
248,cylinder,0.0,0.5,60.0,45.0,30248,0,0.01284,0.23142781853675842,0.23103,0.1237,30,1,,1,0.03439,0.14639,0.6014,success,
249,cylinder,0.0,0.5,60.0,45.0,40249,0,0.01284,0.23142781853675842,0.22694,0.1225,25,1,,1,0.01878,0.14381,0.5988,success,
250,cylinder,0.0,0.5,60.0,90.0,250,0,0.01281,0.23151475191116333,0.22228,0.12625,24,1,,1,0.03729,0.14721,0.6022,success,
251,cylinder,0.0,0.5,60.0,90.0,10251,0,0.01281,0.23151475191116333,0.21627,0.12494,21,0,target_object,0,,,0.455,pregrasp_collision,
252,cylinder,0.0,0.5,60.0,90.0,20252,0,0.01281,0.23151475191116333,0.21785,0.12244,20,1,,1,0.03889,0.14925,0.6042,success,
253,cylinder,0.0,0.5,60.0,90.0,30253,0,0.01281,0.23151475191116333,0.22498,0.1191,28,0,target_object,0,,,0.455,pregrasp_collision,
254,cylinder,0.0,0.5,60.0,90.0,40254,0,0.01281,0.23151475191116333,0.22862,0.11603,24,0,target_object,0,,,0.455,pregrasp_collision,
255,cylinder,0.0,0.5,65.0,0.0,255,0,0.01204,0.22037373483181,0.2381,0.12812,16,1,,0,0.06227,0.0,0.455,executed_dropped,
256,cylinder,0.0,0.5,65.0,0.0,10256,0,0.01204,0.22037373483181,0.2383,0.11966,21,0,target_object,0,,,0.455,pregrasp_collision,
257,cylinder,0.0,0.5,65.0,0.0,20257,0,0.01204,0.22037373483181,0.23264,0.12678,15,0,target_object,0,,,0.455,pregrasp_collision,
258,cylinder,0.0,0.5,65.0,0.0,30258,0,0.01204,0.22037373483181,0.22972,0.11898,16,1,,1,0.03356,0.14872,0.6037,success,
259,cylinder,0.0,0.5,65.0,0.0,40259,0,0.01204,0.22037373483181,0.23126,0.12164,18,1,,1,0.03441,0.14774,0.6027,success,
260,cylinder,0.0,0.5,65.0,45.0,260,0,0.0121,0.2203088402748108,0.23523,0.12528,21,0,target_object,0,,,0.455,pregrasp_collision,
261,cylinder,0.0,0.5,65.0,45.0,10261,0,0.0121,0.2203088402748108,0.23885,0.11941,19,0,target_object,0,,,0.455,pregrasp_collision,
262,cylinder,0.0,0.5,65.0,45.0,20262,0,0.0121,0.2203088402748108,0.23951,0.12461,21,0,target_object,0,,,0.455,pregrasp_collision,
263,cylinder,0.0,0.5,65.0,45.0,30263,0,0.0121,0.2203088402748108,0.23779,0.1191,21,0,target_object,0,,,0.455,pregrasp_collision,
264,cylinder,0.0,0.5,65.0,45.0,40264,0,0.0121,0.2203088402748108,0.24001,0.11809,18,0,target_object,0,,,0.455,pregrasp_collision,
265,cylinder,0.0,0.5,65.0,90.0,265,0,0.01204,0.22037380933761597,0.23623,0.12844,16,1,,1,0.02483,0.14451,0.5995,success,
266,cylinder,0.0,0.5,65.0,90.0,10266,0,0.01204,0.22037380933761597,0.24384,0.12403,14,0,target_object,0,,,0.455,pregrasp_collision,
267,cylinder,0.0,0.5,65.0,90.0,20267,0,0.01204,0.22037380933761597,0.23305,0.12872,16,1,,0,0.13773,-0.01895,0.436,executed_ejected,
268,cylinder,0.0,0.5,65.0,90.0,30268,0,0.01204,0.22037380933761597,0.22862,0.12545,16,1,,0,0.06493,-0.01898,0.436,executed_dropped,
269,cylinder,0.0,0.5,65.0,90.0,40269,0,0.01204,0.22037380933761597,0.23663,0.11866,17,0,target_object,0,,,0.455,pregrasp_collision,
270,cylinder,0.0,0.25,30.0,0.0,270,0,0.01517,0.25927630066871643,,,0,,,0,,,,no_grasps,no_grasps
271,cylinder,0.0,0.25,30.0,0.0,10271,0,0.01517,0.25927630066871643,0.15239,0.0555,2,0,target_object,0,,,0.455,pregrasp_collision,
272,cylinder,0.0,0.25,30.0,0.0,20272,0,0.01517,0.25927630066871643,,,0,,,0,,,,no_grasps,no_grasps
273,cylinder,0.0,0.25,30.0,0.0,30273,0,0.01517,0.25927630066871643,,,0,,,0,,,,no_grasps,no_grasps
274,cylinder,0.0,0.25,30.0,0.0,40274,0,0.01517,0.25927630066871643,0.15406,0.07125,1,0,target_object,0,,,0.455,pregrasp_collision,
275,cylinder,0.0,0.25,30.0,45.0,275,0,0.01518,0.2592492699623108,0.16854,0.04103,3,0,target_object,0,,,0.455,pregrasp_collision,
276,cylinder,0.0,0.25,30.0,45.0,10276,0,0.01518,0.2592492699623108,0.18713,0.03667,8,0,target_object,0,,,0.455,pregrasp_collision,
277,cylinder,0.0,0.25,30.0,45.0,20277,0,0.01518,0.2592492699623108,0.17189,0.04276,2,0,target_object,0,,,0.455,pregrasp_collision,
278,cylinder,0.0,0.25,30.0,45.0,30278,0,0.01518,0.2592492699623108,0.16813,0.03687,6,0,target_object,0,,,0.455,pregrasp_collision,
279,cylinder,0.0,0.25,30.0,45.0,40279,0,0.01518,0.2592492699623108,0.17751,0.0371,3,0,target_object,0,,,0.455,pregrasp_collision,
280,cylinder,0.0,0.25,30.0,90.0,280,0,0.01517,0.25927630066871643,0.17644,0.03908,13,0,target_object,0,,,0.455,pregrasp_collision,
281,cylinder,0.0,0.25,30.0,90.0,10281,0,0.01517,0.25927630066871643,0.16766,0.09103,12,0,target_object,0,,,0.455,pregrasp_collision,
282,cylinder,0.0,0.25,30.0,90.0,20282,0,0.01517,0.25927630066871643,0.17358,0.08805,11,0,target_object,0,,,0.455,pregrasp_collision,
283,cylinder,0.0,0.25,30.0,90.0,30283,0,0.01517,0.25927630066871643,0.1711,0.08816,6,0,target_object,0,,,0.455,pregrasp_collision,
284,cylinder,0.0,0.25,30.0,90.0,40284,0,0.01517,0.25927630066871643,0.17299,0.08935,11,0,target_object,0,,,0.455,pregrasp_collision,
285,cylinder,0.0,0.25,45.0,0.0,285,0,0.01445,0.2537956237792969,0.18431,0.1153,18,0,target_object,0,,,0.455,pregrasp_collision,
286,cylinder,0.0,0.25,45.0,0.0,10286,0,0.01445,0.2537956237792969,0.18217,0.10781,24,1,,1,0.02752,0.14877,0.6038,success,
287,cylinder,0.0,0.25,45.0,0.0,20287,0,0.01445,0.2537956237792969,0.18993,0.10855,21,0,target_object,0,,,0.455,pregrasp_collision,
288,cylinder,0.0,0.25,45.0,0.0,30288,0,0.01445,0.2537956237792969,0.18734,0.10644,24,0,target_object,0,,,0.455,pregrasp_collision,
289,cylinder,0.0,0.25,45.0,0.0,40289,0,0.01445,0.2537956237792969,0.1845,0.10857,34,1,,1,0.02718,0.14871,0.6037,success,
290,cylinder,0.0,0.25,45.0,45.0,290,0,0.01447,0.25376564264297485,0.19074,0.11263,33,0,target_object,0,,,0.455,pregrasp_collision,
291,cylinder,0.0,0.25,45.0,45.0,10291,0,0.01447,0.25376564264297485,0.18701,0.11392,33,0,target_object,0,,,0.455,pregrasp_collision,
292,cylinder,0.0,0.25,45.0,45.0,20292,0,0.01447,0.25376564264297485,0.18553,0.11404,27,0,target_object,0,,,0.455,pregrasp_collision,
293,cylinder,0.0,0.25,45.0,45.0,30293,0,0.01447,0.25376564264297485,0.18827,0.11406,27,0,target_object,0,,,0.455,pregrasp_collision,
294,cylinder,0.0,0.25,45.0,45.0,40294,0,0.01447,0.25376564264297485,0.19331,0.10638,39,1,,1,0.02645,0.14851,0.6035,success,
295,cylinder,0.0,0.25,45.0,90.0,295,0,0.01445,0.25379568338394165,0.18461,0.10785,25,0,target_object,0,,,0.455,pregrasp_collision,
296,cylinder,0.0,0.25,45.0,90.0,10296,0,0.01445,0.25379568338394165,0.18383,0.11531,16,0,target_object,0,,,0.455,pregrasp_collision,
297,cylinder,0.0,0.25,45.0,90.0,20297,0,0.01445,0.25379568338394165,0.18403,0.11008,22,0,target_object,0,,,0.455,pregrasp_collision,
298,cylinder,0.0,0.25,45.0,90.0,30298,0,0.01445,0.25379568338394165,0.18759,0.10853,32,0,target_object,0,,,0.455,pregrasp_collision,
299,cylinder,0.0,0.25,45.0,90.0,40299,0,0.01445,0.25379568338394165,0.18681,0.10795,26,1,,1,0.02725,0.14931,0.6043,success,
300,cylinder,0.0,0.25,50.0,0.0,300,0,0.01401,0.24828225374221802,0.19689,0.12383,12,1,,0,0.02167,0.00636,0.4613,executed_dropped,
301,cylinder,0.0,0.25,50.0,0.0,10301,0,0.01401,0.24828225374221802,0.19397,0.12449,16,1,,1,0.03709,0.14717,0.6022,success,
302,cylinder,0.0,0.25,50.0,0.0,20302,0,0.01401,0.24828225374221802,0.196,0.1052,16,0,target_object,0,,,0.455,pregrasp_collision,
303,cylinder,0.0,0.25,50.0,0.0,30303,0,0.01401,0.24828225374221802,0.18165,0.10566,10,0,target_object,0,,,0.455,pregrasp_collision,
304,cylinder,0.0,0.25,50.0,0.0,40304,0,0.01401,0.24828225374221802,0.18682,0.10522,12,0,target_object,0,,,0.455,pregrasp_collision,
305,cylinder,0.0,0.25,50.0,45.0,305,0,0.01402,0.24838709831237793,0.19109,0.12528,12,1,,1,0.03794,0.14856,0.6036,success,
306,cylinder,0.0,0.25,50.0,45.0,10306,0,0.01402,0.24838709831237793,0.19131,0.12517,8,0,target_object,0,,,0.455,pregrasp_collision,
307,cylinder,0.0,0.25,50.0,45.0,20307,0,0.01402,0.24838709831237793,0.1943,0.1252,11,1,,1,0.02438,0.14495,0.5999,success,
308,cylinder,0.0,0.25,50.0,45.0,30308,0,0.01402,0.24838709831237793,0.17123,0.10286,14,0,target_object,0,,,0.455,pregrasp_collision,
309,cylinder,0.0,0.25,50.0,45.0,40309,0,0.01402,0.24838709831237793,0.18438,0.12626,11,1,,1,0.02734,0.14531,0.6003,success,
310,cylinder,0.0,0.25,50.0,90.0,310,0,0.01401,0.2482822835445404,0.19841,0.11482,20,0,target_object,0,,,0.455,pregrasp_collision,
311,cylinder,0.0,0.25,50.0,90.0,10311,0,0.01401,0.2482822835445404,0.20213,0.11776,18,0,target_object,0,,,0.455,pregrasp_collision,
312,cylinder,0.0,0.25,50.0,90.0,20312,0,0.01401,0.2482822835445404,0.19372,0.11079,22,0,target_object,0,,,0.455,pregrasp_collision,
313,cylinder,0.0,0.25,50.0,90.0,30313,0,0.01401,0.2482822835445404,0.20282,0.11533,23,1,,1,0.02756,0.14744,0.6024,success,
314,cylinder,0.0,0.25,50.0,90.0,40314,0,0.01401,0.2482822835445404,0.19575,0.1182,22,0,target_object,0,,,0.455,pregrasp_collision,
315,cylinder,0.0,0.25,55.0,0.0,315,0,0.01345,0.24268057942390442,0.20725,0.1093,2,0,target_object,0,,,0.455,pregrasp_collision,
316,cylinder,0.0,0.25,55.0,0.0,10316,0,0.01345,0.24268057942390442,0.20068,0.11089,5,0,target_object,0,,,0.455,pregrasp_collision,
317,cylinder,0.0,0.25,55.0,0.0,20317,0,0.01345,0.24268057942390442,0.20244,0.11097,3,0,target_object,0,,,0.455,pregrasp_collision,
318,cylinder,0.0,0.25,55.0,0.0,30318,0,0.01345,0.24268057942390442,0.19454,0.1061,3,0,target_object,0,,,0.455,pregrasp_collision,
319,cylinder,0.0,0.25,55.0,0.0,40319,0,0.01345,0.24268057942390442,0.19601,0.11163,4,1,,1,0.02631,0.14893,0.6039,success,
320,cylinder,0.0,0.25,55.0,45.0,320,0,0.01344,0.23981651663780212,0.21603,0.11771,14,0,target_object,0,,,0.455,pregrasp_collision,
321,cylinder,0.0,0.25,55.0,45.0,10321,0,0.01344,0.23981651663780212,0.21993,0.11698,15,0,target_object,0,,,0.455,pregrasp_collision,
322,cylinder,0.0,0.25,55.0,45.0,20322,0,0.01344,0.23981651663780212,0.20305,0.12396,17,1,,1,0.03697,0.14842,0.6034,success,
323,cylinder,0.0,0.25,55.0,45.0,30323,0,0.01344,0.23981651663780212,0.21096,0.11547,15,0,target_object,0,,,0.455,pregrasp_collision,
324,cylinder,0.0,0.25,55.0,45.0,40324,0,0.01344,0.23981651663780212,0.22043,0.11694,13,0,target_object,0,,,0.455,pregrasp_collision,
325,cylinder,0.0,0.25,55.0,90.0,325,0,0.01345,0.2426806390285492,,,0,,,0,,,,no_grasps,no_grasps
326,cylinder,0.0,0.25,55.0,90.0,10326,0,0.01345,0.2426806390285492,0.20655,0.11031,3,0,target_object,0,,,0.455,pregrasp_collision,
327,cylinder,0.0,0.25,55.0,90.0,20327,0,0.01345,0.2426806390285492,,,0,,,0,,,,no_grasps,no_grasps
328,cylinder,0.0,0.25,55.0,90.0,30328,0,0.01345,0.2426806390285492,0.18523,0.11014,2,0,target_object,0,,,0.455,pregrasp_collision,
329,cylinder,0.0,0.25,55.0,90.0,40329,0,0.01345,0.2426806390285492,0.19341,0.10616,4,0,target_object,0,,,0.455,pregrasp_collision,
330,cylinder,0.0,0.25,60.0,0.0,330,0,0.01281,0.23151466250419617,0.22891,0.11202,16,0,target_object,0,,,0.455,pregrasp_collision,
331,cylinder,0.0,0.25,60.0,0.0,10331,0,0.01281,0.23151466250419617,0.2167,0.11331,10,1,,1,0.02729,0.149,0.604,success,
332,cylinder,0.0,0.25,60.0,0.0,20332,0,0.01281,0.23151466250419617,0.21582,0.10824,13,0,target_object,0,,,0.455,pregrasp_collision,
333,cylinder,0.0,0.25,60.0,0.0,30333,0,0.01281,0.23151466250419617,0.19637,0.10766,6,0,target_object,0,,,0.455,pregrasp_collision,
334,cylinder,0.0,0.25,60.0,0.0,40334,0,0.01281,0.23151466250419617,0.22227,0.10742,18,0,target_object,0,,,0.455,pregrasp_collision,
335,cylinder,0.0,0.25,60.0,45.0,335,0,0.01284,0.23142781853675842,0.18629,0.13136,1,0,target_object,0,,,0.455,pregrasp_collision,
336,cylinder,0.0,0.25,60.0,45.0,10336,0,0.01284,0.23142781853675842,,,0,,,0,,,,no_grasps,no_grasps
337,cylinder,0.0,0.25,60.0,45.0,20337,0,0.01284,0.23142781853675842,0.16413,0.10795,1,0,target_object,0,,,0.455,pregrasp_collision,
338,cylinder,0.0,0.25,60.0,45.0,30338,0,0.01284,0.23142781853675842,,,0,,,0,,,,no_grasps,no_grasps
339,cylinder,0.0,0.25,60.0,45.0,40339,0,0.01284,0.23142781853675842,,,0,,,0,,,,no_grasps,no_grasps
340,cylinder,0.0,0.25,60.0,90.0,340,0,0.01281,0.23151475191116333,0.22867,0.11236,11,0,target_object,0,,,0.455,pregrasp_collision,
341,cylinder,0.0,0.25,60.0,90.0,10341,0,0.01281,0.23151475191116333,0.2288,0.11214,9,0,target_object,0,,,0.455,pregrasp_collision,
342,cylinder,0.0,0.25,60.0,90.0,20342,0,0.01281,0.23151475191116333,0.2324,0.11296,10,0,target_object,0,,,0.455,pregrasp_collision,
343,cylinder,0.0,0.25,60.0,90.0,30343,0,0.01281,0.23151475191116333,0.22411,0.10676,11,0,target_object,0,,,0.455,pregrasp_collision,
344,cylinder,0.0,0.25,60.0,90.0,40344,0,0.01281,0.23151475191116333,0.23023,0.11275,14,0,target_object,0,,,0.455,pregrasp_collision,
345,cylinder,0.0,0.25,65.0,0.0,345,0,0.01204,0.22037373483181,0.2323,0.12589,4,0,target_object,0,,,0.455,pregrasp_collision,
346,cylinder,0.0,0.25,65.0,0.0,10346,0,0.01204,0.22037373483181,0.25073,0.11928,6,0,target_object,0,,,0.455,pregrasp_collision,
347,cylinder,0.0,0.25,65.0,0.0,20347,0,0.01204,0.22037373483181,0.25363,0.11927,5,0,target_object,0,,,0.455,pregrasp_collision,
348,cylinder,0.0,0.25,65.0,0.0,30348,0,0.01204,0.22037373483181,0.25243,0.1272,4,0,target_object,0,,,0.455,pregrasp_collision,
349,cylinder,0.0,0.25,65.0,0.0,40349,0,0.01204,0.22037373483181,0.25199,0.12202,4,1,,1,0.03499,0.14878,0.6038,success,
350,cylinder,0.0,0.25,65.0,45.0,350,0,0.0121,0.2203088402748108,0.22978,0.11379,11,0,target_object,0,,,0.455,pregrasp_collision,
351,cylinder,0.0,0.25,65.0,45.0,10351,0,0.0121,0.2203088402748108,0.22124,0.11549,14,0,target_object,0,,,0.455,pregrasp_collision,
352,cylinder,0.0,0.25,65.0,45.0,20352,0,0.0121,0.2203088402748108,0.21667,0.1054,10,0,target_object,0,,,0.455,pregrasp_collision,
353,cylinder,0.0,0.25,65.0,45.0,30353,0,0.0121,0.2203088402748108,0.22872,0.11472,10,1,,1,0.02653,0.14884,0.6038,success,
354,cylinder,0.0,0.25,65.0,45.0,40354,0,0.0121,0.2203088402748108,0.23199,0.11408,10,1,,1,0.02682,0.14908,0.6041,success,
355,cylinder,0.0,0.25,65.0,90.0,355,0,0.01204,0.22037380933761597,0.25586,0.12214,5,0,target_object,0,,,0.455,pregrasp_collision,
356,cylinder,0.0,0.25,65.0,90.0,10356,0,0.01204,0.22037380933761597,0.24921,0.11782,8,0,target_object,0,,,0.455,pregrasp_collision,
357,cylinder,0.0,0.25,65.0,90.0,20357,0,0.01204,0.22037380933761597,0.26772,0.12496,6,0,target_object,0,,,0.455,pregrasp_collision,
358,cylinder,0.0,0.25,65.0,90.0,30358,0,0.01204,0.22037380933761597,0.25653,0.12126,5,1,,0,0.13537,-0.0143,0.4407,executed_ejected,
359,cylinder,0.0,0.25,65.0,90.0,40359,0,0.01204,0.22037380933761597,0.24832,0.11817,6,0,target_object,0,,,0.455,pregrasp_collision,
360,cylinder,0.0025,1.0,30.0,0.0,360,0,0.01517,0.260539174079895,0.24899,0.01431,136,0,target_object,0,,,0.455,pregrasp_collision,
361,cylinder,0.0025,1.0,30.0,0.0,10361,0,0.01517,0.2603985667228699,0.27822,0.01267,137,1,,1,0.00168,0.15004,0.605,success,
362,cylinder,0.0025,1.0,30.0,0.0,20362,0,0.01517,0.2610023617744446,0.2291,0.02675,103,1,,1,0.00643,0.15058,0.6056,success,
363,cylinder,0.0025,1.0,30.0,0.0,30363,0,0.01517,0.26026928424835205,0.20051,0.01439,64,0,target_object,0,,,0.455,pregrasp_collision,
364,cylinder,0.0025,1.0,30.0,0.0,40364,0,0.01517,0.2604105472564697,0.27894,0.00469,166,1,,1,0.00249,0.15013,0.6051,success,
365,cylinder,0.0025,1.0,30.0,45.0,365,0,0.01518,0.2606762647628784,0.27667,0.0155,132,0,target_object,0,,,0.455,pregrasp_collision,
366,cylinder,0.0025,1.0,30.0,45.0,10366,0,0.01518,0.26075607538223267,0.26056,0.01582,118,1,,1,0.00433,0.14992,0.6049,success,
367,cylinder,0.0025,1.0,30.0,45.0,20367,0,0.01518,0.26024943590164185,0.28214,0.01077,149,1,,1,0.00138,0.14986,0.6048,success,
368,cylinder,0.0025,1.0,30.0,45.0,30368,0,0.01518,0.2602865695953369,0.2721,0.00617,142,0,target_object,0,,,0.455,pregrasp_collision,
369,cylinder,0.0025,1.0,30.0,45.0,40369,0,0.01518,0.26062482595443726,0.28942,0.01983,141,0,target_object,0,,,0.455,pregrasp_collision,
370,cylinder,0.0025,1.0,30.0,90.0,370,0,0.01517,0.2602016031742096,0.25296,0.01347,148,1,,1,0.00289,0.15022,0.6052,success,
371,cylinder,0.0025,1.0,30.0,90.0,10371,0,0.01517,0.2602379322052002,0.2336,0.02122,106,0,target_object,0,,,0.455,pregrasp_collision,
372,cylinder,0.0025,1.0,30.0,90.0,20372,0,0.01517,0.26023948192596436,0.2649,0.01754,128,0,target_object,0,,,0.455,pregrasp_collision,
373,cylinder,0.0025,1.0,30.0,90.0,30373,0,0.01517,0.2606488764286041,0.26528,0.01269,147,0,target_object,0,,,0.455,pregrasp_collision,
374,cylinder,0.0025,1.0,30.0,90.0,40374,0,0.01517,0.2605639696121216,0.25222,0.01293,109,0,target_object,0,,,0.455,pregrasp_collision,
375,cylinder,0.0025,1.0,45.0,0.0,375,0,0.01445,0.25524866580963135,0.27006,0.02529,68,0,target_object,0,,,0.455,pregrasp_collision,
376,cylinder,0.0025,1.0,45.0,0.0,10376,0,0.01445,0.25475162267684937,0.24831,0.03049,63,0,target_object,0,,,0.455,pregrasp_collision,
377,cylinder,0.0025,1.0,45.0,0.0,20377,0,0.01445,0.255079984664917,0.25751,0.02632,66,0,target_object,0,,,0.455,pregrasp_collision,
378,cylinder,0.0025,1.0,45.0,0.0,30378,0,0.01445,0.25480014085769653,0.26292,0.02131,85,1,,1,0.00601,0.1501,0.6051,success,
379,cylinder,0.0025,1.0,45.0,0.0,40379,0,0.01445,0.25457221269607544,0.25363,0.01971,59,1,,1,0.00483,0.15065,0.6056,success,
380,cylinder,0.0025,1.0,45.0,45.0,380,0,0.01447,0.2546820044517517,0.24695,0.02472,74,1,,1,0.0068,0.1499,0.6049,success,
381,cylinder,0.0025,1.0,45.0,45.0,10381,0,0.01447,0.25506335496902466,0.26608,0.03161,76,0,target_object,0,,,0.455,pregrasp_collision,
382,cylinder,0.0025,1.0,45.0,45.0,20382,0,0.01447,0.25498253107070923,0.2515,0.03079,63,0,target_object,0,,,0.455,pregrasp_collision,
383,cylinder,0.0025,1.0,45.0,45.0,30383,0,0.01447,0.25430721044540405,0.26422,0.02883,70,0,target_object,0,,,0.455,pregrasp_collision,
384,cylinder,0.0025,1.0,45.0,45.0,40384,0,0.01447,0.2545345425605774,0.26323,0.0225,61,0,target_object,0,,,0.455,pregrasp_collision,
385,cylinder,0.0025,1.0,45.0,90.0,385,0,0.01445,0.25493839383125305,0.24512,0.03209,60,0,target_object,0,,,0.455,pregrasp_collision,
386,cylinder,0.0025,1.0,45.0,90.0,10386,0,0.01445,0.25500714778900146,0.23934,0.01929,64,0,target_object,0,,,0.455,pregrasp_collision,
387,cylinder,0.0025,1.0,45.0,90.0,20387,0,0.01445,0.2553543746471405,0.23591,0.02765,59,0,target_object,0,,,0.455,pregrasp_collision,
388,cylinder,0.0025,1.0,45.0,90.0,30388,0,0.01445,0.2550826966762543,0.28343,0.01804,91,1,,1,0.00519,0.14963,0.6046,success,
389,cylinder,0.0025,1.0,45.0,90.0,40389,0,0.01445,0.25472524762153625,0.24197,0.03365,57,0,target_object,0,,,0.455,pregrasp_collision,
390,cylinder,0.0025,1.0,50.0,0.0,390,0,0.01401,0.24895739555358887,0.23391,0.03388,52,0,target_object,0,,,0.455,pregrasp_collision,
391,cylinder,0.0025,1.0,50.0,0.0,10391,0,0.01401,0.24864079058170319,0.26037,0.02963,57,0,target_object,0,,,0.455,pregrasp_collision,
392,cylinder,0.0025,1.0,50.0,0.0,20392,0,0.01401,0.24933183193206787,0.23685,0.03688,57,0,target_object,0,,,0.455,pregrasp_collision,
393,cylinder,0.0025,1.0,50.0,0.0,30393,0,0.01401,0.2495344579219818,0.24872,0.02889,59,1,,1,0.0056,0.14998,0.605,success,
394,cylinder,0.0025,1.0,50.0,0.0,40394,0,0.01401,0.25014498829841614,0.24942,0.03295,58,0,target_object,0,,,0.455,pregrasp_collision,
395,cylinder,0.0025,1.0,50.0,45.0,395,0,0.01402,0.24935230612754822,0.26259,0.03457,65,0,target_object,0,,,0.455,pregrasp_collision,
396,cylinder,0.0025,1.0,50.0,45.0,10396,0,0.01402,0.24941053986549377,0.24865,0.02498,66,1,,1,0.005,0.14992,0.6049,success,
397,cylinder,0.0025,1.0,50.0,45.0,20397,0,0.01402,0.2487558126449585,0.26105,0.03113,65,0,target_object,0,,,0.455,pregrasp_collision,
398,cylinder,0.0025,1.0,50.0,45.0,30398,0,0.01402,0.24854037165641785,0.26806,0.01432,62,0,target_object,0,,,0.455,pregrasp_collision,
399,cylinder,0.0025,1.0,50.0,45.0,40399,0,0.01402,0.24934706091880798,0.25468,0.02135,62,1,,1,0.00359,0.15001,0.605,success,
400,cylinder,0.0025,1.0,50.0,90.0,400,0,0.01401,0.24902646243572235,0.25661,0.03688,57,0,target_object,0,,,0.455,pregrasp_collision,
401,cylinder,0.0025,1.0,50.0,90.0,10401,0,0.01401,0.2502320110797882,0.23822,0.00308,52,0,target_object,0,,,0.455,pregrasp_collision,
402,cylinder,0.0025,1.0,50.0,90.0,20402,0,0.01401,0.24931427836418152,0.28387,0.02006,69,1,,1,0.00491,0.14993,0.6049,success,
403,cylinder,0.0025,1.0,50.0,90.0,30403,0,0.01401,0.24891190230846405,0.21825,0.0115,53,0,target_object,0,,,0.455,pregrasp_collision,
404,cylinder,0.0025,1.0,50.0,90.0,40404,0,0.01401,0.24866488575935364,0.25564,0.02178,63,1,,1,0.00442,0.14951,0.6045,success,
405,cylinder,0.0025,1.0,55.0,0.0,405,0,0.01345,0.24303528666496277,0.23871,0.02527,49,1,,1,0.00544,0.14982,0.6048,success,
406,cylinder,0.0025,1.0,55.0,0.0,10406,0,0.01345,0.24314641952514648,0.23267,0.03407,57,0,target_object,0,,,0.455,pregrasp_collision,
407,cylinder,0.0025,1.0,55.0,0.0,20407,0,0.01345,0.24332892894744873,0.2335,0.00759,54,1,,1,0.00509,0.15015,0.6051,success,
408,cylinder,0.0025,1.0,55.0,0.0,30408,0,0.01345,0.243479385972023,0.22858,0.0153,52,0,target_object,0,,,0.455,pregrasp_collision,
409,cylinder,0.0025,1.0,55.0,0.0,40409,0,0.01345,0.24306541681289673,0.24841,0.02571,51,1,,1,0.00553,0.14991,0.6049,success,
410,cylinder,0.0025,1.0,55.0,45.0,410,0,0.01344,0.24063244462013245,0.23813,0.00351,58,1,,1,0.00169,0.15,0.605,success,
411,cylinder,0.0025,1.0,55.0,45.0,10411,0,0.01344,0.24119433760643005,0.23758,0.03396,54,0,target_object,0,,,0.455,pregrasp_collision,
412,cylinder,0.0025,1.0,55.0,45.0,20412,0,0.01344,0.24083811044692993,0.23444,0.02795,51,1,,1,0.0044,0.14944,0.6044,success,
413,cylinder,0.0025,1.0,55.0,45.0,30413,0,0.01344,0.24084177613258362,0.23887,0.00826,57,1,,1,0.00326,0.15015,0.6051,success,
414,cylinder,0.0025,1.0,55.0,45.0,40414,0,0.01344,0.24089789390563965,0.23207,0.03558,53,0,target_object,0,,,0.455,pregrasp_collision,
415,cylinder,0.0025,1.0,55.0,90.0,415,0,0.01345,0.2433995008468628,0.24848,0.0524,69,0,target_object,0,,,0.455,pregrasp_collision,
416,cylinder,0.0025,1.0,55.0,90.0,10416,0,0.01345,0.24328267574310303,0.24475,0.04324,59,0,target_object,0,,,0.455,pregrasp_collision,
417,cylinder,0.0025,1.0,55.0,90.0,20417,0,0.01345,0.24286721646785736,0.23904,0.04117,49,0,target_object,0,,,0.455,pregrasp_collision,
418,cylinder,0.0025,1.0,55.0,90.0,30418,0,0.01345,0.24352043867111206,0.24524,0.04381,58,0,target_object,0,,,0.455,pregrasp_collision,
419,cylinder,0.0025,1.0,55.0,90.0,40419,0,0.01345,0.24267739057540894,0.23974,0.03835,59,0,target_object,0,,,0.455,pregrasp_collision,
420,cylinder,0.0025,1.0,60.0,0.0,420,0,0.01281,0.23293156921863556,0.22233,0.00438,43,1,,1,0.00465,0.14982,0.6048,success,
421,cylinder,0.0025,1.0,60.0,0.0,10421,0,0.01281,0.2327250838279724,0.23169,0.04459,45,0,target_object,0,,,0.455,pregrasp_collision,
422,cylinder,0.0025,1.0,60.0,0.0,20422,0,0.01281,0.23340846598148346,0.22581,0.02399,42,1,,1,0.00524,0.14997,0.605,success,
423,cylinder,0.0025,1.0,60.0,0.0,30423,0,0.01281,0.23242610692977905,0.22953,0.01549,49,0,target_object,0,,,0.455,pregrasp_collision,
424,cylinder,0.0025,1.0,60.0,0.0,40424,0,0.01281,0.23467254638671875,0.23612,0.01046,48,0,target_object,0,,,0.455,pregrasp_collision,
425,cylinder,0.0025,1.0,60.0,45.0,425,0,0.01284,0.2360306978225708,0.23431,0.00439,45,0,target_object,0,,,0.455,pregrasp_collision,
426,cylinder,0.0025,1.0,60.0,45.0,10426,0,0.01284,0.23234035074710846,0.2451,0.01278,50,0,target_object,0,,,0.455,pregrasp_collision,
427,cylinder,0.0025,1.0,60.0,45.0,20427,0,0.01284,0.23421216011047363,0.23261,0.01099,47,0,target_object,0,,,0.455,pregrasp_collision,
428,cylinder,0.0025,1.0,60.0,45.0,30428,0,0.01284,0.232579305768013,0.22967,0.01402,45,1,,1,0.00109,0.1499,0.6049,success,
429,cylinder,0.0025,1.0,60.0,45.0,40429,0,0.01284,0.23348665237426758,0.23536,0.0423,45,0,target_object,0,,,0.455,pregrasp_collision,
430,cylinder,0.0025,1.0,60.0,90.0,430,0,0.01281,0.2325906753540039,0.2342,0.0354,36,0,target_object,0,,,0.455,pregrasp_collision,
431,cylinder,0.0025,1.0,60.0,90.0,10431,0,0.01281,0.23267310857772827,0.23736,0.00826,47,1,,1,0.0019,0.14995,0.6049,success,
432,cylinder,0.0025,1.0,60.0,90.0,20432,0,0.01281,0.2327301800251007,0.22988,0.00783,50,0,target_object,0,,,0.455,pregrasp_collision,
433,cylinder,0.0025,1.0,60.0,90.0,30433,0,0.01281,0.23211181163787842,0.22692,0.0224,49,0,target_object,0,,,0.455,pregrasp_collision,
434,cylinder,0.0025,1.0,60.0,90.0,40434,0,0.01281,0.23274539411067963,0.23232,0.03514,46,0,target_object,0,,,0.455,pregrasp_collision,
435,cylinder,0.0025,1.0,65.0,0.0,435,0,0.01204,0.22292089462280273,0.2362,0.11076,39,1,,1,0.0302,0.14836,0.6034,success,
436,cylinder,0.0025,1.0,65.0,0.0,10436,0,0.01204,0.23034155368804932,0.23858,0.01712,47,0,target_object,0,,,0.455,pregrasp_collision,
437,cylinder,0.0025,1.0,65.0,0.0,20437,0,0.01204,0.22431564331054688,0.24157,0.0213,43,0,target_object,0,,,0.455,pregrasp_collision,
438,cylinder,0.0025,1.0,65.0,0.0,30438,0,0.01204,0.22620415687561035,0.23789,0.05017,45,0,target_object,0,,,0.455,pregrasp_collision,
439,cylinder,0.0025,1.0,65.0,0.0,40439,0,0.01204,0.23097002506256104,0.2388,0.11613,41,0,target_object,0,,,0.455,pregrasp_collision,
440,cylinder,0.0025,1.0,65.0,45.0,440,0,0.0121,0.23353290557861328,0.22078,0.04778,37,0,target_object,0,,,0.455,pregrasp_collision,
441,cylinder,0.0025,1.0,65.0,45.0,10441,0,0.0121,0.2380620241165161,0.24778,0.11336,40,1,,1,0.03126,0.14736,0.6024,success,
442,cylinder,0.0025,1.0,65.0,45.0,20442,0,0.0121,0.23274338245391846,0.23249,0.03067,40,0,target_object,0,,,0.455,pregrasp_collision,
443,cylinder,0.0025,1.0,65.0,45.0,30443,0,0.0121,0.2352055311203003,0.23875,0.04057,43,0,target_object,0,,,0.455,pregrasp_collision,
444,cylinder,0.0025,1.0,65.0,45.0,40444,0,0.0121,0.23144769668579102,0.24129,0.11306,42,0,target_object,0,,,0.455,pregrasp_collision,
445,cylinder,0.0025,1.0,65.0,90.0,445,0,0.01204,0.2289973497390747,0.25807,0.01409,40,0,target_object,0,,,0.455,pregrasp_collision,
446,cylinder,0.0025,1.0,65.0,90.0,10446,0,0.01204,0.23540592193603516,0.23808,0.04509,44,0,target_object,0,,,0.455,pregrasp_collision,
447,cylinder,0.0025,1.0,65.0,90.0,20447,0,0.01204,0.22639179229736328,0.23369,0.04738,41,0,target_object,0,,,0.455,pregrasp_collision,
448,cylinder,0.0025,1.0,65.0,90.0,30448,0,0.01204,0.22688889503479004,0.23253,0.04679,44,0,target_object,0,,,0.455,pregrasp_collision,
449,cylinder,0.0025,1.0,65.0,90.0,40449,0,0.01204,0.2269754409790039,0.2452,0.01768,35,0,target_object,0,,,0.455,pregrasp_collision,
450,cylinder,0.0025,0.75,30.0,0.0,450,0,0.01517,0.26026010513305664,0.19751,0.0817,23,0,target_object,0,,,0.455,pregrasp_collision,
451,cylinder,0.0025,0.75,30.0,0.0,10451,0,0.01517,0.2606685161590576,0.18679,0.08408,33,0,target_object,0,,,0.455,pregrasp_collision,
452,cylinder,0.0025,0.75,30.0,0.0,20452,0,0.01517,0.26029419898986816,0.18262,0.08124,17,0,target_object,0,,,0.455,pregrasp_collision,
453,cylinder,0.0025,0.75,30.0,0.0,30453,0,0.01517,0.2599917948246002,0.20212,0.07974,49,1,,1,0.0283,0.14841,0.6034,success,
454,cylinder,0.0025,0.75,30.0,0.0,40454,0,0.01517,0.26058804988861084,0.19523,0.08015,22,0,target_object,0,,,0.455,pregrasp_collision,
455,cylinder,0.0025,0.75,30.0,45.0,455,0,0.01518,0.26004770398139954,0.17656,0.08532,14,0,target_object,0,,,0.455,pregrasp_collision,
456,cylinder,0.0025,0.75,30.0,45.0,10456,0,0.01518,0.2609040439128876,0.20329,0.07991,39,0,target_object,0,,,0.455,pregrasp_collision,
457,cylinder,0.0025,0.75,30.0,45.0,20457,0,0.01518,0.259906530380249,0.18616,0.08031,34,0,target_object,0,,,0.455,pregrasp_collision,
458,cylinder,0.0025,0.75,30.0,45.0,30458,0,0.01518,0.2604134678840637,0.18031,0.08555,23,1,,1,0.02748,0.14845,0.6034,success,
459,cylinder,0.0025,0.75,30.0,45.0,40459,0,0.01518,0.26131483912467957,0.19294,0.08015,23,1,,1,0.02772,0.14878,0.6038,success,
460,cylinder,0.0025,0.75,30.0,90.0,460,0,0.01517,0.26078492403030396,0.19444,0.07897,23,0,target_object,0,,,0.455,pregrasp_collision,
461,cylinder,0.0025,0.75,30.0,90.0,10461,0,0.01517,0.260453999042511,0.19167,0.07734,18,0,target_object,0,,,0.455,pregrasp_collision,
462,cylinder,0.0025,0.75,30.0,90.0,20462,0,0.01517,0.2602539360523224,0.20721,0.07504,26,0,target_object,0,,,0.455,pregrasp_collision,
463,cylinder,0.0025,0.75,30.0,90.0,30463,0,0.01517,0.2602401375770569,0.18047,0.08432,20,0,target_object,0,,,0.455,pregrasp_collision,
464,cylinder,0.0025,0.75,30.0,90.0,40464,0,0.01517,0.2607766389846802,0.18712,0.07748,28,1,,1,0.00564,0.1454,0.6004,success,
465,cylinder,0.0025,0.75,45.0,0.0,465,0,0.01445,0.2542229890823364,0.22838,0.09358,28,0,target_object,0,,,0.455,pregrasp_collision,
466,cylinder,0.0025,0.75,45.0,0.0,10466,0,0.01445,0.25470975041389465,0.21251,0.09534,32,1,,1,0.03361,0.14744,0.6024,success,
467,cylinder,0.0025,0.75,45.0,0.0,20467,0,0.01445,0.2547723054885864,0.21714,0.09961,32,0,target_object,0,,,0.455,pregrasp_collision,
468,cylinder,0.0025,0.75,45.0,0.0,30468,0,0.01445,0.2547527849674225,0.22569,0.09772,36,0,target_object,0,,,0.455,pregrasp_collision,
469,cylinder,0.0025,0.75,45.0,0.0,40469,0,0.01445,0.2550656795501709,0.22111,0.09084,29,0,target_object,0,,,0.455,pregrasp_collision,
470,cylinder,0.0025,0.75,45.0,45.0,470,0,0.01447,0.2549018859863281,0.23706,0.08668,35,0,target_object,0,,,0.455,pregrasp_collision,
471,cylinder,0.0025,0.75,45.0,45.0,10471,0,0.01447,0.2544494867324829,0.21298,0.09816,31,1,,0,0.09682,-0.01896,0.436,executed_ejected,
472,cylinder,0.0025,0.75,45.0,45.0,20472,0,0.01447,0.25465962290763855,0.21269,0.08733,28,0,target_object,0,,,0.455,pregrasp_collision,
473,cylinder,0.0025,0.75,45.0,45.0,30473,0,0.01447,0.2545531690120697,0.22086,0.09775,28,0,target_object,0,,,0.455,pregrasp_collision,
474,cylinder,0.0025,0.75,45.0,45.0,40474,0,0.01447,0.2553480267524719,0.23439,0.09527,31,0,target_object,0,,,0.455,pregrasp_collision,
475,cylinder,0.0025,0.75,45.0,90.0,475,0,0.01445,0.2551637887954712,0.23153,0.09631,24,0,target_object,0,,,0.455,pregrasp_collision,
476,cylinder,0.0025,0.75,45.0,90.0,10476,0,0.01445,0.25489217042922974,0.22185,0.09938,30,0,target_object,0,,,0.455,pregrasp_collision,
477,cylinder,0.0025,0.75,45.0,90.0,20477,0,0.01445,0.2547142803668976,0.21688,0.09536,26,0,target_object,0,,,0.455,pregrasp_collision,
478,cylinder,0.0025,0.75,45.0,90.0,30478,0,0.01445,0.2551279067993164,0.22535,0.10111,39,0,target_object,0,,,0.455,pregrasp_collision,
479,cylinder,0.0025,0.75,45.0,90.0,40479,0,0.01445,0.2547924518585205,0.22087,0.09493,25,0,target_object,0,,,0.455,pregrasp_collision,
480,cylinder,0.0025,0.75,50.0,0.0,480,0,0.01401,0.24906566739082336,0.21209,0.09635,27,0,target_object,0,,,0.455,pregrasp_collision,
481,cylinder,0.0025,0.75,50.0,0.0,10481,0,0.01401,0.2492128312587738,0.22323,0.09618,26,1,,1,0.0328,0.14826,0.6033,success,
482,cylinder,0.0025,0.75,50.0,0.0,20482,0,0.01401,0.24916017055511475,0.22049,0.09779,28,0,target_object,0,,,0.455,pregrasp_collision,
483,cylinder,0.0025,0.75,50.0,0.0,30483,0,0.01401,0.24922128021717072,0.23892,0.0954,34,0,target_object,0,,,0.455,pregrasp_collision,
484,cylinder,0.0025,0.75,50.0,0.0,40484,0,0.01401,0.24867820739746094,0.23719,0.0989,27,0,target_object,0,,,0.455,pregrasp_collision,
485,cylinder,0.0025,0.75,50.0,45.0,485,0,0.01402,0.24889123439788818,0.22724,0.09902,21,0,target_object,0,,,0.455,pregrasp_collision,
486,cylinder,0.0025,0.75,50.0,45.0,10486,0,0.01402,0.24930980801582336,0.22821,0.1022,32,0,target_object,0,,,0.455,pregrasp_collision,
487,cylinder,0.0025,0.75,50.0,45.0,20487,0,0.01402,0.24875852465629578,0.22516,0.1039,30,0,target_object,0,,,0.455,pregrasp_collision,
488,cylinder,0.0025,0.75,50.0,45.0,30488,0,0.01402,0.24966034293174744,0.22863,0.09406,29,0,target_object,0,,,0.455,pregrasp_collision,
489,cylinder,0.0025,0.75,50.0,45.0,40489,0,0.01402,0.24990901350975037,0.22363,0.10343,30,0,target_object,0,,,0.455,pregrasp_collision,
490,cylinder,0.0025,0.75,50.0,90.0,490,0,0.01401,0.24911677837371826,0.23151,0.10195,20,0,target_object,0,,,0.455,pregrasp_collision,
491,cylinder,0.0025,0.75,50.0,90.0,10491,0,0.01401,0.2490917146205902,0.22417,0.09706,29,1,,1,0.0267,0.14737,0.6024,success,
492,cylinder,0.0025,0.75,50.0,90.0,20492,0,0.01401,0.24856363236904144,0.22566,0.09881,27,1,,0,0.11508,-0.01899,0.436,executed_ejected,
493,cylinder,0.0025,0.75,50.0,90.0,30493,0,0.01401,0.2491154670715332,0.2253,0.1001,31,0,target_object,0,,,0.455,pregrasp_collision,
494,cylinder,0.0025,0.75,50.0,90.0,40494,0,0.01401,0.24920570850372314,0.22562,0.1048,26,0,target_object,0,,,0.455,pregrasp_collision,
495,cylinder,0.0025,0.75,55.0,0.0,495,0,0.01345,0.24275636672973633,0.21176,0.10417,36,1,,1,0.0327,0.14901,0.604,success,
496,cylinder,0.0025,0.75,55.0,0.0,10496,0,0.01345,0.24473488330841064,0.24189,0.10683,38,0,target_object,0,,,0.455,pregrasp_collision,
497,cylinder,0.0025,0.75,55.0,0.0,20497,0,0.01345,0.2426697015762329,0.24785,0.09877,27,0,target_object,0,,,0.455,pregrasp_collision,
498,cylinder,0.0025,0.75,55.0,0.0,30498,0,0.01345,0.24318361282348633,0.22813,0.10894,37,1,,1,0.03691,0.1486,0.6036,success,
499,cylinder,0.0025,0.75,55.0,0.0,40499,0,0.01345,0.24342761933803558,0.22342,0.10942,34,0,target_object,0,,,0.455,pregrasp_collision,
500,cylinder,0.0025,0.75,55.0,45.0,500,0,0.01344,0.24110040068626404,0.23572,0.0955,36,0,target_object,0,,,0.455,pregrasp_collision,
501,cylinder,0.0025,0.75,55.0,45.0,10501,0,0.01344,0.2405673712491989,0.22448,0.10462,40,1,,1,0.03099,0.14707,0.6021,success,
502,cylinder,0.0025,0.75,55.0,45.0,20502,0,0.01344,0.24114367365837097,0.24327,0.10543,29,0,target_object,0,,,0.455,pregrasp_collision,
503,cylinder,0.0025,0.75,55.0,45.0,30503,0,0.01344,0.24092364311218262,0.20599,0.10868,22,1,,1,0.02631,0.14806,0.6031,success,
504,cylinder,0.0025,0.75,55.0,45.0,40504,0,0.01344,0.24086207151412964,0.23512,0.10818,36,0,target_object,0,,,0.455,pregrasp_collision,
505,cylinder,0.0025,0.75,55.0,90.0,505,0,0.01345,0.24295422434806824,0.24438,0.10023,33,0,target_object,0,,,0.455,pregrasp_collision,
506,cylinder,0.0025,0.75,55.0,90.0,10506,0,0.01345,0.2430841624736786,0.21932,0.10714,31,0,target_object,0,,,0.455,pregrasp_collision,
507,cylinder,0.0025,0.75,55.0,90.0,20507,0,0.01345,0.24303194880485535,0.23571,0.10432,37,1,,1,0.03085,0.14811,0.6031,success,
508,cylinder,0.0025,0.75,55.0,90.0,30508,0,0.01345,0.24291306734085083,0.23798,0.11096,31,0,target_object,0,,,0.455,pregrasp_collision,
509,cylinder,0.0025,0.75,55.0,90.0,40509,0,0.01345,0.2431325614452362,0.23621,0.10186,34,0,target_object,0,,,0.455,pregrasp_collision,
510,cylinder,0.0025,0.75,60.0,0.0,510,0,0.01281,0.23263931274414062,0.24133,0.10406,39,0,target_object,0,,,0.455,pregrasp_collision,
511,cylinder,0.0025,0.75,60.0,0.0,10511,0,0.01281,0.2434014081954956,0.22908,0.10992,32,1,,1,0.03285,0.14807,0.6031,success,
512,cylinder,0.0025,0.75,60.0,0.0,20512,0,0.01281,0.23264935612678528,0.25067,0.10527,36,0,target_object,0,,,0.455,pregrasp_collision,
513,cylinder,0.0025,0.75,60.0,0.0,30513,0,0.01281,0.23233656585216522,0.23319,0.10843,33,1,,1,0.03381,0.14852,0.6035,success,
514,cylinder,0.0025,0.75,60.0,0.0,40514,0,0.01281,0.232185497879982,0.2483,0.1078,36,0,target_object,0,,,0.455,pregrasp_collision,
515,cylinder,0.0025,0.75,60.0,45.0,515,0,0.01284,0.23167718946933746,0.24143,0.11155,39,1,,1,0.03353,0.14801,0.603,success,
516,cylinder,0.0025,0.75,60.0,45.0,10516,0,0.01284,0.23399055004119873,0.23784,0.11075,32,0,target_object,0,,,0.455,pregrasp_collision,
517,cylinder,0.0025,0.75,60.0,45.0,20517,0,0.01284,0.23247945308685303,0.23712,0.10548,30,0,target_object,0,,,0.455,pregrasp_collision,
518,cylinder,0.0025,0.75,60.0,45.0,30518,0,0.01284,0.23231980204582214,0.25211,0.105,32,0,target_object,0,,,0.455,pregrasp_collision,
519,cylinder,0.0025,0.75,60.0,45.0,40519,0,0.01284,0.2323833405971527,0.24428,0.10887,43,0,target_object,0,,,0.455,pregrasp_collision,
520,cylinder,0.0025,0.75,60.0,90.0,520,0,0.01281,0.23261436820030212,0.24137,0.10578,35,1,,1,0.03278,0.14919,0.6042,success,
521,cylinder,0.0025,0.75,60.0,90.0,10521,0,0.01281,0.23195454478263855,0.23466,0.11141,35,1,,1,0.03592,0.14895,0.6039,success,
522,cylinder,0.0025,0.75,60.0,90.0,20522,0,0.01281,0.23207765817642212,0.2449,0.10985,34,0,target_object,0,,,0.455,pregrasp_collision,
523,cylinder,0.0025,0.75,60.0,90.0,30523,0,0.01281,0.2327786684036255,0.23649,0.11108,40,0,target_object,0,,,0.455,pregrasp_collision,
524,cylinder,0.0025,0.75,60.0,90.0,40524,0,0.01281,0.23236410319805145,0.23239,0.11116,39,0,target_object,0,,,0.455,pregrasp_collision,
525,cylinder,0.0025,0.75,65.0,0.0,525,0,0.01204,0.22942399978637695,0.24155,0.10535,28,0,target_object,0,,,0.455,pregrasp_collision,
526,cylinder,0.0025,0.75,65.0,0.0,10526,0,0.01204,0.23162686824798584,0.24684,0.10459,30,1,,1,0.03024,0.14816,0.6032,success,
527,cylinder,0.0025,0.75,65.0,0.0,20527,0,0.01204,0.22995638847351074,0.24572,0.10347,29,0,target_object,0,,,0.455,pregrasp_collision,
528,cylinder,0.0025,0.75,65.0,0.0,30528,0,0.01204,0.22633731365203857,0.22892,0.10513,34,1,,1,0.0299,0.14884,0.6038,success,
529,cylinder,0.0025,0.75,65.0,0.0,40529,0,0.01204,0.22773635387420654,0.24102,0.1088,37,0,target_object,0,,,0.455,pregrasp_collision,
530,cylinder,0.0025,0.75,65.0,45.0,530,0,0.0121,0.23539841175079346,0.24987,0.11055,35,0,target_object,0,,,0.455,pregrasp_collision,
531,cylinder,0.0025,0.75,65.0,45.0,10531,0,0.0121,0.23213672637939453,0.24942,0.11397,31,0,target_object,0,,,0.455,pregrasp_collision,
532,cylinder,0.0025,0.75,65.0,45.0,20532,0,0.0121,0.22887444496154785,0.24034,0.10792,36,0,target_object,0,,,0.455,pregrasp_collision,
533,cylinder,0.0025,0.75,65.0,45.0,30533,0,0.0121,0.23536789417266846,0.2412,0.11081,36,1,,1,0.03031,0.14725,0.6022,success,
534,cylinder,0.0025,0.75,65.0,45.0,40534,0,0.0121,0.23333477973937988,0.23361,0.11498,30,0,target_object,0,,,0.455,pregrasp_collision,
535,cylinder,0.0025,0.75,65.0,90.0,535,0,0.01204,0.23616576194763184,0.23114,0.10417,22,1,,1,0.02563,0.14951,0.6045,success,
536,cylinder,0.0025,0.75,65.0,90.0,10536,0,0.01204,0.22479712963104248,0.23568,0.11748,30,1,,1,0.03469,0.14868,0.6037,success,
537,cylinder,0.0025,0.75,65.0,90.0,20537,0,0.01204,0.2277238368988037,0.24632,0.11101,21,1,,1,0.03448,0.14926,0.6042,success,
538,cylinder,0.0025,0.75,65.0,90.0,30538,0,0.01204,0.22862982749938965,0.23883,0.10249,34,0,target_object,0,,,0.455,pregrasp_collision,
539,cylinder,0.0025,0.75,65.0,90.0,40539,0,0.01204,0.22460711002349854,0.25106,0.10861,31,0,target_object,0,,,0.455,pregrasp_collision,
540,cylinder,0.0025,0.5,30.0,0.0,540,0,0.01517,0.2604554295539856,0.18605,0.0777,19,0,target_object,0,,,0.455,pregrasp_collision,
541,cylinder,0.0025,0.5,30.0,0.0,10541,0,0.01517,0.25993940234184265,0.18269,0.08153,22,0,target_object,0,,,0.455,pregrasp_collision,
542,cylinder,0.0025,0.5,30.0,0.0,20542,0,0.01517,0.2603416442871094,0.18499,0.04946,20,0,target_object,0,,,0.455,pregrasp_collision,
543,cylinder,0.0025,0.5,30.0,0.0,30543,0,0.01517,0.2597249448299408,0.19251,0.07684,17,1,,1,0.02103,0.14849,0.6035,success,
544,cylinder,0.0025,0.5,30.0,0.0,40544,0,0.01517,0.2595851421356201,0.18444,0.08402,14,1,,1,0.02267,0.14891,0.6039,success,
545,cylinder,0.0025,0.5,30.0,45.0,545,0,0.01518,0.2598630487918854,0.17339,0.08946,10,0,target_object,0,,,0.455,pregrasp_collision,
546,cylinder,0.0025,0.5,30.0,45.0,10546,0,0.01518,0.2608630657196045,0.19479,0.07893,26,0,target_object,0,,,0.455,pregrasp_collision,
547,cylinder,0.0025,0.5,30.0,45.0,20547,0,0.01518,0.26023387908935547,0.20327,0.0805,37,0,target_object,0,,,0.455,pregrasp_collision,
548,cylinder,0.0025,0.5,30.0,45.0,30548,0,0.01518,0.2595214247703552,0.18833,0.08078,33,1,,1,0.03198,0.14887,0.6039,success,
549,cylinder,0.0025,0.5,30.0,45.0,40549,0,0.01518,0.25968271493911743,0.18959,0.08359,20,0,target_object,0,,,0.455,pregrasp_collision,
550,cylinder,0.0025,0.5,30.0,90.0,550,0,0.01517,0.26027119159698486,0.19546,0.0769,16,1,,1,0.02697,0.14965,0.6046,success,
551,cylinder,0.0025,0.5,30.0,90.0,10551,0,0.01517,0.25954216718673706,0.18092,0.08784,36,0,target_object,0,,,0.455,pregrasp_collision,
552,cylinder,0.0025,0.5,30.0,90.0,20552,0,0.01517,0.25998055934906006,0.18504,0.08332,31,0,target_object,0,,,0.455,pregrasp_collision,
553,cylinder,0.0025,0.5,30.0,90.0,30553,0,0.01517,0.2605176568031311,0.19874,0.07539,21,0,target_object,0,,,0.455,pregrasp_collision,
554,cylinder,0.0025,0.5,30.0,90.0,40554,0,0.01517,0.2596836984157562,0.19935,0.07881,19,0,target_object,0,,,0.455,pregrasp_collision,
555,cylinder,0.0025,0.5,45.0,0.0,555,0,0.01445,0.253959059715271,0.22872,0.10225,8,1,,1,0.03538,0.14843,0.6034,success,
556,cylinder,0.0025,0.5,45.0,0.0,10556,0,0.01445,0.25487905740737915,0.23519,0.09123,10,0,target_object,0,,,0.455,pregrasp_collision,
557,cylinder,0.0025,0.5,45.0,0.0,20557,0,0.01445,0.2551977038383484,0.2294,0.09726,10,1,,1,0.03669,0.14848,0.6035,success,
558,cylinder,0.0025,0.5,45.0,0.0,30558,0,0.01445,0.2547764778137207,0.23611,0.09602,41,0,target_object,0,,,0.455,pregrasp_collision,
559,cylinder,0.0025,0.5,45.0,0.0,40559,0,0.01445,0.2538968324661255,0.23638,0.09344,13,0,target_object,0,,,0.455,pregrasp_collision,
560,cylinder,0.0025,0.5,45.0,45.0,560,0,0.01447,0.254619836807251,0.2283,0.09548,14,0,target_object,0,,,0.455,pregrasp_collision,
561,cylinder,0.0025,0.5,45.0,45.0,10561,0,0.01447,0.25428736209869385,0.24103,0.08985,13,0,target_object,0,,,0.455,pregrasp_collision,
562,cylinder,0.0025,0.5,45.0,45.0,20562,0,0.01447,0.25495290756225586,0.22122,0.08951,37,0,target_object,0,,,0.455,pregrasp_collision,
563,cylinder,0.0025,0.5,45.0,45.0,30563,0,0.01447,0.25493359565734863,0.22484,0.10075,8,1,,1,0.03365,0.14828,0.6033,success,
564,cylinder,0.0025,0.5,45.0,45.0,40564,0,0.01447,0.2543073892593384,0.23406,0.10088,13,0,target_object,0,,,0.455,pregrasp_collision,
565,cylinder,0.0025,0.5,45.0,90.0,565,0,0.01445,0.25465911626815796,0.22764,0.09708,38,0,target_object,0,,,0.455,pregrasp_collision,
566,cylinder,0.0025,0.5,45.0,90.0,10566,0,0.01445,0.2546995282173157,0.22281,0.09253,30,0,target_object,0,,,0.455,pregrasp_collision,
567,cylinder,0.0025,0.5,45.0,90.0,20567,0,0.01445,0.2544427514076233,0.22834,0.10481,34,0,target_object,0,,,0.455,pregrasp_collision,
568,cylinder,0.0025,0.5,45.0,90.0,30568,0,0.01445,0.2546108067035675,0.22969,0.09505,12,0,target_object,0,,,0.455,pregrasp_collision,
569,cylinder,0.0025,0.5,45.0,90.0,40569,0,0.01445,0.25544989109039307,0.23701,0.102,11,0,target_object,0,,,0.455,pregrasp_collision,
570,cylinder,0.0025,0.5,50.0,0.0,570,0,0.01401,0.2484200894832611,0.22921,0.10074,9,1,,1,0.03586,0.14778,0.6028,success,
571,cylinder,0.0025,0.5,50.0,0.0,10571,0,0.01401,0.24887695908546448,0.2366,0.10135,11,0,target_object,0,,,0.455,pregrasp_collision,
572,cylinder,0.0025,0.5,50.0,0.0,20572,0,0.01401,0.2487776130437851,0.24067,0.09627,9,0,target_object,0,,,0.455,pregrasp_collision,
573,cylinder,0.0025,0.5,50.0,0.0,30573,0,0.01401,0.2491852045059204,0.23179,0.10194,7,0,target_object,0,,,0.455,pregrasp_collision,
574,cylinder,0.0025,0.5,50.0,0.0,40574,0,0.01401,0.2484787404537201,0.21299,0.09995,11,0,target_object,0,,,0.455,pregrasp_collision,
575,cylinder,0.0025,0.5,50.0,45.0,575,0,0.01402,0.2488047182559967,0.24656,0.09365,21,0,target_object,0,,,0.455,pregrasp_collision,
576,cylinder,0.0025,0.5,50.0,45.0,10576,0,0.01402,0.2496645450592041,0.2327,0.10079,33,0,target_object,0,,,0.455,pregrasp_collision,
577,cylinder,0.0025,0.5,50.0,45.0,20577,0,0.01402,0.2488495111465454,0.23798,0.09522,20,0,target_object,0,,,0.455,pregrasp_collision,
578,cylinder,0.0025,0.5,50.0,45.0,30578,0,0.01402,0.24940109252929688,0.23365,0.09988,14,0,target_object,0,,,0.455,pregrasp_collision,
579,cylinder,0.0025,0.5,50.0,45.0,40579,0,0.01402,0.24899733066558838,0.23243,0.09968,15,0,target_object,0,,,0.455,pregrasp_collision,
580,cylinder,0.0025,0.5,50.0,90.0,580,0,0.01401,0.24955886602401733,0.232,0.1063,11,0,target_object,0,,,0.455,pregrasp_collision,
581,cylinder,0.0025,0.5,50.0,90.0,10581,0,0.01401,0.24933499097824097,0.22307,0.10174,12,0,target_object,0,,,0.455,pregrasp_collision,
582,cylinder,0.0025,0.5,50.0,90.0,20582,0,0.01401,0.24918371438980103,0.22703,0.10502,13,1,,1,0.02282,0.14696,0.6019,success,
583,cylinder,0.0025,0.5,50.0,90.0,30583,0,0.01401,0.24875378608703613,0.22735,0.10203,13,0,target_object,0,,,0.455,pregrasp_collision,
584,cylinder,0.0025,0.5,50.0,90.0,40584,0,0.01401,0.24851290881633759,0.23536,0.10535,10,0,target_object,0,,,0.455,pregrasp_collision,
585,cylinder,0.0025,0.5,55.0,0.0,585,0,0.01345,0.24399030208587646,0.21164,0.10869,19,0,target_object,0,,,0.455,pregrasp_collision,
586,cylinder,0.0025,0.5,55.0,0.0,10586,0,0.01345,0.2436400055885315,0.24919,0.10344,13,0,target_object,0,,,0.455,pregrasp_collision,
587,cylinder,0.0025,0.5,55.0,0.0,20587,0,0.01345,0.24238717555999756,0.23181,0.10821,17,1,,1,0.03013,0.1494,0.6044,success,
588,cylinder,0.0025,0.5,55.0,0.0,30588,0,0.01345,0.24351228773593903,0.24993,0.1086,23,0,target_object,0,,,0.455,pregrasp_collision,
589,cylinder,0.0025,0.5,55.0,0.0,40589,0,0.01345,0.24296535551548004,0.22988,0.09811,22,0,target_object,0,,,0.455,pregrasp_collision,
590,cylinder,0.0025,0.5,55.0,45.0,590,0,0.01344,0.24015775322914124,0.2485,0.10862,20,1,,1,0.03407,0.14846,0.6034,success,
591,cylinder,0.0025,0.5,55.0,45.0,10591,0,0.01344,0.24058423936367035,0.24848,0.09606,19,0,target_object,0,,,0.455,pregrasp_collision,
592,cylinder,0.0025,0.5,55.0,45.0,20592,0,0.01344,0.241119384765625,0.25375,0.10389,23,0,target_object,0,,,0.455,pregrasp_collision,
593,cylinder,0.0025,0.5,55.0,45.0,30593,0,0.01344,0.24080242216587067,0.2544,0.10015,14,0,target_object,0,,,0.455,pregrasp_collision,
594,cylinder,0.0025,0.5,55.0,45.0,40594,0,0.01344,0.24066345393657684,0.22112,0.0988,16,1,,1,0.02107,0.14881,0.6038,success,
595,cylinder,0.0025,0.5,55.0,90.0,595,0,0.01345,0.24282461404800415,0.24709,0.10175,22,0,target_object,0,,,0.455,pregrasp_collision,
596,cylinder,0.0025,0.5,55.0,90.0,10596,0,0.01345,0.24310649931430817,0.25472,0.10342,23,0,target_object,0,,,0.455,pregrasp_collision,
597,cylinder,0.0025,0.5,55.0,90.0,20597,0,0.01345,0.24286693334579468,0.23922,0.10401,20,1,,1,0.03267,0.1488,0.6038,success,
598,cylinder,0.0025,0.5,55.0,90.0,30598,0,0.01345,0.24283593893051147,0.22538,0.10568,21,1,,1,0.03004,0.14931,0.6043,success,
599,cylinder,0.0025,0.5,55.0,90.0,40599,0,0.01345,0.24261480569839478,0.24852,0.10061,23,0,target_object,0,,,0.455,pregrasp_collision,
600,cylinder,0.0025,0.5,60.0,0.0,600,0,0.01281,0.23288807272911072,0.25657,0.1063,22,0,target_object,0,,,0.455,pregrasp_collision,
601,cylinder,0.0025,0.5,60.0,0.0,10601,0,0.01281,0.23233649134635925,0.23841,0.10623,24,0,target_object,0,,,0.455,pregrasp_collision,
602,cylinder,0.0025,0.5,60.0,0.0,20602,0,0.01281,0.23229986429214478,0.24817,0.10638,23,1,,1,0.03376,0.14825,0.6032,success,
603,cylinder,0.0025,0.5,60.0,0.0,30603,0,0.01281,0.23224958777427673,0.25257,0.11187,20,1,,1,0.03508,0.14826,0.6033,success,
604,cylinder,0.0025,0.5,60.0,0.0,40604,0,0.01281,0.23210543394088745,0.25823,0.10621,19,0,target_object,0,,,0.455,pregrasp_collision,
605,cylinder,0.0025,0.5,60.0,45.0,605,0,0.01284,0.23172897100448608,0.26554,0.10865,26,0,target_object,0,,,0.455,pregrasp_collision,
606,cylinder,0.0025,0.5,60.0,45.0,10606,0,0.01284,0.23228512704372406,0.2585,0.11366,26,0,target_object,0,,,0.455,pregrasp_collision,
607,cylinder,0.0025,0.5,60.0,45.0,20607,0,0.01284,0.23248624801635742,0.24658,0.11075,22,0,target_object,0,,,0.455,pregrasp_collision,
608,cylinder,0.0025,0.5,60.0,45.0,30608,0,0.01284,0.23233799636363983,0.24989,0.11176,28,0,target_object,0,,,0.455,pregrasp_collision,
609,cylinder,0.0025,0.5,60.0,45.0,40609,0,0.01284,0.23260146379470825,0.24924,0.11068,23,0,target_object,0,,,0.455,pregrasp_collision,
610,cylinder,0.0025,0.5,60.0,90.0,610,0,0.01281,0.23209664225578308,0.26385,0.10718,28,0,target_object,0,,,0.455,pregrasp_collision,
611,cylinder,0.0025,0.5,60.0,90.0,10611,0,0.01281,0.231571763753891,0.2463,0.10283,25,0,target_object,0,,,0.455,pregrasp_collision,
612,cylinder,0.0025,0.5,60.0,90.0,20612,0,0.01281,0.23225608468055725,0.2526,0.09917,28,0,target_object,0,,,0.455,pregrasp_collision,
613,cylinder,0.0025,0.5,60.0,90.0,30613,0,0.01281,0.23198173940181732,0.2597,0.10219,31,0,target_object,0,,,0.455,pregrasp_collision,
614,cylinder,0.0025,0.5,60.0,90.0,40614,0,0.01281,0.23271892964839935,0.26187,0.09766,24,1,,1,0.03082,0.14942,0.6044,success,
615,cylinder,0.0025,0.5,65.0,0.0,615,0,0.01204,0.22679054737091064,0.24793,0.12055,18,0,target_object,0,,,0.455,pregrasp_collision,
616,cylinder,0.0025,0.5,65.0,0.0,10616,0,0.01204,0.2213759422302246,0.25837,0.10697,17,0,target_object,0,,,0.455,pregrasp_collision,
617,cylinder,0.0025,0.5,65.0,0.0,20617,0,0.01204,0.22610032558441162,0.22744,0.11907,16,1,,1,0.03759,0.14796,0.6029,success,
618,cylinder,0.0025,0.5,65.0,0.0,30618,0,0.01204,0.2319422960281372,0.23952,0.11989,11,1,,1,0.03906,0.1481,0.6031,success,
619,cylinder,0.0025,0.5,65.0,0.0,40619,0,0.01204,0.22337913513183594,0.25691,0.10253,20,0,target_object,0,,,0.455,pregrasp_collision,
620,cylinder,0.0025,0.5,65.0,45.0,620,0,0.0121,0.23162424564361572,0.25825,0.1137,21,0,target_object,0,,,0.455,pregrasp_collision,
621,cylinder,0.0025,0.5,65.0,45.0,10621,0,0.0121,0.22757220268249512,0.24854,0.11726,29,0,target_object,0,,,0.455,pregrasp_collision,
622,cylinder,0.0025,0.5,65.0,45.0,20622,0,0.0121,0.22825109958648682,0.25626,0.10175,23,0,target_object,0,,,0.455,pregrasp_collision,
623,cylinder,0.0025,0.5,65.0,45.0,30623,0,0.0121,0.23402059078216553,0.26198,0.11362,23,0,target_object,0,,,0.455,pregrasp_collision,
624,cylinder,0.0025,0.5,65.0,45.0,40624,0,0.0121,0.23068392276763916,0.26818,0.10878,21,0,target_object,0,,,0.455,pregrasp_collision,
625,cylinder,0.0025,0.5,65.0,90.0,625,0,0.01204,0.22274935245513916,0.24451,0.1083,16,0,target_object,0,,,0.455,pregrasp_collision,
626,cylinder,0.0025,0.5,65.0,90.0,10626,0,0.01204,0.22722721099853516,0.26382,0.11224,20,0,target_object,0,,,0.455,pregrasp_collision,
627,cylinder,0.0025,0.5,65.0,90.0,20627,0,0.01204,0.2210533767938614,0.24635,0.11823,19,0,target_object,0,,,0.455,pregrasp_collision,
628,cylinder,0.0025,0.5,65.0,90.0,30628,0,0.01204,0.22762680053710938,0.25058,0.12051,22,1,,1,0.02285,0.14471,0.5997,success,
629,cylinder,0.0025,0.5,65.0,90.0,40629,0,0.01204,0.2243356704711914,0.25733,0.11395,19,1,,1,0.03626,0.14902,0.604,success,
630,cylinder,0.0025,0.25,30.0,0.0,630,0,0.01517,0.2604067921638489,0.19371,0.08004,23,0,target_object,0,,,0.455,pregrasp_collision,
631,cylinder,0.0025,0.25,30.0,0.0,10631,0,0.01517,0.2596099376678467,0.19311,0.08392,9,0,target_object,0,,,0.455,pregrasp_collision,
632,cylinder,0.0025,0.25,30.0,0.0,20632,0,0.01517,0.26016873121261597,0.18946,0.07652,28,0,target_object,0,,,0.455,pregrasp_collision,
633,cylinder,0.0025,0.25,30.0,0.0,30633,0,0.01517,0.26079297065734863,0.19738,0.03473,21,0,target_object,0,,,0.455,pregrasp_collision,
634,cylinder,0.0025,0.25,30.0,0.0,40634,0,0.01517,0.2598572373390198,0.18612,0.08951,12,0,target_object,0,,,0.455,pregrasp_collision,
635,cylinder,0.0025,0.25,30.0,45.0,635,0,0.01518,0.25952622294425964,0.19302,0.03669,14,0,target_object,0,,,0.455,pregrasp_collision,
636,cylinder,0.0025,0.25,30.0,45.0,10636,0,0.01518,0.26013028621673584,0.19856,0.03758,22,0,target_object,0,,,0.455,pregrasp_collision,
637,cylinder,0.0025,0.25,30.0,45.0,20637,0,0.01518,0.2603130340576172,0.19176,0.04014,16,0,target_object,0,,,0.455,pregrasp_collision,
638,cylinder,0.0025,0.25,30.0,45.0,30638,0,0.01518,0.2599589228630066,0.18622,0.03262,4,0,target_object,0,,,0.455,pregrasp_collision,
639,cylinder,0.0025,0.25,30.0,45.0,40639,0,0.01518,0.25968220829963684,0.18798,0.0783,17,0,target_object,0,,,0.455,pregrasp_collision,
640,cylinder,0.0025,0.25,30.0,90.0,640,0,0.01517,0.2596539258956909,0.20563,0.0813,30,0,target_object,0,,,0.455,pregrasp_collision,
641,cylinder,0.0025,0.25,30.0,90.0,10641,0,0.01517,0.2602616548538208,0.17846,0.06821,4,0,target_object,0,,,0.455,pregrasp_collision,
642,cylinder,0.0025,0.25,30.0,90.0,20642,0,0.01517,0.2599344253540039,0.21782,0.03146,24,0,target_object,0,,,0.455,pregrasp_collision,
643,cylinder,0.0025,0.25,30.0,90.0,30643,0,0.01517,0.2597055435180664,0.18949,0.03415,58,0,target_object,0,,,0.455,pregrasp_collision,
644,cylinder,0.0025,0.25,30.0,90.0,40644,0,0.01517,0.2598254680633545,0.18823,0.0646,5,0,target_object,0,,,0.455,pregrasp_collision,
645,cylinder,0.0025,0.25,45.0,0.0,645,0,0.01445,0.25501787662506104,0.22546,0.10016,26,0,target_object,0,,,0.455,pregrasp_collision,
646,cylinder,0.0025,0.25,45.0,0.0,10646,0,0.01445,0.25476759672164917,0.23498,0.1026,22,0,target_object,0,,,0.455,pregrasp_collision,
647,cylinder,0.0025,0.25,45.0,0.0,20647,0,0.01445,0.25443193316459656,0.23158,0.10594,8,0,target_object,0,,,0.455,pregrasp_collision,
648,cylinder,0.0025,0.25,45.0,0.0,30648,0,0.01445,0.254524827003479,0.22116,0.10101,9,0,target_object,0,,,0.455,pregrasp_collision,
649,cylinder,0.0025,0.25,45.0,0.0,40649,0,0.01445,0.2539670467376709,0.21298,0.09838,19,0,target_object,0,,,0.455,pregrasp_collision,
650,cylinder,0.0025,0.25,45.0,45.0,650,0,0.01447,0.2546555995941162,,,0,,,0,,,,no_grasps,no_grasps
651,cylinder,0.0025,0.25,45.0,45.0,10651,0,0.01447,0.25380775332450867,0.23649,0.08744,26,0,target_object,0,,,0.455,pregrasp_collision,
652,cylinder,0.0025,0.25,45.0,45.0,20652,0,0.01447,0.2547354996204376,0.17343,0.04369,5,0,target_object,0,,,0.455,pregrasp_collision,
653,cylinder,0.0025,0.25,45.0,45.0,30653,0,0.01447,0.25358694791793823,0.1743,0.0545,3,0,target_object,0,,,0.455,pregrasp_collision,
654,cylinder,0.0025,0.25,45.0,45.0,40654,0,0.01447,0.25495439767837524,0.16792,0.05573,3,0,target_object,0,,,0.455,pregrasp_collision,
655,cylinder,0.0025,0.25,45.0,90.0,655,0,0.01445,0.2546653747558594,0.20628,0.06784,12,0,target_object,0,,,0.455,pregrasp_collision,
656,cylinder,0.0025,0.25,45.0,90.0,10656,0,0.01445,0.25462663173675537,0.20597,0.10216,21,1,,1,0.02611,0.14993,0.6049,success,
657,cylinder,0.0025,0.25,45.0,90.0,20657,0,0.01445,0.25438404083251953,0.22736,0.10051,14,0,target_object,0,,,0.455,pregrasp_collision,
658,cylinder,0.0025,0.25,45.0,90.0,30658,0,0.01445,0.2541344463825226,0.24397,0.1027,19,1,,1,0.02704,0.14694,0.6019,success,
659,cylinder,0.0025,0.25,45.0,90.0,40659,0,0.01445,0.2540687322616577,0.23388,0.10885,20,1,,1,0.03463,0.14897,0.604,success,
660,cylinder,0.0025,0.25,50.0,0.0,660,0,0.01401,0.24852311611175537,0.22465,0.10699,8,0,target_object,0,,,0.455,pregrasp_collision,
661,cylinder,0.0025,0.25,50.0,0.0,10661,0,0.01401,0.2487231194972992,0.26719,0.10326,27,1,,1,0.0239,0.14628,0.6013,success,
662,cylinder,0.0025,0.25,50.0,0.0,20662,0,0.01401,0.24934028089046478,0.23724,0.10559,6,1,,1,0.03327,0.1475,0.6025,success,
663,cylinder,0.0025,0.25,50.0,0.0,30663,0,0.01401,0.2488189935684204,0.24341,0.11422,6,1,,1,0.03552,0.14891,0.6039,success,
664,cylinder,0.0025,0.25,50.0,0.0,40664,0,0.01401,0.24837374687194824,0.24095,0.11351,7,0,target_object,0,,,0.455,pregrasp_collision,
665,cylinder,0.0025,0.25,50.0,45.0,665,0,0.01402,0.24889013171195984,0.24974,0.09955,14,1,,1,0.02289,0.14697,0.602,success,
666,cylinder,0.0025,0.25,50.0,45.0,10666,0,0.01402,0.2497245818376541,0.2498,0.10366,16,1,,1,0.03291,0.14809,0.6031,success,
667,cylinder,0.0025,0.25,50.0,45.0,20667,0,0.01402,0.24861395359039307,0.22813,0.10531,10,0,target_object,0,,,0.455,pregrasp_collision,
668,cylinder,0.0025,0.25,50.0,45.0,30668,0,0.01402,0.24874839186668396,0.23056,0.12111,7,1,,1,0.03813,0.14795,0.6029,success,
669,cylinder,0.0025,0.25,50.0,45.0,40669,0,0.01402,0.24912434816360474,0.21567,0.10181,16,0,target_object,0,,,0.455,pregrasp_collision,
670,cylinder,0.0025,0.25,50.0,90.0,670,0,0.01401,0.24825377762317657,0.2512,0.1004,7,0,target_object,0,,,0.455,pregrasp_collision,
671,cylinder,0.0025,0.25,50.0,90.0,10671,0,0.01401,0.24916109442710876,0.25977,0.10565,21,1,,1,0.02439,0.14729,0.6023,success,
672,cylinder,0.0025,0.25,50.0,90.0,20672,0,0.01401,0.2489655613899231,0.23184,0.10724,21,0,target_object,0,,,0.455,pregrasp_collision,
673,cylinder,0.0025,0.25,50.0,90.0,30673,0,0.01401,0.24915018677711487,0.2578,0.09911,17,0,target_object,0,,,0.455,pregrasp_collision,
674,cylinder,0.0025,0.25,50.0,90.0,40674,0,0.01401,0.24835070967674255,0.22406,0.1117,21,0,target_object,0,,,0.455,pregrasp_collision,
675,cylinder,0.0025,0.25,55.0,0.0,675,0,0.01345,0.24248504638671875,0.23296,0.1081,5,0,target_object,0,,,0.455,pregrasp_collision,
676,cylinder,0.0025,0.25,55.0,0.0,10676,0,0.01345,0.24204111099243164,0.25532,0.09847,2,0,target_object,0,,,0.455,pregrasp_collision,
677,cylinder,0.0025,0.25,55.0,0.0,20677,0,0.01345,0.24234047532081604,0.23414,0.10484,3,0,target_object,0,,,0.455,pregrasp_collision,
678,cylinder,0.0025,0.25,55.0,0.0,30678,0,0.01345,0.2427273988723755,0.26549,0.10314,2,0,target_object,0,,,0.455,pregrasp_collision,
679,cylinder,0.0025,0.25,55.0,0.0,40679,0,0.01345,0.242710679769516,0.20918,0.10853,2,0,target_object,0,,,0.455,pregrasp_collision,
680,cylinder,0.0025,0.25,55.0,45.0,680,0,0.01344,0.24061733484268188,0.20992,0.08695,12,0,target_object,0,,,0.455,pregrasp_collision,
681,cylinder,0.0025,0.25,55.0,45.0,10681,0,0.01344,0.2409072071313858,0.25025,0.10916,20,0,target_object,0,,,0.455,pregrasp_collision,
682,cylinder,0.0025,0.25,55.0,45.0,20682,0,0.01344,0.24078401923179626,0.26601,0.10487,24,0,target_object,0,,,0.455,pregrasp_collision,
683,cylinder,0.0025,0.25,55.0,45.0,30683,0,0.01344,0.24006310105323792,0.20778,0.11701,13,0,target_object,0,,,0.455,pregrasp_collision,
684,cylinder,0.0025,0.25,55.0,45.0,40684,0,0.01344,0.23998360335826874,0.24532,0.11098,22,0,target_object,0,,,0.455,pregrasp_collision,
685,cylinder,0.0025,0.25,55.0,90.0,685,0,0.01345,0.24286186695098877,0.22187,0.10006,2,0,target_object,0,,,0.455,pregrasp_collision,
686,cylinder,0.0025,0.25,55.0,90.0,10686,0,0.01345,0.24208581447601318,0.25964,0.10323,5,0,target_object,0,,,0.455,pregrasp_collision,
687,cylinder,0.0025,0.25,55.0,90.0,20687,0,0.01345,0.24274809658527374,0.24844,0.10456,4,0,target_object,0,,,0.455,pregrasp_collision,
688,cylinder,0.0025,0.25,55.0,90.0,30688,0,0.01345,0.24316659569740295,0.24032,0.10089,3,0,target_object,0,,,0.455,pregrasp_collision,
689,cylinder,0.0025,0.25,55.0,90.0,40689,0,0.01345,0.24294254183769226,0.2333,0.10165,4,0,target_object,0,,,0.455,pregrasp_collision,
690,cylinder,0.0025,0.25,60.0,0.0,690,0,0.01281,0.2325218915939331,0.25416,0.10606,14,0,target_object,0,,,0.455,pregrasp_collision,
691,cylinder,0.0025,0.25,60.0,0.0,10691,0,0.01281,0.23233263194561005,0.25389,0.10483,14,1,,1,0.02589,0.14841,0.6034,success,
692,cylinder,0.0025,0.25,60.0,0.0,20692,0,0.01281,0.23165225982666016,0.23012,0.10292,13,0,target_object,0,,,0.455,pregrasp_collision,
693,cylinder,0.0025,0.25,60.0,0.0,30693,0,0.01281,0.23200640082359314,0.26621,0.10726,19,1,,1,0.032,0.14827,0.6033,success,
694,cylinder,0.0025,0.25,60.0,0.0,40694,0,0.01281,0.23198583722114563,0.26304,0.09983,13,0,target_object,0,,,0.455,pregrasp_collision,
695,cylinder,0.0025,0.25,60.0,45.0,695,0,0.01284,0.23162420094013214,,,0,,,0,,,,no_grasps,no_grasps
696,cylinder,0.0025,0.25,60.0,45.0,10696,0,0.01284,0.23183569312095642,0.213,0.12606,2,0,target_object,0,,,0.455,pregrasp_collision,
697,cylinder,0.0025,0.25,60.0,45.0,20697,0,0.01284,0.23331797122955322,0.20209,0.12458,2,1,,1,0.0369,0.14678,0.6018,success,
698,cylinder,0.0025,0.25,60.0,45.0,30698,0,0.01284,0.2318234145641327,0.20812,0.12445,2,1,,0,0.09257,-0.01806,0.4369,executed_ejected,
699,cylinder,0.0025,0.25,60.0,45.0,40699,0,0.01284,0.23138196766376495,0.17698,0.13155,1,0,target_object,0,,,0.455,pregrasp_collision,
700,cylinder,0.0025,0.25,60.0,90.0,700,0,0.01281,0.23159529268741608,0.25583,0.10496,10,0,target_object,0,,,0.455,pregrasp_collision,
701,cylinder,0.0025,0.25,60.0,90.0,10701,0,0.01281,0.2315865457057953,0.26184,0.10968,17,0,target_object,0,,,0.455,pregrasp_collision,
702,cylinder,0.0025,0.25,60.0,90.0,20702,0,0.01281,0.23219792544841766,0.23362,0.10568,12,0,target_object,0,,,0.455,pregrasp_collision,
703,cylinder,0.0025,0.25,60.0,90.0,30703,0,0.01281,0.23168742656707764,0.22249,0.07922,14,0,target_object,0,,,0.455,pregrasp_collision,
704,cylinder,0.0025,0.25,60.0,90.0,40704,0,0.01281,0.2326328158378601,0.26217,0.10138,15,0,target_object,0,,,0.455,pregrasp_collision,
705,cylinder,0.0025,0.25,65.0,0.0,705,0,0.01204,0.22062598168849945,0.26285,0.11696,3,0,target_object,0,,,0.455,pregrasp_collision,
706,cylinder,0.0025,0.25,65.0,0.0,10706,0,0.01204,0.22083903849124908,0.27768,0.11288,6,0,target_object,0,,,0.455,pregrasp_collision,
707,cylinder,0.0025,0.25,65.0,0.0,20707,0,0.01204,0.22096239030361176,0.26742,0.11515,6,0,target_object,0,,,0.455,pregrasp_collision,
708,cylinder,0.0025,0.25,65.0,0.0,30708,0,0.01204,0.22110998630523682,0.26618,0.11891,10,0,target_object,0,,,0.455,pregrasp_collision,
709,cylinder,0.0025,0.25,65.0,0.0,40709,0,0.01204,0.22162771224975586,0.26792,0.11909,8,0,target_object,0,,,0.455,pregrasp_collision,
710,cylinder,0.0025,0.25,65.0,45.0,710,0,0.0121,0.2222076654434204,0.25308,0.08854,15,0,target_object,0,,,0.455,pregrasp_collision,
711,cylinder,0.0025,0.25,65.0,45.0,10711,0,0.0121,0.2286362648010254,0.25251,0.0981,14,0,target_object,0,,,0.455,pregrasp_collision,
712,cylinder,0.0025,0.25,65.0,45.0,20712,0,0.0121,0.2219330072402954,0.24764,0.10038,14,0,target_object,0,,,0.455,pregrasp_collision,
713,cylinder,0.0025,0.25,65.0,45.0,30713,0,0.0121,0.2240382432937622,0.26457,0.10869,12,0,target_object,0,,,0.455,pregrasp_collision,
714,cylinder,0.0025,0.25,65.0,45.0,40714,0,0.0121,0.22074347734451294,0.27428,0.10531,16,0,target_object,0,,,0.455,pregrasp_collision,
715,cylinder,0.0025,0.25,65.0,90.0,715,0,0.01204,0.2239927053451538,0.28204,0.11381,4,0,target_object,0,,,0.455,pregrasp_collision,
716,cylinder,0.0025,0.25,65.0,90.0,10716,0,0.01204,0.2263169288635254,0.25983,0.12382,5,0,target_object,0,,,0.455,pregrasp_collision,
717,cylinder,0.0025,0.25,65.0,90.0,20717,0,0.01204,0.22474181652069092,0.27346,0.1116,9,1,,1,0.03606,0.14878,0.6038,success,
718,cylinder,0.0025,0.25,65.0,90.0,30718,0,0.01204,0.22149357199668884,0.27003,0.1086,6,1,,1,0.03179,0.14875,0.6037,success,
719,cylinder,0.0025,0.25,65.0,90.0,40719,0,0.01204,0.22032064199447632,0.25877,0.11982,8,1,,1,0.03715,0.14906,0.6041,success,
720,cylinder,0.005,1.0,30.0,0.0,720,0,0.01517,0.26186516880989075,0.28621,0.01528,94,0,target_object,0,,,0.455,pregrasp_collision,
721,cylinder,0.005,1.0,30.0,0.0,10721,0,0.01517,0.26315417885780334,0.2833,0.02209,92,0,target_object,0,,,0.455,pregrasp_collision,
722,cylinder,0.005,1.0,30.0,0.0,20722,0,0.01517,0.26286712288856506,0.28702,0.01333,91,1,,1,0.00339,0.15045,0.6054,success,
723,cylinder,0.005,1.0,30.0,0.0,30723,0,0.01517,0.262616902589798,0.28826,0.02454,88,0,target_object,0,,,0.455,pregrasp_collision,
724,cylinder,0.005,1.0,30.0,0.0,40724,0,0.01517,0.2617644667625427,0.278,0.02312,89,0,target_object,0,,,0.455,pregrasp_collision,
725,cylinder,0.005,1.0,30.0,45.0,725,0,0.01518,0.2631630301475525,0.272,0.01685,84,1,,1,0.00369,0.14997,0.605,success,
726,cylinder,0.005,1.0,30.0,45.0,10726,0,0.01518,0.2609177231788635,0.28395,0.00529,96,1,,1,0.00225,0.15003,0.605,success,
727,cylinder,0.005,1.0,30.0,45.0,20727,0,0.01518,0.2623006999492645,0.27742,0.01918,91,0,target_object,0,,,0.455,pregrasp_collision,
728,cylinder,0.005,1.0,30.0,45.0,30728,0,0.01518,0.2627202868461609,0.2714,0.0249,74,0,target_object,0,,,0.455,pregrasp_collision,
729,cylinder,0.005,1.0,30.0,45.0,40729,0,0.01518,0.2617197632789612,0.29006,0.00551,92,0,target_object,0,,,0.455,pregrasp_collision,
730,cylinder,0.005,1.0,30.0,90.0,730,0,0.01517,0.2618756890296936,0.26148,0.02193,61,1,,1,0.00446,0.14956,0.6046,success,
731,cylinder,0.005,1.0,30.0,90.0,10731,0,0.01517,0.26147592067718506,0.2856,0.01916,88,0,target_object,0,,,0.455,pregrasp_collision,
732,cylinder,0.005,1.0,30.0,90.0,20732,0,0.01517,0.2613006830215454,0.28762,0.02009,88,0,target_object,0,,,0.455,pregrasp_collision,
733,cylinder,0.005,1.0,30.0,90.0,30733,0,0.01517,0.26167958974838257,0.28335,0.00574,96,1,,1,0.00104,0.15004,0.605,success,
734,cylinder,0.005,1.0,30.0,90.0,40734,0,0.01517,0.2621626555919647,0.28617,0.02043,91,0,target_object,0,,,0.455,pregrasp_collision,
735,cylinder,0.005,1.0,45.0,0.0,735,0,0.01445,0.2562903165817261,0.25461,0.00189,55,0,target_object,0,,,0.455,pregrasp_collision,
736,cylinder,0.005,1.0,45.0,0.0,10736,0,0.01445,0.2564881443977356,0.28097,0.08377,65,0,target_object,0,,,0.455,pregrasp_collision,
737,cylinder,0.005,1.0,45.0,0.0,20737,0,0.01445,0.25770050287246704,0.25783,0.03233,59,0,target_object,0,,,0.455,pregrasp_collision,
738,cylinder,0.005,1.0,45.0,0.0,30738,0,0.01445,0.2558174729347229,0.27159,0.01183,66,1,,1,0.00036,0.14981,0.6048,success,
739,cylinder,0.005,1.0,45.0,0.0,40739,0,0.01445,0.2563447952270508,0.25874,0.01688,71,0,target_object,0,,,0.455,pregrasp_collision,
740,cylinder,0.005,1.0,45.0,45.0,740,0,0.01447,0.25654739141464233,0.26306,0.0073,57,0,target_object,0,,,0.455,pregrasp_collision,
741,cylinder,0.005,1.0,45.0,45.0,10741,0,0.01447,0.25688475370407104,0.24735,0.02503,53,0,target_object,0,,,0.455,pregrasp_collision,
742,cylinder,0.005,1.0,45.0,45.0,20742,0,0.01447,0.25614532828330994,0.23443,0.02124,58,1,,1,0.00958,0.15023,0.6052,success,
743,cylinder,0.005,1.0,45.0,45.0,30743,0,0.01447,0.25597652792930603,0.26599,0.00759,58,1,,1,0.0045,0.15,0.605,success,
744,cylinder,0.005,1.0,45.0,45.0,40744,0,0.01447,0.2550981044769287,0.27309,0.06579,62,0,target_object,0,,,0.455,pregrasp_collision,
745,cylinder,0.005,1.0,45.0,90.0,745,0,0.01445,0.25681519508361816,0.25319,0.01267,57,0,target_object,0,,,0.455,pregrasp_collision,
746,cylinder,0.005,1.0,45.0,90.0,10746,0,0.01445,0.2566094994544983,0.26048,0.08417,58,0,target_object,0,,,0.455,pregrasp_collision,
747,cylinder,0.005,1.0,45.0,90.0,20747,0,0.01445,0.254904180765152,0.27369,0.02436,59,1,,1,0.00484,0.14943,0.6044,success,
748,cylinder,0.005,1.0,45.0,90.0,30748,0,0.01445,0.2554972171783447,0.27532,0.01039,71,1,,1,0.0017,0.14973,0.6047,success,
749,cylinder,0.005,1.0,45.0,90.0,40749,0,0.01445,0.2560098171234131,0.24994,0.0154,59,0,target_object,0,,,0.455,pregrasp_collision,
750,cylinder,0.005,1.0,50.0,0.0,750,0,0.01401,0.25009605288505554,0.23919,0.00447,54,0,target_object,0,,,0.455,pregrasp_collision,
751,cylinder,0.005,1.0,50.0,0.0,10751,0,0.01401,0.24929878115653992,0.26179,0.0331,62,1,,1,0.006,0.15042,0.6054,success,
752,cylinder,0.005,1.0,50.0,0.0,20752,0,0.01401,0.25065547227859497,0.26946,0.00716,62,0,target_object,0,,,0.455,pregrasp_collision,
753,cylinder,0.005,1.0,50.0,0.0,30753,0,0.01401,0.2500048875808716,0.24243,0.00447,55,0,target_object,0,,,0.455,pregrasp_collision,
754,cylinder,0.005,1.0,50.0,0.0,40754,0,0.01401,0.24905391037464142,0.25913,0.02231,65,0,target_object,0,,,0.455,pregrasp_collision,
755,cylinder,0.005,1.0,50.0,45.0,755,0,0.01402,0.25127944350242615,0.26426,0.06041,58,0,target_object,0,,,0.455,pregrasp_collision,
756,cylinder,0.005,1.0,50.0,45.0,10756,0,0.01402,0.25042617321014404,0.24053,0.00888,63,0,target_object,0,,,0.455,pregrasp_collision,
757,cylinder,0.005,1.0,50.0,45.0,20757,0,0.01402,0.25059187412261963,0.24604,0.03091,55,0,target_object,0,,,0.455,pregrasp_collision,
758,cylinder,0.005,1.0,50.0,45.0,30758,0,0.01402,0.24948006868362427,0.26394,0.03173,60,0,target_object,0,,,0.455,pregrasp_collision,
759,cylinder,0.005,1.0,50.0,45.0,40759,0,0.01402,0.2514207065105438,0.23091,0.01558,51,1,,1,0.00459,0.14977,0.6048,success,
760,cylinder,0.005,1.0,50.0,90.0,760,0,0.01401,0.2495136559009552,0.24459,0.08291,55,0,target_object,0,,,0.455,pregrasp_collision,
761,cylinder,0.005,1.0,50.0,90.0,10761,0,0.01401,0.25072091817855835,0.23545,0.01903,55,0,target_object,0,,,0.455,pregrasp_collision,
762,cylinder,0.005,1.0,50.0,90.0,20762,0,0.01401,0.2560305595397949,0.26326,0.02996,61,0,target_object,0,,,0.455,pregrasp_collision,
763,cylinder,0.005,1.0,50.0,90.0,30763,0,0.01401,0.24987202882766724,0.24886,0.0408,57,0,target_object,0,,,0.455,pregrasp_collision,
764,cylinder,0.005,1.0,50.0,90.0,40764,0,0.01401,0.25037217140197754,0.25852,0.02755,54,0,target_object,0,,,0.455,pregrasp_collision,
765,cylinder,0.005,1.0,55.0,0.0,765,0,0.01345,0.2438926249742508,0.22977,0.10462,51,1,,1,0.02964,0.1488,0.6038,success,
766,cylinder,0.005,1.0,55.0,0.0,10766,0,0.01345,0.25417137145996094,0.25012,0.1116,58,1,,1,0.03629,0.14835,0.6033,success,
767,cylinder,0.005,1.0,55.0,0.0,20767,0,0.01345,0.24447296559810638,0.25784,0.10344,55,1,,1,0.02838,0.14754,0.6025,success,
768,cylinder,0.005,1.0,55.0,0.0,30768,0,0.01345,0.24956166744232178,0.28031,0.10689,68,0,target_object,0,,,0.455,pregrasp_collision,
769,cylinder,0.005,1.0,55.0,0.0,40769,0,0.01345,0.24390888214111328,0.2712,0.1,61,0,target_object,0,,,0.455,pregrasp_collision,
770,cylinder,0.005,1.0,55.0,45.0,770,0,0.01344,0.24236106872558594,0.25555,0.0732,61,0,target_object,0,,,0.455,pregrasp_collision,
771,cylinder,0.005,1.0,55.0,45.0,10771,0,0.01344,0.2424255907535553,0.26119,0.00177,63,1,,1,0.00156,0.15017,0.6052,success,
772,cylinder,0.005,1.0,55.0,45.0,20772,0,0.01344,0.2414354383945465,0.23896,0.00493,54,1,,1,0.00612,0.1501,0.6051,success,
773,cylinder,0.005,1.0,55.0,45.0,30773,0,0.01344,0.24208861589431763,0.25834,0.10199,54,1,,1,0.02978,0.14893,0.6039,success,
774,cylinder,0.005,1.0,55.0,45.0,40774,0,0.01344,0.24280548095703125,0.25565,0.09381,55,1,,1,0.02554,0.14881,0.6038,success,
775,cylinder,0.005,1.0,55.0,90.0,775,0,0.01345,0.2455500364303589,0.2499,0.05473,53,0,target_object,0,,,0.455,pregrasp_collision,
776,cylinder,0.005,1.0,55.0,90.0,10776,0,0.01345,0.2435963749885559,0.24811,0.0333,59,0,target_object,0,,,0.455,pregrasp_collision,
777,cylinder,0.005,1.0,55.0,90.0,20777,0,0.01345,0.24554157257080078,0.26066,0.09817,55,0,target_object,0,,,0.455,pregrasp_collision,
778,cylinder,0.005,1.0,55.0,90.0,30778,0,0.01345,0.2597256898880005,0.26747,0.0783,51,0,target_object,0,,,0.455,pregrasp_collision,
779,cylinder,0.005,1.0,55.0,90.0,40779,0,0.01345,0.24305273592472076,0.26577,0.1023,61,0,target_object,0,,,0.455,pregrasp_collision,
780,cylinder,0.005,1.0,60.0,0.0,780,0,0.01281,0.24740993976593018,0.24543,0.10995,47,1,,1,0.03233,0.14876,0.6038,success,
781,cylinder,0.005,1.0,60.0,0.0,10781,0,0.01281,0.256148099899292,0.25355,0.10744,44,0,target_object,0,,,0.455,pregrasp_collision,
782,cylinder,0.005,1.0,60.0,0.0,20782,0,0.01281,0.2542811632156372,0.25114,0.04737,41,0,target_object,0,,,0.455,pregrasp_collision,
783,cylinder,0.005,1.0,60.0,0.0,30783,0,0.01281,0.24483227729797363,0.27253,0.10864,49,1,,1,0.02853,0.14765,0.6026,success,
784,cylinder,0.005,1.0,60.0,0.0,40784,0,0.01281,0.24875712394714355,0.27142,0.09702,54,0,target_object,0,,,0.455,pregrasp_collision,
785,cylinder,0.005,1.0,60.0,45.0,785,0,0.01284,0.2542825937271118,0.29331,0.09482,48,0,target_object,0,,,0.455,pregrasp_collision,
786,cylinder,0.005,1.0,60.0,45.0,10786,0,0.01284,0.26245272159576416,0.23946,0.03118,48,0,target_object,0,,,0.455,pregrasp_collision,
787,cylinder,0.005,1.0,60.0,45.0,20787,0,0.01284,0.23777282238006592,0.26324,0.11696,48,1,,1,0.03169,0.14562,0.6006,success,
788,cylinder,0.005,1.0,60.0,45.0,30788,0,0.01284,0.24910271167755127,0.2759,0.10404,46,0,target_object,0,,,0.455,pregrasp_collision,
789,cylinder,0.005,1.0,60.0,45.0,40789,0,0.01284,0.2579224109649658,0.2769,0.10284,42,0,target_object,0,,,0.455,pregrasp_collision,
790,cylinder,0.005,1.0,60.0,90.0,790,0,0.01281,0.24025607109069824,0.25572,0.06134,52,0,target_object,0,,,0.455,pregrasp_collision,
791,cylinder,0.005,1.0,60.0,90.0,10791,0,0.01281,0.24004817008972168,0.28019,0.09517,55,1,,1,0.02351,0.14918,0.6042,success,
792,cylinder,0.005,1.0,60.0,90.0,20792,0,0.01281,0.2507396936416626,0.2386,0.05128,52,0,target_object,0,,,0.455,pregrasp_collision,
793,cylinder,0.005,1.0,60.0,90.0,30793,0,0.01281,0.2632995843887329,0.25286,0.09673,44,0,target_object,0,,,0.455,pregrasp_collision,
794,cylinder,0.005,1.0,60.0,90.0,40794,0,0.01281,0.24434542655944824,0.25646,0.10282,50,0,target_object,0,,,0.455,pregrasp_collision,
795,cylinder,0.005,1.0,65.0,0.0,795,0,0.01204,0.2561875581741333,0.26732,0.08286,41,0,target_object,0,,,0.455,pregrasp_collision,
796,cylinder,0.005,1.0,65.0,0.0,10796,0,0.01204,0.2471538782119751,0.25405,0.11337,44,1,,1,0.03488,0.14929,0.6043,success,
797,cylinder,0.005,1.0,65.0,0.0,20797,0,0.01204,0.25177741050720215,0.267,0.10828,48,1,,1,0.03083,0.14831,0.6033,success,
798,cylinder,0.005,1.0,65.0,0.0,30798,0,0.01204,0.24639952182769775,0.2761,0.09466,44,0,target_object,0,,,0.455,pregrasp_collision,
799,cylinder,0.005,1.0,65.0,0.0,40799,0,0.01204,0.25199007987976074,0.26964,0.08402,42,0,target_object,0,,,0.455,pregrasp_collision,
800,cylinder,0.005,1.0,65.0,45.0,800,0,0.0121,0.26876914501190186,0.26928,0.10876,39,0,target_object,0,,,0.455,pregrasp_collision,
801,cylinder,0.005,1.0,65.0,45.0,10801,0,0.0121,0.25790131092071533,0.26644,0.11298,40,1,,1,0.02957,0.14736,0.6024,success,
802,cylinder,0.005,1.0,65.0,45.0,20802,0,0.0121,0.25772809982299805,0.26634,0.10547,47,0,target_object,0,,,0.455,pregrasp_collision,
803,cylinder,0.005,1.0,65.0,45.0,30803,0,0.0121,0.2519491910934448,0.25524,0.10082,42,0,target_object,0,,,0.455,pregrasp_collision,
804,cylinder,0.005,1.0,65.0,45.0,40804,0,0.0121,0.26771795749664307,0.25051,0.12169,42,1,,0,0.05421,0.00184,0.4568,executed_dropped,
805,cylinder,0.005,1.0,65.0,90.0,805,0,0.01204,0.2524164915084839,0.26782,0.11142,45,0,target_object,0,,,0.455,pregrasp_collision,
806,cylinder,0.005,1.0,65.0,90.0,10806,0,0.01204,0.2533254623413086,0.25822,0.1115,43,0,target_object,0,,,0.455,pregrasp_collision,
807,cylinder,0.005,1.0,65.0,90.0,20807,0,0.01204,0.2482692003250122,0.26205,0.11367,38,1,,1,0.03491,0.14971,0.6047,success,
808,cylinder,0.005,1.0,65.0,90.0,30808,0,0.01204,0.2562299966812134,0.24923,0.09815,42,0,target_object,0,,,0.455,pregrasp_collision,
809,cylinder,0.005,1.0,65.0,90.0,40809,0,0.01204,0.2525709867477417,0.25558,0.08944,41,0,target_object,0,,,0.455,pregrasp_collision,
810,cylinder,0.005,0.75,30.0,0.0,810,0,0.01517,0.26146841049194336,0.22594,0.07331,37,0,target_object,0,,,0.455,pregrasp_collision,
811,cylinder,0.005,0.75,30.0,0.0,10811,0,0.01517,0.26286667585372925,0.23087,0.06823,48,0,target_object,0,,,0.455,pregrasp_collision,
812,cylinder,0.005,0.75,30.0,0.0,20812,0,0.01517,0.2615710198879242,0.2065,0.07314,32,1,,1,0.0289,0.1486,0.6036,success,
813,cylinder,0.005,0.75,30.0,0.0,30813,0,0.01517,0.2623478174209595,0.21252,0.07209,33,1,,1,0.0299,0.14805,0.603,success,
814,cylinder,0.005,0.75,30.0,0.0,40814,0,0.01517,0.26093757152557373,0.22289,0.06825,38,0,target_object,0,,,0.455,pregrasp_collision,
815,cylinder,0.005,0.75,30.0,45.0,815,0,0.01518,0.2609490156173706,0.21472,0.07053,50,0,target_object,0,,,0.455,pregrasp_collision,
816,cylinder,0.005,0.75,30.0,45.0,10816,0,0.01518,0.26198649406433105,0.24529,0.07007,53,0,target_object,0,,,0.455,pregrasp_collision,
817,cylinder,0.005,0.75,30.0,45.0,20817,0,0.01518,0.26141098141670227,0.21793,0.05858,51,0,target_object,0,,,0.455,pregrasp_collision,
818,cylinder,0.005,0.75,30.0,45.0,30818,0,0.01518,0.2613058388233185,0.22111,0.06101,43,0,target_object,0,,,0.455,pregrasp_collision,
819,cylinder,0.005,0.75,30.0,45.0,40819,0,0.01518,0.26253750920295715,0.22152,0.05855,39,0,target_object,0,,,0.455,pregrasp_collision,
820,cylinder,0.005,0.75,30.0,90.0,820,0,0.01517,0.26140397787094116,0.22125,0.06927,48,1,,1,0.02877,0.14951,0.6045,success,
821,cylinder,0.005,0.75,30.0,90.0,10821,0,0.01517,0.26103952527046204,0.22401,0.07257,45,1,,1,0.02678,0.14875,0.6037,success,
822,cylinder,0.005,0.75,30.0,90.0,20822,0,0.01517,0.2610592246055603,0.23002,0.07565,48,1,,1,0.03395,0.14987,0.6049,success,
823,cylinder,0.005,0.75,30.0,90.0,30823,0,0.01517,0.26207709312438965,0.22783,0.0719,39,0,target_object,0,,,0.455,pregrasp_collision,
824,cylinder,0.005,0.75,30.0,90.0,40824,0,0.01517,0.26157093048095703,0.21735,0.06724,29,0,target_object,0,,,0.455,pregrasp_collision,
825,cylinder,0.005,0.75,45.0,0.0,825,0,0.01445,0.25658005475997925,0.22623,0.08846,25,1,,1,0.03106,0.14863,0.6036,success,
826,cylinder,0.005,0.75,45.0,0.0,10826,0,0.01445,0.2549217939376831,0.25631,0.08878,37,0,target_object,0,,,0.455,pregrasp_collision,
827,cylinder,0.005,0.75,45.0,0.0,20827,0,0.01445,0.2553696930408478,0.24567,0.06275,28,0,target_object,0,,,0.455,pregrasp_collision,
828,cylinder,0.005,0.75,45.0,0.0,30828,0,0.01445,0.256305992603302,0.23673,0.07582,35,0,target_object,0,,,0.455,pregrasp_collision,
829,cylinder,0.005,0.75,45.0,0.0,40829,0,0.01445,0.25704044103622437,0.22882,0.0974,30,1,,1,0.03238,0.1485,0.6035,success,
830,cylinder,0.005,0.75,45.0,45.0,830,0,0.01447,0.25614166259765625,0.23549,0.08703,31,1,,1,0.02137,0.14592,0.6009,success,
831,cylinder,0.005,0.75,45.0,45.0,10831,0,0.01447,0.25757068395614624,0.23593,0.08556,35,0,target_object,0,,,0.455,pregrasp_collision,
832,cylinder,0.005,0.75,45.0,45.0,20832,0,0.01447,0.2571679651737213,0.24309,0.07627,26,1,,1,0.02989,0.14866,0.6037,success,
833,cylinder,0.005,0.75,45.0,45.0,30833,0,0.01447,0.2558943033218384,0.24652,0.08534,34,0,target_object,0,,,0.455,pregrasp_collision,
834,cylinder,0.005,0.75,45.0,45.0,40834,0,0.01447,0.25658857822418213,0.2377,0.08725,23,0,target_object,0,,,0.455,pregrasp_collision,
835,cylinder,0.005,0.75,45.0,90.0,835,0,0.01445,0.25532570481300354,0.24688,0.08896,37,0,target_object,0,,,0.455,pregrasp_collision,
836,cylinder,0.005,0.75,45.0,90.0,10836,0,0.01445,0.2564865052700043,0.23051,0.07729,24,0,target_object,0,,,0.455,pregrasp_collision,
837,cylinder,0.005,0.75,45.0,90.0,20837,0,0.01445,0.2567470669746399,0.23904,0.09486,28,0,target_object,0,,,0.455,pregrasp_collision,
838,cylinder,0.005,0.75,45.0,90.0,30838,0,0.01445,0.25611060857772827,0.25022,0.07185,34,0,target_object,0,,,0.455,pregrasp_collision,
839,cylinder,0.005,0.75,45.0,90.0,40839,0,0.01445,0.2569565773010254,0.24684,0.0741,35,0,target_object,0,,,0.455,pregrasp_collision,
840,cylinder,0.005,0.75,50.0,0.0,840,0,0.01401,0.25126415491104126,0.24803,0.06864,37,0,target_object,0,,,0.455,pregrasp_collision,
841,cylinder,0.005,0.75,50.0,0.0,10841,0,0.01401,0.25046661496162415,0.23163,0.08209,31,0,target_object,0,,,0.455,pregrasp_collision,
842,cylinder,0.005,0.75,50.0,0.0,20842,0,0.01401,0.25050535798072815,0.226,0.07728,38,1,,1,0.02728,0.14857,0.6036,success,
843,cylinder,0.005,0.75,50.0,0.0,30843,0,0.01401,0.2497795820236206,0.24131,0.08327,33,0,target_object,0,,,0.455,pregrasp_collision,
844,cylinder,0.005,0.75,50.0,0.0,40844,0,0.01401,0.24951015412807465,0.23433,0.0808,31,0,target_object,0,,,0.455,pregrasp_collision,
845,cylinder,0.005,0.75,50.0,45.0,845,0,0.01402,0.2503727674484253,0.24414,0.07508,38,0,target_object,0,,,0.455,pregrasp_collision,
846,cylinder,0.005,0.75,50.0,45.0,10846,0,0.01402,0.2505107522010803,0.24581,0.08536,38,0,target_object,0,,,0.455,pregrasp_collision,
847,cylinder,0.005,0.75,50.0,45.0,20847,0,0.01402,0.2569129467010498,0.24699,0.07724,37,0,target_object,0,,,0.455,pregrasp_collision,
848,cylinder,0.005,0.75,50.0,45.0,30848,0,0.01402,0.25020480155944824,0.24059,0.10071,30,0,target_object,0,,,0.455,pregrasp_collision,
849,cylinder,0.005,0.75,50.0,45.0,40849,0,0.01402,0.2502158582210541,0.23763,0.08928,33,0,target_object,0,,,0.455,pregrasp_collision,
850,cylinder,0.005,0.75,50.0,90.0,850,0,0.01401,0.24901971220970154,0.23754,0.0804,29,0,target_object,0,,,0.455,pregrasp_collision,
851,cylinder,0.005,0.75,50.0,90.0,10851,0,0.01401,0.2504417896270752,0.23724,0.087,30,1,,1,0.03463,0.14937,0.6044,success,
852,cylinder,0.005,0.75,50.0,90.0,20852,0,0.01401,0.24988490343093872,0.22962,0.08621,37,0,target_object,0,,,0.455,pregrasp_collision,
853,cylinder,0.005,0.75,50.0,90.0,30853,0,0.01401,0.24903938174247742,0.23095,0.0845,29,0,target_object,0,,,0.455,pregrasp_collision,
854,cylinder,0.005,0.75,50.0,90.0,40854,0,0.01401,0.24930879473686218,0.24082,0.08432,40,0,target_object,0,,,0.455,pregrasp_collision,
855,cylinder,0.005,0.75,55.0,0.0,855,0,0.01345,0.2480175495147705,0.23896,0.10475,34,0,target_object,0,,,0.455,pregrasp_collision,
856,cylinder,0.005,0.75,55.0,0.0,10856,0,0.01345,0.24638664722442627,0.24612,0.07757,36,0,target_object,0,,,0.455,pregrasp_collision,
857,cylinder,0.005,0.75,55.0,0.0,20857,0,0.01345,0.24454796314239502,0.23607,0.09213,34,0,target_object,0,,,0.455,pregrasp_collision,
858,cylinder,0.005,0.75,55.0,0.0,30858,0,0.01345,0.24448847770690918,0.23702,0.09182,39,0,target_object,0,,,0.455,pregrasp_collision,
859,cylinder,0.005,0.75,55.0,0.0,40859,0,0.01345,0.2444165199995041,0.23844,0.08527,30,1,,1,0.02882,0.14859,0.6036,success,
860,cylinder,0.005,0.75,55.0,45.0,860,0,0.01344,0.2469332218170166,0.24635,0.07965,34,1,,1,0.02861,0.14875,0.6037,success,
861,cylinder,0.005,0.75,55.0,45.0,10861,0,0.01344,0.24172081053256989,0.24745,0.10433,35,0,target_object,0,,,0.455,pregrasp_collision,
862,cylinder,0.005,0.75,55.0,45.0,20862,0,0.01344,0.2538682222366333,0.25254,0.08927,31,0,target_object,0,,,0.455,pregrasp_collision,
863,cylinder,0.005,0.75,55.0,45.0,30863,0,0.01344,0.24207556247711182,0.23049,0.0924,34,0,target_object,0,,,0.455,pregrasp_collision,
864,cylinder,0.005,0.75,55.0,45.0,40864,0,0.01344,0.2450345754623413,0.23234,0.09045,34,0,target_object,0,,,0.455,pregrasp_collision,
865,cylinder,0.005,0.75,55.0,90.0,865,0,0.01345,0.24340294301509857,0.24666,0.09869,39,1,,1,0.03335,0.14915,0.6041,success,
866,cylinder,0.005,0.75,55.0,90.0,10866,0,0.01345,0.24936234951019287,0.22597,0.10375,38,1,,1,0.03546,0.1489,0.6039,success,
867,cylinder,0.005,0.75,55.0,90.0,20867,0,0.01345,0.24755775928497314,0.23692,0.09116,39,0,target_object,0,,,0.455,pregrasp_collision,
868,cylinder,0.005,0.75,55.0,90.0,30868,0,0.01345,0.24426905810832977,0.24088,0.08216,37,0,target_object,0,,,0.455,pregrasp_collision,
869,cylinder,0.005,0.75,55.0,90.0,40869,0,0.01345,0.24725139141082764,0.2364,0.08031,38,1,,1,0.02293,0.14977,0.6048,success,
870,cylinder,0.005,0.75,60.0,0.0,870,0,0.01281,0.2349792718887329,0.23965,0.08816,41,1,,1,0.03083,0.14849,0.6035,success,
871,cylinder,0.005,0.75,60.0,0.0,10871,0,0.01281,0.24412310123443604,0.24266,0.10065,37,0,target_object,0,,,0.455,pregrasp_collision,
872,cylinder,0.005,0.75,60.0,0.0,20872,0,0.01281,0.24958527088165283,0.24508,0.08081,31,0,target_object,0,,,0.455,pregrasp_collision,
873,cylinder,0.005,0.75,60.0,0.0,30873,0,0.01281,0.25578999519348145,0.22923,0.10614,35,0,target_object,0,,,0.455,pregrasp_collision,
874,cylinder,0.005,0.75,60.0,0.0,40874,0,0.01281,0.2543855905532837,0.20402,0.07461,29,0,target_object,0,,,0.455,pregrasp_collision,
875,cylinder,0.005,0.75,60.0,45.0,875,0,0.01284,0.24738669395446777,0.25163,0.09307,36,0,target_object,0,,,0.455,pregrasp_collision,
876,cylinder,0.005,0.75,60.0,45.0,10876,0,0.01284,0.2550821304321289,0.23498,0.09262,31,0,target_object,0,,,0.455,pregrasp_collision,
877,cylinder,0.005,0.75,60.0,45.0,20877,0,0.01284,0.24407100677490234,0.24765,0.09325,32,1,,1,0.03131,0.1483,0.6033,success,
878,cylinder,0.005,0.75,60.0,45.0,30878,0,0.01284,0.2492504119873047,0.24774,0.09438,34,1,,1,0.03282,0.14892,0.6039,success,
879,cylinder,0.005,0.75,60.0,45.0,40879,0,0.01284,0.25322604179382324,0.23589,0.09666,33,1,,1,0.03429,0.14792,0.6029,success,
880,cylinder,0.005,0.75,60.0,90.0,880,0,0.01281,0.24563491344451904,0.25236,0.07619,35,0,target_object,0,,,0.455,pregrasp_collision,
881,cylinder,0.005,0.75,60.0,90.0,10881,0,0.01281,0.24949538707733154,0.23694,0.0838,34,1,,1,0.03083,0.14949,0.6045,success,
882,cylinder,0.005,0.75,60.0,90.0,20882,0,0.01281,0.24626576900482178,0.22812,0.09878,30,0,target_object,0,,,0.455,pregrasp_collision,
883,cylinder,0.005,0.75,60.0,90.0,30883,0,0.01281,0.24186921119689941,0.25047,0.09475,38,1,,1,0.02777,0.14759,0.6026,success,
884,cylinder,0.005,0.75,60.0,90.0,40884,0,0.01281,0.24408018589019775,0.24888,0.09808,37,0,target_object,0,,,0.455,pregrasp_collision,
885,cylinder,0.005,0.75,65.0,0.0,885,0,0.01204,0.26381170749664307,0.24292,0.02544,27,0,target_object,0,,,0.455,pregrasp_collision,
886,cylinder,0.005,0.75,65.0,0.0,10886,0,0.01204,0.2543755769729614,0.23298,0.10468,29,0,target_object,0,,,0.455,pregrasp_collision,
887,cylinder,0.005,0.75,65.0,0.0,20887,0,0.01204,0.2608792781829834,0.25623,0.10705,27,0,target_object,0,,,0.455,pregrasp_collision,
888,cylinder,0.005,0.75,65.0,0.0,30888,0,0.01204,0.25376594066619873,0.24371,0.02178,27,1,,1,0.00062,0.1497,0.6047,success,
889,cylinder,0.005,0.75,65.0,0.0,40889,0,0.01204,0.26336240768432617,0.22991,0.10187,37,0,target_object,0,,,0.455,pregrasp_collision,
890,cylinder,0.005,0.75,65.0,45.0,890,0,0.0121,0.2586817741394043,0.24769,0.09537,27,0,target_object,0,,,0.455,pregrasp_collision,
891,cylinder,0.005,0.75,65.0,45.0,10891,0,0.0121,0.26018595695495605,0.26819,0.10656,32,1,,1,0.03016,0.14881,0.6038,success,
892,cylinder,0.005,0.75,65.0,45.0,20892,0,0.0121,0.25985896587371826,0.27127,0.10866,34,1,,1,0.03041,0.14859,0.6036,success,
893,cylinder,0.005,0.75,65.0,45.0,30893,0,0.0121,0.2588618993759155,0.23053,0.02766,32,0,target_object,0,,,0.455,pregrasp_collision,
894,cylinder,0.005,0.75,65.0,45.0,40894,0,0.0121,0.2675255537033081,0.24982,0.09089,28,0,target_object,0,,,0.455,pregrasp_collision,
895,cylinder,0.005,0.75,65.0,90.0,895,0,0.01204,0.24693512916564941,0.23577,0.10655,31,0,target_object,0,,,0.455,pregrasp_collision,
896,cylinder,0.005,0.75,65.0,90.0,10896,0,0.01204,0.24935948848724365,0.22993,0.10816,26,1,,1,0.03129,0.14933,0.6043,success,
897,cylinder,0.005,0.75,65.0,90.0,20897,0,0.01204,0.24769103527069092,0.23588,0.09707,25,0,target_object,0,,,0.455,pregrasp_collision,
898,cylinder,0.005,0.75,65.0,90.0,30898,0,0.01204,0.2543691396713257,0.25847,0.06173,28,0,target_object,0,,,0.455,pregrasp_collision,
899,cylinder,0.005,0.75,65.0,90.0,40899,0,0.01204,0.250984787940979,0.25797,0.11637,26,0,target_object,0,,,0.455,pregrasp_collision,
900,cylinder,0.005,0.5,30.0,0.0,900,0,0.01517,0.26048538088798523,0.2302,0.06366,22,0,target_object,0,,,0.455,pregrasp_collision,
901,cylinder,0.005,0.5,30.0,0.0,10901,0,0.01517,0.2606545090675354,0.24504,0.06332,32,0,target_object,0,,,0.455,pregrasp_collision,
902,cylinder,0.005,0.5,30.0,0.0,20902,0,0.01517,0.26115190982818604,0.22888,0.06912,27,0,target_object,0,,,0.455,pregrasp_collision,
903,cylinder,0.005,0.5,30.0,0.0,30903,0,0.01517,0.2614583671092987,0.22083,0.07023,22,1,,1,0.0279,0.14881,0.6038,success,
904,cylinder,0.005,0.5,30.0,0.0,40904,0,0.01517,0.2612200379371643,0.22732,0.06726,28,1,,1,0.02878,0.14831,0.6033,success,
905,cylinder,0.005,0.5,30.0,45.0,905,0,0.01518,0.26138681173324585,0.21015,0.05108,39,0,target_object,0,,,0.455,pregrasp_collision,
906,cylinder,0.005,0.5,30.0,45.0,10906,0,0.01518,0.26169806718826294,0.21509,0.07379,22,0,target_object,0,,,0.455,pregrasp_collision,
907,cylinder,0.005,0.5,30.0,45.0,20907,0,0.01518,0.2607809007167816,0.22067,0.07028,43,0,target_object,0,,,0.455,pregrasp_collision,
908,cylinder,0.005,0.5,30.0,45.0,30908,0,0.01518,0.26262980699539185,0.1933,0.08165,37,1,,1,0.02459,0.14605,0.601,success,
909,cylinder,0.005,0.5,30.0,45.0,40909,0,0.01518,0.25965309143066406,0.244,0.06167,36,0,target_object,0,,,0.455,pregrasp_collision,
910,cylinder,0.005,0.5,30.0,90.0,910,0,0.01517,0.2612188458442688,0.21637,0.07481,22,0,target_object,0,,,0.455,pregrasp_collision,
911,cylinder,0.005,0.5,30.0,90.0,10911,0,0.01517,0.2625720798969269,0.23931,0.0644,27,0,target_object,0,,,0.455,pregrasp_collision,
912,cylinder,0.005,0.5,30.0,90.0,20912,0,0.01517,0.2612385153770447,0.23027,0.05734,16,0,target_object,0,,,0.455,pregrasp_collision,
913,cylinder,0.005,0.5,30.0,90.0,30913,0,0.01517,0.2622208595275879,0.20713,0.06566,14,0,target_object,0,,,0.455,pregrasp_collision,
914,cylinder,0.005,0.5,30.0,90.0,40914,0,0.01517,0.26176226139068604,0.20555,0.07204,20,0,target_object,0,,,0.455,pregrasp_collision,
915,cylinder,0.005,0.5,45.0,0.0,915,0,0.01445,0.2566024661064148,0.22253,0.09608,9,0,target_object,0,,,0.455,pregrasp_collision,
916,cylinder,0.005,0.5,45.0,0.0,10916,0,0.01445,0.25637680292129517,0.24323,0.08933,35,0,target_object,0,,,0.455,pregrasp_collision,
917,cylinder,0.005,0.5,45.0,0.0,20917,0,0.01445,0.2554665207862854,0.23016,0.0819,12,1,,1,0.03413,0.14889,0.6039,success,
918,cylinder,0.005,0.5,45.0,0.0,30918,0,0.01445,0.25516632199287415,0.24478,0.09299,9,0,target_object,0,,,0.455,pregrasp_collision,
919,cylinder,0.005,0.5,45.0,0.0,40919,0,0.01445,0.25500527024269104,0.22303,0.09703,8,0,target_object,0,,,0.455,pregrasp_collision,
920,cylinder,0.005,0.5,45.0,45.0,920,0,0.01447,0.2557440996170044,0.24753,0.07721,41,0,target_object,0,,,0.455,pregrasp_collision,
921,cylinder,0.005,0.5,45.0,45.0,10921,0,0.01447,0.2559741139411926,0.22569,0.0851,9,0,target_object,0,,,0.455,pregrasp_collision,
922,cylinder,0.005,0.5,45.0,45.0,20922,0,0.01447,0.25556817650794983,0.2412,0.08242,9,0,target_object,0,,,0.455,pregrasp_collision,
923,cylinder,0.005,0.5,45.0,45.0,30923,0,0.01447,0.255240797996521,0.24514,0.08294,35,0,target_object,0,,,0.455,pregrasp_collision,
924,cylinder,0.005,0.5,45.0,45.0,40924,0,0.01447,0.2554721534252167,0.25056,0.07286,44,0,target_object,0,,,0.455,pregrasp_collision,
925,cylinder,0.005,0.5,45.0,90.0,925,0,0.01445,0.25566744804382324,0.23825,0.08646,41,1,,1,0.0278,0.14944,0.6044,success,
926,cylinder,0.005,0.5,45.0,90.0,10926,0,0.01445,0.25714194774627686,0.19394,0.11189,6,1,,1,0.03566,0.14747,0.6025,success,
927,cylinder,0.005,0.5,45.0,90.0,20927,0,0.01445,0.25460582971572876,0.18419,0.08183,4,0,target_object,0,,,0.455,pregrasp_collision,
928,cylinder,0.005,0.5,45.0,90.0,30928,0,0.01445,0.25560131669044495,0.23967,0.08562,16,1,,1,0.02347,0.14623,0.6012,success,
929,cylinder,0.005,0.5,45.0,90.0,40929,0,0.01445,0.25597044825553894,0.23767,0.07988,11,0,target_object,0,,,0.455,pregrasp_collision,
930,cylinder,0.005,0.5,50.0,0.0,930,0,0.01401,0.24870601296424866,0.22979,0.09627,8,0,target_object,0,,,0.455,pregrasp_collision,
931,cylinder,0.005,0.5,50.0,0.0,10931,0,0.01401,0.25047144293785095,0.2552,0.0657,36,0,target_object,0,,,0.455,pregrasp_collision,
932,cylinder,0.005,0.5,50.0,0.0,20932,0,0.01401,0.24880504608154297,0.24676,0.08954,10,1,,1,0.03189,0.14814,0.6031,success,
933,cylinder,0.005,0.5,50.0,0.0,30933,0,0.01401,0.2501194179058075,0.21153,0.10162,7,1,,1,0.02319,0.14862,0.6036,success,
934,cylinder,0.005,0.5,50.0,0.0,40934,0,0.01401,0.2504875659942627,0.25118,0.08272,7,1,,1,0.03221,0.14876,0.6037,success,
935,cylinder,0.005,0.5,50.0,45.0,935,0,0.01402,0.24981632828712463,0.24219,0.08705,13,1,,1,0.03264,0.14871,0.6037,success,
936,cylinder,0.005,0.5,50.0,45.0,10936,0,0.01402,0.25102683901786804,0.25528,0.08467,41,0,target_object,0,,,0.455,pregrasp_collision,
937,cylinder,0.005,0.5,50.0,45.0,20937,0,0.01402,0.2507583498954773,0.25298,0.09376,17,0,target_object,0,,,0.455,pregrasp_collision,
938,cylinder,0.005,0.5,50.0,45.0,30938,0,0.01402,0.2511114776134491,0.25875,0.08267,15,1,,1,0.03398,0.14857,0.6036,success,
939,cylinder,0.005,0.5,50.0,45.0,40939,0,0.01402,0.24803930521011353,0.25441,0.08566,12,0,target_object,0,,,0.455,pregrasp_collision,
940,cylinder,0.005,0.5,50.0,90.0,940,0,0.01401,0.24901893734931946,0.25769,0.0894,7,0,target_object,0,,,0.455,pregrasp_collision,
941,cylinder,0.005,0.5,50.0,90.0,10941,0,0.01401,0.2500218152999878,0.24425,0.0942,7,0,target_object,0,,,0.455,pregrasp_collision,
942,cylinder,0.005,0.5,50.0,90.0,20942,0,0.01401,0.24962203204631805,0.22957,0.10659,8,1,,1,0.01762,0.14748,0.6025,success,
943,cylinder,0.005,0.5,50.0,90.0,30943,0,0.01401,0.2489059418439865,0.22676,0.09158,10,1,,1,0.0262,0.14723,0.6022,success,
944,cylinder,0.005,0.5,50.0,90.0,40944,0,0.01401,0.25045302510261536,0.24198,0.09239,11,0,target_object,0,,,0.455,pregrasp_collision,
945,cylinder,0.005,0.5,55.0,0.0,945,0,0.01345,0.2458861917257309,0.25504,0.10289,22,0,target_object,0,,,0.455,pregrasp_collision,
946,cylinder,0.005,0.5,55.0,0.0,10946,0,0.01345,0.24794042110443115,0.24873,0.09887,18,0,target_object,0,,,0.455,pregrasp_collision,
947,cylinder,0.005,0.5,55.0,0.0,20947,0,0.01345,0.24386821687221527,0.24395,0.10363,15,0,target_object,0,,,0.455,pregrasp_collision,
948,cylinder,0.005,0.5,55.0,0.0,30948,0,0.01345,0.24249602854251862,0.25354,0.09674,22,0,target_object,0,,,0.455,pregrasp_collision,
949,cylinder,0.005,0.5,55.0,0.0,40949,0,0.01345,0.2440778911113739,0.25786,0.08952,20,1,,1,0.03278,0.1486,0.6036,success,
950,cylinder,0.005,0.5,55.0,45.0,950,0,0.01344,0.25398850440979004,0.25027,0.10078,22,1,,1,0.0299,0.14844,0.6034,success,
951,cylinder,0.005,0.5,55.0,45.0,10951,0,0.01344,0.2429671287536621,0.24603,0.09959,15,0,target_object,0,,,0.455,pregrasp_collision,
952,cylinder,0.005,0.5,55.0,45.0,20952,0,0.01344,0.2425830066204071,0.24773,0.09827,18,0,target_object,0,,,0.455,pregrasp_collision,
953,cylinder,0.005,0.5,55.0,45.0,30953,0,0.01344,0.24317988753318787,0.24689,0.08651,15,0,target_object,0,,,0.455,pregrasp_collision,
954,cylinder,0.005,0.5,55.0,45.0,40954,0,0.01344,0.24109849333763123,0.24308,0.08904,17,0,target_object,0,,,0.455,pregrasp_collision,
955,cylinder,0.005,0.5,55.0,90.0,955,0,0.01345,0.24374333024024963,0.24709,0.10155,21,0,target_object,0,,,0.455,pregrasp_collision,
956,cylinder,0.005,0.5,55.0,90.0,10956,0,0.01345,0.24384476244449615,0.25059,0.09298,18,0,target_object,0,,,0.455,pregrasp_collision,
957,cylinder,0.005,0.5,55.0,90.0,20957,0,0.01345,0.2448696494102478,0.25099,0.0993,14,0,target_object,0,,,0.455,pregrasp_collision,
958,cylinder,0.005,0.5,55.0,90.0,30958,0,0.01345,0.2501685619354248,0.25859,0.08756,18,1,,1,0.032,0.14906,0.604,success,
959,cylinder,0.005,0.5,55.0,90.0,40959,0,0.01345,0.24410009384155273,0.23942,0.10811,14,0,target_object,0,,,0.455,pregrasp_collision,
960,cylinder,0.005,0.5,60.0,0.0,960,0,0.01281,0.2576577663421631,0.23914,0.09724,14,1,,1,0.03072,0.14817,0.6032,success,
961,cylinder,0.005,0.5,60.0,0.0,10961,0,0.01281,0.24687373638153076,0.24003,0.09659,15,1,,1,0.03423,0.14871,0.6037,success,
962,cylinder,0.005,0.5,60.0,0.0,20962,0,0.01281,0.24386906623840332,0.26318,0.09575,19,0,target_object,0,,,0.455,pregrasp_collision,
963,cylinder,0.005,0.5,60.0,0.0,30963,0,0.01281,0.23832917213439941,0.26618,0.10512,24,0,target_object,0,,,0.455,pregrasp_collision,
964,cylinder,0.005,0.5,60.0,0.0,40964,0,0.01281,0.2461930513381958,0.24093,0.07451,22,0,target_object,0,,,0.455,pregrasp_collision,
965,cylinder,0.005,0.5,60.0,45.0,965,0,0.01284,0.23497426509857178,0.2495,0.10266,22,0,target_object,0,,,0.455,pregrasp_collision,
966,cylinder,0.005,0.5,60.0,45.0,10966,0,0.01284,0.2497546672821045,0.23491,0.0859,20,0,target_object,0,,,0.455,pregrasp_collision,
967,cylinder,0.005,0.5,60.0,45.0,20967,0,0.01284,0.25257349014282227,0.24083,0.09505,23,1,,1,0.03034,0.1476,0.6026,success,
968,cylinder,0.005,0.5,60.0,45.0,30968,0,0.01284,0.2636995315551758,0.24549,0.09653,26,1,,1,0.03353,0.14863,0.6036,success,
969,cylinder,0.005,0.5,60.0,45.0,40969,0,0.01284,0.25492942333221436,0.26047,0.10075,24,0,target_object,0,,,0.455,pregrasp_collision,
970,cylinder,0.005,0.5,60.0,90.0,970,0,0.01281,0.23492777347564697,0.2601,0.08981,24,0,target_object,0,,,0.455,pregrasp_collision,
971,cylinder,0.005,0.5,60.0,90.0,10971,0,0.01281,0.24239599704742432,0.23674,0.11473,18,0,target_object,0,,,0.455,pregrasp_collision,
972,cylinder,0.005,0.5,60.0,90.0,20972,0,0.01281,0.24172234535217285,0.25236,0.09577,19,1,,1,0.0336,0.14942,0.6044,success,
973,cylinder,0.005,0.5,60.0,90.0,30973,0,0.01281,0.257457971572876,0.2488,0.09191,22,0,target_object,0,,,0.455,pregrasp_collision,
974,cylinder,0.005,0.5,60.0,90.0,40974,0,0.01281,0.241005539894104,0.25005,0.09772,21,0,target_object,0,,,0.455,pregrasp_collision,
975,cylinder,0.005,0.5,65.0,0.0,975,0,0.01204,0.24324750900268555,0.25723,0.10278,14,0,target_object,0,,,0.455,pregrasp_collision,
976,cylinder,0.005,0.5,65.0,0.0,10976,0,0.01204,0.2509877681732178,0.20504,0.12079,12,1,,0,0.06042,0.0,0.455,executed_dropped,
977,cylinder,0.005,0.5,65.0,0.0,20977,0,0.01204,0.25578832626342773,0.22322,0.08254,13,0,target_object,0,,,0.455,pregrasp_collision,
978,cylinder,0.005,0.5,65.0,0.0,30978,0,0.01204,0.25242292881011963,0.23339,0.09409,18,0,target_object,0,,,0.455,pregrasp_collision,
979,cylinder,0.005,0.5,65.0,0.0,40979,0,0.01204,0.25002217292785645,0.23238,0.09193,15,1,,1,0.02637,0.14866,0.6036,success,
980,cylinder,0.005,0.5,65.0,45.0,980,0,0.0121,0.24782109260559082,0.22476,0.12113,18,0,target_object,0,,,0.455,pregrasp_collision,
981,cylinder,0.005,0.5,65.0,45.0,10981,0,0.0121,0.24895846843719482,0.24923,0.11072,24,0,target_object,0,,,0.455,pregrasp_collision,
982,cylinder,0.005,0.5,65.0,45.0,20982,0,0.0121,0.243735671043396,0.24129,0.1128,28,0,target_object,0,,,0.455,pregrasp_collision,
983,cylinder,0.005,0.5,65.0,45.0,30983,0,0.0121,0.2515157461166382,0.24133,0.09855,20,0,target_object,0,,,0.455,pregrasp_collision,
984,cylinder,0.005,0.5,65.0,45.0,40984,0,0.0121,0.2568032741546631,0.23508,0.11527,19,0,target_object,0,,,0.455,pregrasp_collision,
985,cylinder,0.005,0.5,65.0,90.0,985,0,0.01204,0.24127745628356934,0.23553,0.10235,20,0,target_object,0,,,0.455,pregrasp_collision,
986,cylinder,0.005,0.5,65.0,90.0,10986,0,0.01204,0.2486814260482788,0.2429,0.11612,8,0,target_object,0,,,0.455,pregrasp_collision,
987,cylinder,0.005,0.5,65.0,90.0,20987,0,0.01204,0.25073421001434326,0.25874,0.10178,24,0,target_object,0,,,0.455,pregrasp_collision,
988,cylinder,0.005,0.5,65.0,90.0,30988,0,0.01204,0.271106481552124,0.20802,0.06902,16,0,target_object,0,,,0.455,pregrasp_collision,
989,cylinder,0.005,0.5,65.0,90.0,40989,0,0.01204,0.257254958152771,0.24308,0.1028,16,0,target_object,0,,,0.455,pregrasp_collision,
990,cylinder,0.005,0.25,30.0,0.0,990,0,0.01517,0.26302123069763184,0.24506,0.08208,15,1,,1,0.03449,0.14898,0.604,success,
991,cylinder,0.005,0.25,30.0,0.0,10991,0,0.01517,0.2614053189754486,0.24761,0.0642,20,0,target_object,0,,,0.455,pregrasp_collision,
992,cylinder,0.005,0.25,30.0,0.0,20992,0,0.01517,0.26158249378204346,0.23227,0.04536,3,0,target_object,0,,,0.455,pregrasp_collision,
993,cylinder,0.005,0.25,30.0,0.0,30993,0,0.01517,0.2599741816520691,0.21696,0.05233,5,0,target_object,0,,,0.455,pregrasp_collision,
994,cylinder,0.005,0.25,30.0,0.0,40994,0,0.01517,0.26166629791259766,0.16191,0.06683,1,0,target_object,0,,,0.455,pregrasp_collision,
995,cylinder,0.005,0.25,30.0,45.0,995,0,0.01518,0.2601171135902405,,,0,,,0,,,,no_grasps,no_grasps
996,cylinder,0.005,0.25,30.0,45.0,10996,0,0.01518,0.2604820132255554,0.22008,0.06468,18,0,target_object,0,,,0.455,pregrasp_collision,
997,cylinder,0.005,0.25,30.0,45.0,20997,0,0.01518,0.26117801666259766,0.23866,0.06454,13,0,target_object,0,,,0.455,pregrasp_collision,
998,cylinder,0.005,0.25,30.0,45.0,30998,0,0.01518,0.26110339164733887,0.15015,0.1133,1,1,,1,0.03526,0.14853,0.6035,success,
999,cylinder,0.005,0.25,30.0,45.0,40999,0,0.01518,0.25994420051574707,0.23376,0.01825,3,0,target_object,0,,,0.455,pregrasp_collision,
1000,cylinder,0.005,0.25,30.0,90.0,1000,0,0.01517,0.2623029947280884,0.17655,0.07435,4,0,target_object,0,,,0.455,pregrasp_collision,
1001,cylinder,0.005,0.25,30.0,90.0,11001,0,0.01517,0.2591710686683655,0.23083,0.03761,12,0,target_object,0,,,0.455,pregrasp_collision,
1002,cylinder,0.005,0.25,30.0,90.0,21002,0,0.01517,0.2606939971446991,0.20268,0.06618,11,0,target_object,0,,,0.455,pregrasp_collision,
1003,cylinder,0.005,0.25,30.0,90.0,31003,0,0.01517,0.2603908181190491,0.24177,0.06643,29,0,target_object,0,,,0.455,pregrasp_collision,
1004,cylinder,0.005,0.25,30.0,90.0,41004,0,0.01517,0.25968801975250244,0.20575,0.07114,4,1,,1,0.02095,0.14914,0.6041,success,
1005,cylinder,0.005,0.25,45.0,0.0,1005,0,0.01445,0.2554548978805542,0.26325,0.08853,11,0,target_object,0,,,0.455,pregrasp_collision,
1006,cylinder,0.005,0.25,45.0,0.0,11006,0,0.01445,0.2542570233345032,0.24325,0.05719,16,0,target_object,0,,,0.455,pregrasp_collision,
1007,cylinder,0.005,0.25,45.0,0.0,21007,0,0.01445,0.25559961795806885,0.25658,0.07837,8,0,target_object,0,,,0.455,pregrasp_collision,
1008,cylinder,0.005,0.25,45.0,0.0,31008,0,0.01445,0.25466370582580566,0.24782,0.07702,22,0,target_object,0,,,0.455,pregrasp_collision,
1009,cylinder,0.005,0.25,45.0,0.0,41009,0,0.01445,0.2548098564147949,0.25114,0.07827,13,1,,1,0.02509,0.14874,0.6037,success,
1010,cylinder,0.005,0.25,45.0,45.0,1010,0,0.01447,0.2545662522315979,0.24557,0.08301,17,0,target_object,0,,,0.455,pregrasp_collision,
1011,cylinder,0.005,0.25,45.0,45.0,11011,0,0.01447,0.2554500102996826,0.249,0.09689,14,1,,1,0.03113,0.14879,0.6038,success,
1012,cylinder,0.005,0.25,45.0,45.0,21012,0,0.01447,0.25370824337005615,0.26134,0.08634,13,0,target_object,0,,,0.455,pregrasp_collision,
1013,cylinder,0.005,0.25,45.0,45.0,31013,0,0.01447,0.25526362657546997,0.24613,0.08253,14,1,,1,0.03015,0.1479,0.6029,success,
1014,cylinder,0.005,0.25,45.0,45.0,41014,0,0.01447,0.25463640689849854,0.20097,0.12291,5,0,target_object,0,,,0.455,pregrasp_collision,
1015,cylinder,0.005,0.25,45.0,90.0,1015,0,0.01445,0.2556256055831909,0.24208,0.07838,14,0,target_object,0,,,0.455,pregrasp_collision,
1016,cylinder,0.005,0.25,45.0,90.0,11016,0,0.01445,0.2540701925754547,0.25311,0.07699,16,0,target_object,0,,,0.455,pregrasp_collision,
1017,cylinder,0.005,0.25,45.0,90.0,21017,0,0.01445,0.25565922260284424,0.27954,0.07799,7,0,target_object,0,,,0.455,pregrasp_collision,
1018,cylinder,0.005,0.25,45.0,90.0,31018,0,0.01445,0.2544117569923401,0.25247,0.0884,8,0,target_object,0,,,0.455,pregrasp_collision,
1019,cylinder,0.005,0.25,45.0,90.0,41019,0,0.01445,0.2549726963043213,0.22945,0.06384,19,0,target_object,0,,,0.455,pregrasp_collision,
1020,cylinder,0.005,0.25,50.0,0.0,1020,0,0.01401,0.2485431581735611,0.2539,0.08872,13,1,,1,0.02954,0.14822,0.6032,success,
1021,cylinder,0.005,0.25,50.0,0.0,11021,0,0.01401,0.2479754090309143,0.26002,0.09629,24,0,target_object,0,,,0.455,pregrasp_collision,
1022,cylinder,0.005,0.25,50.0,0.0,21022,0,0.01401,0.24904415011405945,0.23852,0.09016,12,1,,1,0.02857,0.14825,0.6032,success,
1023,cylinder,0.005,0.25,50.0,0.0,31023,0,0.01401,0.24674847722053528,0.25187,0.10562,28,0,target_object,0,,,0.455,pregrasp_collision,
1024,cylinder,0.005,0.25,50.0,0.0,41024,0,0.01401,0.24838705360889435,0.2511,0.09974,9,1,,1,0.0341,0.14832,0.6033,success,
1025,cylinder,0.005,0.25,50.0,45.0,1025,0,0.01402,0.24922023713588715,0.27762,0.09325,13,0,target_object,0,,,0.455,pregrasp_collision,
1026,cylinder,0.005,0.25,50.0,45.0,11026,0,0.01402,0.25012829899787903,0.23729,0.08828,8,0,target_object,0,,,0.455,pregrasp_collision,
1027,cylinder,0.005,0.25,50.0,45.0,21027,0,0.01402,0.24938029050827026,0.25869,0.08217,19,0,target_object,0,,,0.455,pregrasp_collision,
1028,cylinder,0.005,0.25,50.0,45.0,31028,0,0.01402,0.25220048427581787,0.25402,0.10813,19,1,,0,0.12897,-0.019,0.436,executed_ejected,
1029,cylinder,0.005,0.25,50.0,45.0,41029,0,0.01402,0.2500544488430023,0.25925,0.0848,19,0,target_object,0,,,0.455,pregrasp_collision,
1030,cylinder,0.005,0.25,50.0,90.0,1030,0,0.01401,0.24897053837776184,0.26122,0.0853,15,0,target_object,0,,,0.455,pregrasp_collision,
1031,cylinder,0.005,0.25,50.0,90.0,11031,0,0.01401,0.2479071319103241,0.26025,0.08836,8,0,target_object,0,,,0.455,pregrasp_collision,
1032,cylinder,0.005,0.25,50.0,90.0,21032,0,0.01401,0.24891018867492676,0.25982,0.08405,23,0,target_object,0,,,0.455,pregrasp_collision,
1033,cylinder,0.005,0.25,50.0,90.0,31033,0,0.01401,0.24965444207191467,0.27798,0.09629,23,0,target_object,0,,,0.455,pregrasp_collision,
1034,cylinder,0.005,0.25,50.0,90.0,41034,0,0.01401,0.2491837739944458,0.22529,0.09772,21,0,target_object,0,,,0.455,pregrasp_collision,
1035,cylinder,0.005,0.25,55.0,0.0,1035,0,0.01345,0.24292561411857605,0.23304,0.09367,4,0,target_object,0,,,0.455,pregrasp_collision,
1036,cylinder,0.005,0.25,55.0,0.0,11036,0,0.01345,0.24259448051452637,0.2432,0.08619,2,0,target_object,0,,,0.455,pregrasp_collision,
1037,cylinder,0.005,0.25,55.0,0.0,21037,0,0.01345,0.2422454059123993,0.25605,0.09837,5,0,target_object,0,,,0.455,pregrasp_collision,
1038,cylinder,0.005,0.25,55.0,0.0,31038,0,0.01345,0.24211916327476501,0.26508,0.09636,4,0,target_object,0,,,0.455,pregrasp_collision,
1039,cylinder,0.005,0.25,55.0,0.0,41039,0,0.01345,0.24179410934448242,0.1821,0.09145,1,0,target_object,0,,,0.455,pregrasp_collision,
1040,cylinder,0.005,0.25,55.0,45.0,1040,0,0.01344,0.24070587754249573,0.26381,0.11179,20,1,,1,0.01923,0.14564,0.6006,success,
1041,cylinder,0.005,0.25,55.0,45.0,11041,0,0.01344,0.24289312958717346,0.25154,0.1102,22,0,target_object,0,,,0.455,pregrasp_collision,
1042,cylinder,0.005,0.25,55.0,45.0,21042,0,0.01344,0.24104130268096924,0.24083,0.10674,19,0,target_object,0,,,0.455,pregrasp_collision,
1043,cylinder,0.005,0.25,55.0,45.0,31043,0,0.01344,0.24145209789276123,0.22792,0.10833,17,0,target_object,0,,,0.455,pregrasp_collision,
1044,cylinder,0.005,0.25,55.0,45.0,41044,0,0.01344,0.2431723177433014,0.25852,0.11358,14,1,,1,0.03467,0.1486,0.6036,success,
1045,cylinder,0.005,0.25,55.0,90.0,1045,0,0.01345,0.24193397164344788,0.27108,0.09075,4,0,target_object,0,,,0.455,pregrasp_collision,
1046,cylinder,0.005,0.25,55.0,90.0,11046,0,0.01345,0.24397148191928864,0.23345,0.09382,3,0,target_object,0,,,0.455,pregrasp_collision,
1047,cylinder,0.005,0.25,55.0,90.0,21047,0,0.01345,0.24373269081115723,0.26674,0.10065,3,0,target_object,0,,,0.455,pregrasp_collision,
1048,cylinder,0.005,0.25,55.0,90.0,31048,0,0.01345,0.244368314743042,0.26397,0.09625,6,0,target_object,0,,,0.455,pregrasp_collision,
1049,cylinder,0.005,0.25,55.0,90.0,41049,0,0.01345,0.24256420135498047,0.22472,0.08708,3,0,target_object,0,,,0.455,pregrasp_collision,
1050,cylinder,0.005,0.25,60.0,0.0,1050,0,0.01281,0.2328025996685028,0.26145,0.09519,17,0,target_object,0,,,0.455,pregrasp_collision,
1051,cylinder,0.005,0.25,60.0,0.0,11051,0,0.01281,0.23213070631027222,0.24161,0.10043,19,0,target_object,0,,,0.455,pregrasp_collision,
1052,cylinder,0.005,0.25,60.0,0.0,21052,0,0.01281,0.24412202835083008,0.23167,0.09473,20,0,target_object,0,,,0.455,pregrasp_collision,
1053,cylinder,0.005,0.25,60.0,0.0,31053,0,0.01281,0.23837924003601074,0.24676,0.10342,14,1,,1,0.03271,0.14922,0.6042,success,
1054,cylinder,0.005,0.25,60.0,0.0,41054,0,0.01281,0.2388981580734253,0.24305,0.08676,15,0,target_object,0,,,0.455,pregrasp_collision,
1055,cylinder,0.005,0.25,60.0,45.0,1055,0,0.01284,0.2437758445739746,0.24022,0.12683,2,0,target_object,0,,,0.455,pregrasp_collision,
1056,cylinder,0.005,0.25,60.0,45.0,11056,0,0.01284,0.24606704711914062,,,0,,,0,,,,no_grasps,no_grasps
1057,cylinder,0.005,0.25,60.0,45.0,21057,0,0.01284,0.248008131980896,,,0,,,0,,,,no_grasps,no_grasps
1058,cylinder,0.005,0.25,60.0,45.0,31058,0,0.01284,0.2443469762802124,0.25178,0.11953,2,0,target_object,0,,,0.455,pregrasp_collision,
1059,cylinder,0.005,0.25,60.0,45.0,41059,0,0.01284,0.243066668510437,0.15784,0.11381,1,0,target_object,0,,,0.455,pregrasp_collision,
1060,cylinder,0.005,0.25,60.0,90.0,1060,0,0.01281,0.23613989353179932,0.2693,0.09306,17,0,target_object,0,,,0.455,pregrasp_collision,
1061,cylinder,0.005,0.25,60.0,90.0,11061,0,0.01281,0.23612213134765625,0.27112,0.09421,14,0,target_object,0,,,0.455,pregrasp_collision,
1062,cylinder,0.005,0.25,60.0,90.0,21062,0,0.01281,0.24381351470947266,0.25252,0.08901,16,0,target_object,0,,,0.455,pregrasp_collision,
1063,cylinder,0.005,0.25,60.0,90.0,31063,0,0.01281,0.23351800441741943,0.20919,0.08003,13,0,target_object,0,,,0.455,pregrasp_collision,
1064,cylinder,0.005,0.25,60.0,90.0,41064,0,0.01281,0.23250079154968262,0.2522,0.09506,16,1,,1,0.03259,0.14913,0.6041,success,
1065,cylinder,0.005,0.25,65.0,0.0,1065,0,0.01204,0.22703230381011963,0.27392,0.11638,4,0,target_object,0,,,0.455,pregrasp_collision,
1066,cylinder,0.005,0.25,65.0,0.0,11066,0,0.01204,0.24530410766601562,0.26717,0.10934,6,1,,1,0.03364,0.14814,0.6031,success,
1067,cylinder,0.005,0.25,65.0,0.0,21067,0,0.01204,0.2368929386138916,0.2534,0.11213,6,0,target_object,0,,,0.455,pregrasp_collision,
1068,cylinder,0.005,0.25,65.0,0.0,31068,0,0.01204,0.2367868423461914,0.22167,0.11323,5,0,target_object,0,,,0.455,pregrasp_collision,
1069,cylinder,0.005,0.25,65.0,0.0,41069,0,0.01204,0.23787641525268555,0.24535,0.12203,6,1,,1,0.03339,0.14732,0.6023,success,
1070,cylinder,0.005,0.25,65.0,45.0,1070,0,0.0121,0.24023616313934326,0.24283,0.09656,13,0,target_object,0,,,0.455,pregrasp_collision,
1071,cylinder,0.005,0.25,65.0,45.0,11071,0,0.0121,0.2507272958755493,0.23839,0.0856,13,0,target_object,0,,,0.455,pregrasp_collision,
1072,cylinder,0.005,0.25,65.0,45.0,21072,0,0.0121,0.2414153814315796,0.2432,0.10581,11,0,target_object,0,,,0.455,pregrasp_collision,
1073,cylinder,0.005,0.25,65.0,45.0,31073,0,0.0121,0.24431872367858887,0.23887,0.10214,13,0,target_object,0,,,0.455,pregrasp_collision,
1074,cylinder,0.005,0.25,65.0,45.0,41074,0,0.0121,0.24650347232818604,0.24153,0.10326,12,0,target_object,0,,,0.455,pregrasp_collision,
1075,cylinder,0.005,0.25,65.0,90.0,1075,0,0.01204,0.24394047260284424,0.22594,0.11724,6,0,target_object,0,,,0.455,pregrasp_collision,
1076,cylinder,0.005,0.25,65.0,90.0,11076,0,0.01204,0.24022066593170166,0.23628,0.11884,4,0,target_object,0,,,0.455,pregrasp_collision,
1077,cylinder,0.005,0.25,65.0,90.0,21077,0,0.01204,0.2326984405517578,0.23475,0.11651,6,0,target_object,0,,,0.455,pregrasp_collision,
1078,cylinder,0.005,0.25,65.0,90.0,31078,0,0.01204,0.24306726455688477,0.2379,0.11572,3,0,target_object,0,,,0.455,pregrasp_collision,
1079,cylinder,0.005,0.25,65.0,90.0,41079,0,0.01204,0.23713910579681396,0.24038,0.11985,3,1,,0,0.02601,-0.01896,0.436,executed_dropped,
1080,cylinder,0.01,1.0,30.0,0.0,1080,0,0.01517,0.2645144462585449,0.23533,0.0644,40,0,target_object,0,,,0.455,pregrasp_collision,
1081,cylinder,0.01,1.0,30.0,0.0,11081,0,0.01517,0.2637963891029358,0.27017,0.06465,66,1,,0,0.03796,-0.0,0.455,executed_dropped,
1082,cylinder,0.01,1.0,30.0,0.0,21082,0,0.01517,0.26307475566864014,0.28329,0.02145,75,0,target_object,0,,,0.455,pregrasp_collision,
1083,cylinder,0.01,1.0,30.0,0.0,31083,0,0.01517,0.26390162110328674,0.28121,0.07837,49,1,,0,0.03593,-0.0,0.455,executed_dropped,
1084,cylinder,0.01,1.0,30.0,0.0,41084,0,0.01517,0.2630726993083954,0.26879,0.0229,67,0,target_object,0,,,0.455,pregrasp_collision,
1085,cylinder,0.01,1.0,30.0,45.0,1085,0,0.01518,0.26470160484313965,0.28092,0.08618,67,1,,0,0.05905,0.0,0.455,executed_dropped,
1086,cylinder,0.01,1.0,30.0,45.0,11086,0,0.01518,0.2666252851486206,0.28041,0.06444,79,0,target_object,0,,,0.455,pregrasp_collision,
1087,cylinder,0.01,1.0,30.0,45.0,21087,0,0.01518,0.26503098011016846,0.26093,0.05665,55,0,target_object,0,,,0.455,pregrasp_collision,
1088,cylinder,0.01,1.0,30.0,45.0,31088,0,0.01518,0.2611936628818512,0.26749,0.01293,67,0,target_object,0,,,0.455,pregrasp_collision,
1089,cylinder,0.01,1.0,30.0,45.0,41089,0,0.01518,0.2657250761985779,0.26824,0.08979,67,1,,0,0.06349,-0.0,0.455,executed_dropped,
1090,cylinder,0.01,1.0,30.0,90.0,1090,0,0.01517,0.2676699161529541,0.28397,0.0168,67,1,,1,0.00546,0.14963,0.6046,success,
1091,cylinder,0.01,1.0,30.0,90.0,11091,0,0.01517,0.26664239168167114,0.27691,0.03112,57,0,target_object,0,,,0.455,pregrasp_collision,
1092,cylinder,0.01,1.0,30.0,90.0,21092,0,0.01517,0.26609063148498535,0.26688,0.01653,60,0,target_object,0,,,0.455,pregrasp_collision,
1093,cylinder,0.01,1.0,30.0,90.0,31093,0,0.01517,0.26664096117019653,0.27008,0.04005,64,0,target_object,0,,,0.455,pregrasp_collision,
1094,cylinder,0.01,1.0,30.0,90.0,41094,0,0.01517,0.2638663053512573,0.26478,0.03704,67,0,target_object,0,,,0.455,pregrasp_collision,
1095,cylinder,0.01,1.0,45.0,0.0,1095,0,0.01445,0.2668890953063965,0.28936,0.0511,83,0,target_object,0,,,0.455,pregrasp_collision,
1096,cylinder,0.01,1.0,45.0,0.0,11096,0,0.01445,0.26056158542633057,0.2435,0.0712,48,0,target_object,0,,,0.455,pregrasp_collision,
1097,cylinder,0.01,1.0,45.0,0.0,21097,0,0.01445,0.271359920501709,0.26774,0.07608,59,1,,1,0.02094,0.14999,0.605,success,
1098,cylinder,0.01,1.0,45.0,0.0,31098,0,0.01445,0.2662801742553711,0.27954,0.0893,66,1,,0,0.02981,0.00026,0.4553,executed_dropped,
1099,cylinder,0.01,1.0,45.0,0.0,41099,0,0.01445,0.2959311008453369,0.27001,0.00555,59,0,target_object,0,,,0.455,pregrasp_collision,
1100,cylinder,0.01,1.0,45.0,45.0,1100,0,0.01447,0.2695082426071167,0.2697,0.02475,65,0,target_object,0,,,0.455,pregrasp_collision,
1101,cylinder,0.01,1.0,45.0,45.0,11101,0,0.01447,0.2621626853942871,0.25288,0.03219,59,0,target_object,0,,,0.455,pregrasp_collision,
1102,cylinder,0.01,1.0,45.0,45.0,21102,0,0.01447,0.26614224910736084,0.27042,0.08093,62,0,target_object,0,,,0.455,pregrasp_collision,
1103,cylinder,0.01,1.0,45.0,45.0,31103,0,0.01447,0.28311479091644287,0.28089,0.07048,70,1,,0,0.1245,-0.01896,0.436,executed_ejected,
1104,cylinder,0.01,1.0,45.0,45.0,41104,0,0.01447,0.29291415214538574,0.27502,0.03271,54,0,target_object,0,,,0.455,pregrasp_collision,
1105,cylinder,0.01,1.0,45.0,90.0,1105,0,0.01445,0.27047669887542725,0.27154,0.01561,61,0,target_object,0,,,0.455,pregrasp_collision,
1106,cylinder,0.01,1.0,45.0,90.0,11106,0,0.01445,0.27659356594085693,0.26797,0.08048,63,0,target_object,0,,,0.455,pregrasp_collision,
1107,cylinder,0.01,1.0,45.0,90.0,21107,0,0.01445,0.2764037847518921,0.26973,0.02499,59,0,target_object,0,,,0.455,pregrasp_collision,
1108,cylinder,0.01,1.0,45.0,90.0,31108,0,0.01445,0.28486669063568115,0.27566,0.00812,53,0,target_object,0,,,0.455,pregrasp_collision,
1109,cylinder,0.01,1.0,45.0,90.0,41109,0,0.01445,0.2768200635910034,0.27942,0.031,66,0,target_object,0,,,0.455,pregrasp_collision,
1110,cylinder,0.01,1.0,50.0,0.0,1110,0,0.01401,0.2814599275588989,0.27763,0.00596,67,1,,1,0.01046,0.14986,0.6049,success,
1111,cylinder,0.01,1.0,50.0,0.0,11111,0,0.01401,0.27495038509368896,0.25299,0.04254,50,0,target_object,0,,,0.455,pregrasp_collision,
1112,cylinder,0.01,1.0,50.0,0.0,21112,0,0.01401,0.3028644323348999,0.26438,0.08093,50,1,,1,0.02301,0.14946,0.6045,success,
1113,cylinder,0.01,1.0,50.0,0.0,31113,0,0.01401,0.2964404821395874,0.28658,0.02602,52,0,target_object,0,,,0.455,pregrasp_collision,
1114,cylinder,0.01,1.0,50.0,0.0,41114,0,0.01401,0.2881675958633423,0.26722,0.02659,54,1,,0,0.02047,-0.0,0.455,executed_dropped,
1115,cylinder,0.01,1.0,50.0,45.0,1115,0,0.01402,0.2979384660720825,0.29321,0.08819,60,0,target_object,0,,,0.455,pregrasp_collision,
1116,cylinder,0.01,1.0,50.0,45.0,11116,0,0.01402,0.2981119155883789,0.28559,0.08946,52,1,,1,0.02522,0.14873,0.6037,success,
1117,cylinder,0.01,1.0,50.0,45.0,21117,0,0.01402,0.273104190826416,0.26814,0.09849,57,1,,1,0.03332,0.14782,0.6028,success,
1118,cylinder,0.01,1.0,50.0,45.0,31118,0,0.01402,0.30701136589050293,0.28043,0.0196,54,1,,1,0.00289,0.14971,0.6047,success,
1119,cylinder,0.01,1.0,50.0,45.0,41119,0,0.01402,0.28392529487609863,0.2812,0.02842,59,0,target_object,0,,,0.455,pregrasp_collision,
1120,cylinder,0.01,1.0,50.0,90.0,1120,0,0.01401,0.2700430154800415,0.2728,0.09457,63,1,,1,0.01697,0.14471,0.5997,success,
1121,cylinder,0.01,1.0,50.0,90.0,11121,0,0.01401,0.28440725803375244,0.28139,0.08634,57,1,,1,0.02672,0.14898,0.604,success,
1122,cylinder,0.01,1.0,50.0,90.0,21122,0,0.01401,0.28438127040863037,0.27706,0.0951,62,0,target_object,0,,,0.455,pregrasp_collision,
1123,cylinder,0.01,1.0,50.0,90.0,31123,0,0.01401,0.29371047019958496,0.27252,0.06171,53,0,target_object,0,,,0.455,pregrasp_collision,
1124,cylinder,0.01,1.0,50.0,90.0,41124,0,0.01401,0.2929823398590088,0.27336,0.03809,52,0,target_object,0,,,0.455,pregrasp_collision,
1125,cylinder,0.01,1.0,55.0,0.0,1125,0,0.01345,0.30559468269348145,0.24474,0.04939,43,0,target_object,0,,,0.455,pregrasp_collision,
1126,cylinder,0.01,1.0,55.0,0.0,11126,0,0.01345,0.2802109718322754,0.28975,0.08755,60,0,target_object,0,,,0.455,pregrasp_collision,
1127,cylinder,0.01,1.0,55.0,0.0,21127,0,0.01345,0.274975061416626,0.28349,0.07467,61,0,target_object,0,,,0.455,pregrasp_collision,
1128,cylinder,0.01,1.0,55.0,0.0,31128,0,0.01345,0.28348255157470703,0.27706,0.11284,50,1,,1,0.04076,0.1482,0.6032,success,
1129,cylinder,0.01,1.0,55.0,0.0,41129,0,0.01345,0.31516551971435547,0.25117,0.08254,43,0,target_object,0,,,0.455,pregrasp_collision,
1130,cylinder,0.01,1.0,55.0,45.0,1130,0,0.01344,0.2831178903579712,0.28479,0.07146,52,0,target_object,0,,,0.455,pregrasp_collision,
1131,cylinder,0.01,1.0,55.0,45.0,11131,0,0.01344,0.31114912033081055,0.24786,0.01737,41,0,target_object,0,,,0.455,pregrasp_collision,
1132,cylinder,0.01,1.0,55.0,45.0,21132,0,0.01344,0.3032456636428833,0.25127,0.08104,44,0,target_object,0,,,0.455,pregrasp_collision,
1133,cylinder,0.01,1.0,55.0,45.0,31133,0,0.01344,0.315696120262146,0.25513,0.10448,50,0,target_object,0,,,0.455,pregrasp_collision,
1134,cylinder,0.01,1.0,55.0,45.0,41134,0,0.01344,0.2842487096786499,0.24245,0.08922,45,0,target_object,0,,,0.455,pregrasp_collision,
1135,cylinder,0.01,1.0,55.0,90.0,1135,0,0.01345,0.28558480739593506,0.28905,0.10054,61,0,target_object,0,,,0.455,pregrasp_collision,
1136,cylinder,0.01,1.0,55.0,90.0,11136,0,0.01345,0.2951216697692871,0.28959,0.042,52,0,target_object,0,,,0.455,pregrasp_collision,
1137,cylinder,0.01,1.0,55.0,90.0,21137,0,0.01345,0.2855377197265625,0.23753,0.01244,51,1,,1,0.0027,0.14967,0.6047,success,
1138,cylinder,0.01,1.0,55.0,90.0,31138,0,0.01345,0.2775198221206665,0.27817,0.0755,52,0,target_object,0,,,0.455,pregrasp_collision,
1139,cylinder,0.01,1.0,55.0,90.0,41139,0,0.01345,0.31034624576568604,0.22854,0.02769,38,0,target_object,0,,,0.455,pregrasp_collision,
1140,cylinder,0.01,1.0,60.0,0.0,1140,0,0.01281,0.3078571557998657,0.27691,0.0859,43,0,target_object,0,,,0.455,pregrasp_collision,
1141,cylinder,0.01,1.0,60.0,0.0,11141,0,0.01281,0.30573952198028564,0.27369,0.09783,39,1,,1,0.02797,0.14697,0.602,success,
1142,cylinder,0.01,1.0,60.0,0.0,21142,0,0.01281,0.3121509552001953,0.26516,0.0959,49,1,,1,0.03163,0.14931,0.6043,success,
1143,cylinder,0.01,1.0,60.0,0.0,31143,0,0.01281,0.2900385856628418,0.26205,0.10782,40,1,,1,0.03472,0.14773,0.6027,success,
1144,cylinder,0.01,1.0,60.0,0.0,41144,0,0.01281,0.3039816617965698,0.26226,0.01852,49,0,target_object,0,,,0.455,pregrasp_collision,
1145,cylinder,0.01,1.0,60.0,45.0,1145,0,0.01284,0.295546293258667,0.27686,0.06769,53,0,target_object,0,,,0.455,pregrasp_collision,
1146,cylinder,0.01,1.0,60.0,45.0,11146,0,0.01284,0.30465543270111084,0.26505,0.0633,45,0,target_object,0,,,0.455,pregrasp_collision,
1147,cylinder,0.01,1.0,60.0,45.0,21147,0,0.01284,0.32136213779449463,0.23241,0.09023,52,1,,0,0.16367,-0.019,0.436,executed_ejected,
1148,cylinder,0.01,1.0,60.0,45.0,31148,0,0.01284,0.295011043548584,0.26369,0.08921,46,0,target_object,0,,,0.455,pregrasp_collision,
1149,cylinder,0.01,1.0,60.0,45.0,41149,0,0.01284,0.3219609260559082,0.25857,0.07051,52,1,,0,0.10147,-0.01899,0.436,executed_ejected,
1150,cylinder,0.01,1.0,60.0,90.0,1150,0,0.01281,0.30592238903045654,0.26917,0.08068,44,1,,0,0.0165,0.00283,0.4578,executed_dropped,
1151,cylinder,0.01,1.0,60.0,90.0,11151,0,0.01281,0.2977020740509033,0.27722,0.111,50,0,target_object,0,,,0.455,pregrasp_collision,
1152,cylinder,0.01,1.0,60.0,90.0,21152,0,0.01281,0.305458664894104,0.26808,0.10174,45,1,,1,0.03204,0.14783,0.6028,success,
1153,cylinder,0.01,1.0,60.0,90.0,31153,0,0.01281,0.3147566318511963,0.27357,0.06675,45,1,,0,0.02509,0.00134,0.4563,executed_dropped,
1154,cylinder,0.01,1.0,60.0,90.0,41154,0,0.01281,0.309985876083374,0.24976,0.00898,45,0,target_object,0,,,0.455,pregrasp_collision,
1155,cylinder,0.01,1.0,65.0,0.0,1155,0,0.01204,0.31522393226623535,0.25451,0.11194,55,1,,1,0.03603,0.14847,0.6035,success,
1156,cylinder,0.01,1.0,65.0,0.0,11156,0,0.01204,0.29774725437164307,0.27875,0.07668,53,0,target_object,0,,,0.455,pregrasp_collision,
1157,cylinder,0.01,1.0,65.0,0.0,21157,0,0.01204,0.3191460371017456,0.27322,0.10123,51,0,target_object,0,,,0.455,pregrasp_collision,
1158,cylinder,0.01,1.0,65.0,0.0,31158,0,0.01204,0.30844271183013916,0.26639,0.10731,47,1,,1,0.03443,0.14773,0.6027,success,
1159,cylinder,0.01,1.0,65.0,0.0,41159,0,0.01204,0.3063009977340698,0.24627,0.10764,59,0,target_object,0,,,0.455,pregrasp_collision,
1160,cylinder,0.01,1.0,65.0,45.0,1160,0,0.0121,0.28587472438812256,0.25207,0.05174,48,0,target_object,0,,,0.455,pregrasp_collision,
1161,cylinder,0.01,1.0,65.0,45.0,11161,0,0.0121,0.30401599407196045,0.24113,0.08334,52,1,,1,0.0131,0.14901,0.604,success,
1162,cylinder,0.01,1.0,65.0,45.0,21162,0,0.0121,0.3272160291671753,0.25088,0.03109,63,0,target_object,0,,,0.455,pregrasp_collision,
1163,cylinder,0.01,1.0,65.0,45.0,31163,0,0.0121,0.30742108821868896,0.24882,0.07829,55,0,target_object,0,,,0.455,pregrasp_collision,
1164,cylinder,0.01,1.0,65.0,45.0,41164,0,0.0121,0.28927910327911377,0.26697,0.10183,49,0,target_object,0,,,0.455,pregrasp_collision,
1165,cylinder,0.01,1.0,65.0,90.0,1165,0,0.01204,0.2796679735183716,0.28519,0.09321,53,0,target_object,0,,,0.455,pregrasp_collision,
1166,cylinder,0.01,1.0,65.0,90.0,11166,0,0.01204,0.30676376819610596,0.27676,0.0699,48,0,target_object,0,,,0.455,pregrasp_collision,
1167,cylinder,0.01,1.0,65.0,90.0,21167,0,0.01204,0.29455995559692383,0.23264,0.09544,46,0,target_object,0,,,0.455,pregrasp_collision,
1168,cylinder,0.01,1.0,65.0,90.0,31168,0,0.01204,0.32706570625305176,0.26321,0.07928,57,0,target_object,0,,,0.455,pregrasp_collision,
1169,cylinder,0.01,1.0,65.0,90.0,41169,0,0.01204,0.31349778175354004,0.24826,0.09343,65,0,target_object,0,,,0.455,pregrasp_collision,
1170,cylinder,0.01,0.75,30.0,0.0,1170,0,0.01517,0.28616952896118164,0.27801,0.02555,40,0,target_object,0,,,0.455,pregrasp_collision,
1171,cylinder,0.01,0.75,30.0,0.0,11171,0,0.01517,0.2654506266117096,0.2474,0.05842,25,0,target_object,0,,,0.455,pregrasp_collision,
1172,cylinder,0.01,0.75,30.0,0.0,21172,0,0.01517,0.26341360807418823,0.23577,0.05508,23,0,target_object,0,,,0.455,pregrasp_collision,
1173,cylinder,0.01,0.75,30.0,0.0,31173,0,0.01517,0.2643727958202362,0.26864,0.04936,23,0,target_object,0,,,0.455,pregrasp_collision,
1174,cylinder,0.01,0.75,30.0,0.0,41174,0,0.01517,0.26548832654953003,0.25244,0.04486,27,0,target_object,0,,,0.455,pregrasp_collision,
1175,cylinder,0.01,0.75,30.0,45.0,1175,0,0.01518,0.26684117317199707,0.26426,0.0373,42,0,target_object,0,,,0.455,pregrasp_collision,
1176,cylinder,0.01,0.75,30.0,45.0,11176,0,0.01518,0.2650766372680664,0.25205,0.03093,33,0,target_object,0,,,0.455,pregrasp_collision,
1177,cylinder,0.01,0.75,30.0,45.0,21177,0,0.01518,0.26277559995651245,0.23865,0.03751,22,0,target_object,0,,,0.455,pregrasp_collision,
1178,cylinder,0.01,0.75,30.0,45.0,31178,0,0.01518,0.26317596435546875,0.2497,0.04553,30,0,target_object,0,,,0.455,pregrasp_collision,
1179,cylinder,0.01,0.75,30.0,45.0,41179,0,0.01518,0.26722460985183716,0.26253,0.02862,33,0,target_object,0,,,0.455,pregrasp_collision,
1180,cylinder,0.01,0.75,30.0,90.0,1180,0,0.01517,0.2632848620414734,0.23929,0.04609,32,1,,1,0.02579,0.14954,0.6045,success,
1181,cylinder,0.01,0.75,30.0,90.0,11181,0,0.01517,0.2652583718299866,0.24957,0.02407,29,0,target_object,0,,,0.455,pregrasp_collision,
1182,cylinder,0.01,0.75,30.0,90.0,21182,0,0.01517,0.2660920023918152,0.25366,0.01009,29,0,target_object,0,,,0.455,pregrasp_collision,
1183,cylinder,0.01,0.75,30.0,90.0,31183,0,0.01517,0.2645775377750397,0.26822,0.03667,31,0,target_object,0,,,0.455,pregrasp_collision,
1184,cylinder,0.01,0.75,30.0,90.0,41184,0,0.01517,0.264631450176239,0.25579,0.02106,40,0,target_object,0,,,0.455,pregrasp_collision,
1185,cylinder,0.01,0.75,45.0,0.0,1185,0,0.01445,0.2590053975582123,0.24855,0.07893,40,0,target_object,0,,,0.455,pregrasp_collision,
1186,cylinder,0.01,0.75,45.0,0.0,11186,0,0.01445,0.2598576545715332,0.2554,0.06832,30,1,,1,0.03065,0.14825,0.6032,success,
1187,cylinder,0.01,0.75,45.0,0.0,21187,0,0.01445,0.27541065216064453,0.256,0.01971,38,0,target_object,0,,,0.455,pregrasp_collision,
1188,cylinder,0.01,0.75,45.0,0.0,31188,0,0.01445,0.2762134075164795,0.27421,0.0336,49,0,target_object,0,,,0.455,pregrasp_collision,
1189,cylinder,0.01,0.75,45.0,0.0,41189,0,0.01445,0.27852392196655273,0.2773,0.09047,41,1,,0,0.04408,0.00216,0.4571,executed_dropped,
1190,cylinder,0.01,0.75,45.0,45.0,1190,0,0.01447,0.281528115272522,0.25916,0.03269,49,1,,0,0.02601,-0.0,0.455,executed_dropped,
1191,cylinder,0.01,0.75,45.0,45.0,11191,0,0.01447,0.2660120725631714,0.26671,0.07943,48,0,target_object,0,,,0.455,pregrasp_collision,
1192,cylinder,0.01,0.75,45.0,45.0,21192,0,0.01447,0.28864753246307373,0.26478,0.04209,43,0,target_object,0,,,0.455,pregrasp_collision,
1193,cylinder,0.01,0.75,45.0,45.0,31193,0,0.01447,0.2884483337402344,0.27258,0.09078,52,0,target_object,0,,,0.455,pregrasp_collision,
1194,cylinder,0.01,0.75,45.0,45.0,41194,0,0.01447,0.2740887403488159,0.26379,0.04229,31,0,target_object,0,,,0.455,pregrasp_collision,
1195,cylinder,0.01,0.75,45.0,90.0,1195,0,0.01445,0.29195380210876465,0.25831,0.00777,49,0,target_object,0,,,0.455,pregrasp_collision,
1196,cylinder,0.01,0.75,45.0,90.0,11196,0,0.01445,0.2690163850784302,0.25629,0.07923,39,0,target_object,0,,,0.455,pregrasp_collision,
1197,cylinder,0.01,0.75,45.0,90.0,21197,0,0.01445,0.26950275897979736,0.26379,0.0441,34,0,target_object,0,,,0.455,pregrasp_collision,
1198,cylinder,0.01,0.75,45.0,90.0,31198,0,0.01445,0.27422595024108887,0.2424,0.08075,37,0,target_object,0,,,0.455,pregrasp_collision,
1199,cylinder,0.01,0.75,45.0,90.0,41199,0,0.01445,0.26148509979248047,0.23052,0.08493,34,0,target_object,0,,,0.455,pregrasp_collision,
1200,cylinder,0.01,0.75,50.0,0.0,1200,0,0.01401,0.27661871910095215,0.28061,0.08489,43,0,target_object,0,,,0.455,pregrasp_collision,
1201,cylinder,0.01,0.75,50.0,0.0,11201,0,0.01401,0.2936668395996094,0.25913,0.02202,43,0,target_object,0,,,0.455,pregrasp_collision,
1202,cylinder,0.01,0.75,50.0,0.0,21202,0,0.01401,0.27993106842041016,0.26135,0.0478,50,0,target_object,0,,,0.455,pregrasp_collision,
1203,cylinder,0.01,0.75,50.0,0.0,31203,0,0.01401,0.2819178104400635,0.27699,0.08073,43,0,target_object,0,,,0.455,pregrasp_collision,
1204,cylinder,0.01,0.75,50.0,0.0,41204,0,0.01401,0.28835296630859375,0.28827,0.09074,41,1,,1,0.02602,0.14796,0.603,success,
1205,cylinder,0.01,0.75,50.0,45.0,1205,0,0.01402,0.2872558832168579,0.26935,0.00607,48,0,target_object,0,,,0.455,pregrasp_collision,
1206,cylinder,0.01,0.75,50.0,45.0,11206,0,0.01402,0.2843371629714966,0.28126,0.0972,46,1,,1,0.02212,0.14521,0.6002,success,
1207,cylinder,0.01,0.75,50.0,45.0,21207,0,0.01402,0.28283798694610596,0.26229,0.02366,41,0,target_object,0,,,0.455,pregrasp_collision,
1208,cylinder,0.01,0.75,50.0,45.0,31208,0,0.01402,0.31377220153808594,0.23588,0.01755,34,0,target_object,0,,,0.455,pregrasp_collision,
1209,cylinder,0.01,0.75,50.0,45.0,41209,0,0.01402,0.29085206985473633,0.26619,0.08615,45,0,target_object,0,,,0.455,pregrasp_collision,
1210,cylinder,0.01,0.75,50.0,90.0,1210,0,0.01401,0.2866281270980835,0.25337,0.10116,43,0,target_object,0,,,0.455,pregrasp_collision,
1211,cylinder,0.01,0.75,50.0,90.0,11211,0,0.01401,0.2853832244873047,0.26768,0.01978,32,0,target_object,0,,,0.455,pregrasp_collision,
1212,cylinder,0.01,0.75,50.0,90.0,21212,0,0.01401,0.2810314893722534,0.26294,0.02201,45,1,,1,0.00946,0.14983,0.6048,success,
1213,cylinder,0.01,0.75,50.0,90.0,31213,0,0.01401,0.2725785970687866,0.27327,0.08989,38,0,target_object,0,,,0.455,pregrasp_collision,
1214,cylinder,0.01,0.75,50.0,90.0,41214,0,0.01401,0.2874339818954468,0.26327,0.10313,44,1,,1,0.02077,0.14568,0.6007,success,
1215,cylinder,0.01,0.75,55.0,0.0,1215,0,0.01345,0.2749282121658325,0.26382,0.08576,33,1,,1,0.0306,0.14951,0.6045,success,
1216,cylinder,0.01,0.75,55.0,0.0,11216,0,0.01345,0.266414999961853,0.2507,0.09368,38,0,target_object,0,,,0.455,pregrasp_collision,
1217,cylinder,0.01,0.75,55.0,0.0,21217,0,0.01345,0.32018935680389404,0.25941,0.09819,41,0,target_object,0,,,0.455,pregrasp_collision,
1218,cylinder,0.01,0.75,55.0,0.0,31218,0,0.01345,0.2914285659790039,0.28537,0.10316,39,1,,1,0.03384,0.1482,0.6032,success,
1219,cylinder,0.01,0.75,55.0,0.0,41219,0,0.01345,0.290688157081604,0.2479,0.08326,32,0,target_object,0,,,0.455,pregrasp_collision,
1220,cylinder,0.01,0.75,55.0,45.0,1220,0,0.01344,0.30469810962677,0.24987,0.00897,37,0,target_object,0,,,0.455,pregrasp_collision,
1221,cylinder,0.01,0.75,55.0,45.0,11221,0,0.01344,0.3002103567123413,0.27896,0.01564,38,0,target_object,0,,,0.455,pregrasp_collision,
1222,cylinder,0.01,0.75,55.0,45.0,21222,0,0.01344,0.29572439193725586,0.23823,0.10885,32,1,,0,0.0367,0.00316,0.4582,executed_dropped,
1223,cylinder,0.01,0.75,55.0,45.0,31223,0,0.01344,0.31285977363586426,0.27274,0.0262,35,0,target_object,0,,,0.455,pregrasp_collision,
1224,cylinder,0.01,0.75,55.0,45.0,41224,0,0.01344,0.2753664255142212,0.2686,0.10343,26,1,,1,0.02885,0.14676,0.6018,success,
1225,cylinder,0.01,0.75,55.0,90.0,1225,0,0.01345,0.30066978931427,0.2658,0.08249,36,0,target_object,0,,,0.455,pregrasp_collision,
1226,cylinder,0.01,0.75,55.0,90.0,11226,0,0.01345,0.3063018321990967,0.2881,0.09386,28,1,,1,0.02881,0.14812,0.6031,success,
1227,cylinder,0.01,0.75,55.0,90.0,21227,0,0.01345,0.2933206558227539,0.28029,0.08726,31,1,,1,0.02659,0.14862,0.6036,success,
1228,cylinder,0.01,0.75,55.0,90.0,31228,0,0.01345,0.303818941116333,0.27428,0.09161,33,0,target_object,0,,,0.455,pregrasp_collision,
1229,cylinder,0.01,0.75,55.0,90.0,41229,0,0.01345,0.31618034839630127,0.28122,0.08818,35,1,,1,0.02489,0.14851,0.6035,success,
1230,cylinder,0.01,0.75,60.0,0.0,1230,0,0.01281,0.2979785203933716,0.26831,0.08436,32,0,target_object,0,,,0.455,pregrasp_collision,
1231,cylinder,0.01,0.75,60.0,0.0,11231,0,0.01281,0.30663418769836426,0.24919,0.09962,44,1,,1,0.03251,0.14875,0.6037,success,
1232,cylinder,0.01,0.75,60.0,0.0,21232,0,0.01281,0.2788323163986206,0.2685,0.03919,38,0,target_object,0,,,0.455,pregrasp_collision,
1233,cylinder,0.01,0.75,60.0,0.0,31233,0,0.01281,0.2984210252761841,0.28725,0.0509,40,0,target_object,0,,,0.455,pregrasp_collision,
1234,cylinder,0.01,0.75,60.0,0.0,41234,0,0.01281,0.2872962951660156,0.23742,0.07549,42,0,target_object,0,,,0.455,pregrasp_collision,
1235,cylinder,0.01,0.75,60.0,45.0,1235,0,0.01284,0.2969338893890381,0.2875,0.09249,32,0,target_object,0,,,0.455,pregrasp_collision,
1236,cylinder,0.01,0.75,60.0,45.0,11236,0,0.01284,0.32685399055480957,0.28039,0.10035,44,0,target_object,0,,,0.455,pregrasp_collision,
1237,cylinder,0.01,0.75,60.0,45.0,21237,0,0.01284,0.2963283061981201,0.27153,0.02962,37,0,target_object,0,,,0.455,pregrasp_collision,
1238,cylinder,0.01,0.75,60.0,45.0,31238,0,0.01284,0.3039358854293823,0.23295,0.01901,32,0,target_object,0,,,0.455,pregrasp_collision,
1239,cylinder,0.01,0.75,60.0,45.0,41239,0,0.01284,0.2880845069885254,0.26604,0.10285,36,1,,1,0.0321,0.14883,0.6038,success,
1240,cylinder,0.01,0.75,60.0,90.0,1240,0,0.01281,0.31283318996429443,0.26288,0.11477,37,0,target_object,0,,,0.455,pregrasp_collision,
1241,cylinder,0.01,0.75,60.0,90.0,11241,0,0.01281,0.28816449642181396,0.2742,0.04923,42,0,target_object,0,,,0.455,pregrasp_collision,
1242,cylinder,0.01,0.75,60.0,90.0,21242,0,0.01281,0.2925105094909668,0.26444,0.09873,41,1,,1,0.03648,0.14915,0.6041,success,
1243,cylinder,0.01,0.75,60.0,90.0,31243,0,0.01281,0.3166475296020508,0.25078,0.01542,43,0,target_object,0,,,0.455,pregrasp_collision,
1244,cylinder,0.01,0.75,60.0,90.0,41244,0,0.01281,0.29554855823516846,0.2643,0.08401,29,0,target_object,0,,,0.455,pregrasp_collision,
1245,cylinder,0.01,0.75,65.0,0.0,1245,0,0.01204,0.29883527755737305,0.26538,0.11003,28,0,target_object,0,,,0.455,pregrasp_collision,
1246,cylinder,0.01,0.75,65.0,0.0,11246,0,0.01204,0.28888046741485596,0.28271,0.0621,30,0,target_object,0,,,0.455,pregrasp_collision,
1247,cylinder,0.01,0.75,65.0,0.0,21247,0,0.01204,0.29706263542175293,0.2728,0.08386,38,0,target_object,0,,,0.455,pregrasp_collision,
1248,cylinder,0.01,0.75,65.0,0.0,31248,0,0.01204,0.31268250942230225,0.21113,0.06032,38,0,target_object,0,,,0.455,pregrasp_collision,
1249,cylinder,0.01,0.75,65.0,0.0,41249,0,0.01204,0.29345691204071045,0.27116,0.08637,36,1,,1,0.0206,0.14892,0.6039,success,
1250,cylinder,0.01,0.75,65.0,45.0,1250,0,0.0121,0.3167285919189453,0.27073,0.05707,42,0,target_object,0,,,0.455,pregrasp_collision,
1251,cylinder,0.01,0.75,65.0,45.0,11251,0,0.0121,0.3112841844558716,0.26289,0.07079,43,0,target_object,0,,,0.455,pregrasp_collision,
1252,cylinder,0.01,0.75,65.0,45.0,21252,0,0.0121,0.3024592399597168,0.2647,0.08253,40,1,,0,0.05379,-0.0,0.455,executed_dropped,
1253,cylinder,0.01,0.75,65.0,45.0,31253,0,0.0121,0.29457807540893555,0.27684,0.06961,37,0,target_object,0,,,0.455,pregrasp_collision,
1254,cylinder,0.01,0.75,65.0,45.0,41254,0,0.0121,0.30129432678222656,0.27414,0.11059,44,1,,1,0.03609,0.14847,0.6035,success,
1255,cylinder,0.01,0.75,65.0,90.0,1255,0,0.01204,0.30510616302490234,0.23639,0.04871,22,0,target_object,0,,,0.455,pregrasp_collision,
1256,cylinder,0.01,0.75,65.0,90.0,11256,0,0.01204,0.3016200065612793,0.26592,0.10005,28,1,,0,0.03825,0.0093,0.4643,executed_dropped,
1257,cylinder,0.01,0.75,65.0,90.0,21257,0,0.01204,0.31553030014038086,0.28741,0.09102,38,1,,0,0.10501,-0.01894,0.436,executed_ejected,
1258,cylinder,0.01,0.75,65.0,90.0,31258,0,0.01204,0.3123582601547241,0.23615,0.017,38,0,target_object,0,,,0.455,pregrasp_collision,
1259,cylinder,0.01,0.75,65.0,90.0,41259,0,0.01204,0.2885688543319702,0.25396,0.06933,40,0,target_object,0,,,0.455,pregrasp_collision,
1260,cylinder,0.01,0.5,30.0,0.0,1260,0,0.01517,0.2630993127822876,0.24014,0.01944,22,0,target_object,0,,,0.455,pregrasp_collision,
1261,cylinder,0.01,0.5,30.0,0.0,11261,0,0.01517,0.26224666833877563,0.19489,0.07095,13,0,target_object,0,,,0.455,pregrasp_collision,
1262,cylinder,0.01,0.5,30.0,0.0,21262,0,0.01517,0.26458966732025146,0.20794,0.05592,15,0,target_object,0,,,0.455,pregrasp_collision,
1263,cylinder,0.01,0.5,30.0,0.0,31263,0,0.01517,0.2629144489765167,0.25287,0.02577,27,0,target_object,0,,,0.455,pregrasp_collision,
1264,cylinder,0.01,0.5,30.0,0.0,41264,0,0.01517,0.2625918984413147,0.23497,0.03032,27,0,target_object,0,,,0.455,pregrasp_collision,
1265,cylinder,0.01,0.5,30.0,45.0,1265,0,0.01518,0.26237183809280396,0.25209,0.01772,21,0,target_object,0,,,0.455,pregrasp_collision,
1266,cylinder,0.01,0.5,30.0,45.0,11266,0,0.01518,0.26316457986831665,0.2502,0.06383,17,1,,1,0.01049,0.14455,0.5995,success,
1267,cylinder,0.01,0.5,30.0,45.0,21267,0,0.01518,0.26371774077415466,0.20567,0.03809,14,0,target_object,0,,,0.455,pregrasp_collision,
1268,cylinder,0.01,0.5,30.0,45.0,31268,0,0.01518,0.2630806565284729,0.24483,0.0625,15,0,target_object,0,,,0.455,pregrasp_collision,
1269,cylinder,0.01,0.5,30.0,45.0,41269,0,0.01518,0.2645372748374939,0.21717,0.01894,16,0,target_object,0,,,0.455,pregrasp_collision,
1270,cylinder,0.01,0.5,30.0,90.0,1270,0,0.01517,0.2622358202934265,0.23709,0.02424,19,1,,1,0.01984,0.1502,0.6052,success,
1271,cylinder,0.01,0.5,30.0,90.0,11271,0,0.01517,0.2627904415130615,0.23841,0.03809,15,0,target_object,0,,,0.455,pregrasp_collision,
1272,cylinder,0.01,0.5,30.0,90.0,21272,0,0.01517,0.2624683380126953,0.19732,0.06153,17,0,target_object,0,,,0.455,pregrasp_collision,
1273,cylinder,0.01,0.5,30.0,90.0,31273,0,0.01517,0.26211661100387573,0.25427,0.04278,26,0,target_object,0,,,0.455,pregrasp_collision,
1274,cylinder,0.01,0.5,30.0,90.0,41274,0,0.01517,0.26220253109931946,0.18265,0.04548,11,0,target_object,0,,,0.455,pregrasp_collision,
1275,cylinder,0.01,0.5,45.0,0.0,1275,0,0.01445,0.25720834732055664,0.25726,0.08172,11,0,target_object,0,,,0.455,pregrasp_collision,
1276,cylinder,0.01,0.5,45.0,0.0,11276,0,0.01445,0.2606133222579956,0.24343,0.08625,7,0,target_object,0,,,0.455,pregrasp_collision,
1277,cylinder,0.01,0.5,45.0,0.0,21277,0,0.01445,0.26940226554870605,0.24291,0.07372,12,0,target_object,0,,,0.455,pregrasp_collision,
1278,cylinder,0.01,0.5,45.0,0.0,31278,0,0.01445,0.25847548246383667,0.1871,0.07821,8,0,target_object,0,,,0.455,pregrasp_collision,
1279,cylinder,0.01,0.5,45.0,0.0,41279,0,0.01445,0.2844451665878296,0.2454,0.07291,24,0,target_object,0,,,0.455,pregrasp_collision,
1280,cylinder,0.01,0.5,45.0,45.0,1280,0,0.01447,0.2605787515640259,0.24752,0.07704,14,0,target_object,0,,,0.455,pregrasp_collision,
1281,cylinder,0.01,0.5,45.0,45.0,11281,0,0.01447,0.26536548137664795,0.26498,0.06514,33,0,target_object,0,,,0.455,pregrasp_collision,
1282,cylinder,0.01,0.5,45.0,45.0,21282,0,0.01447,0.2601661682128906,0.2233,0.08292,11,1,,1,0.02886,0.14888,0.6039,success,
1283,cylinder,0.01,0.5,45.0,45.0,31283,0,0.01447,0.274959921836853,0.25493,0.07824,7,1,,1,0.03389,0.14838,0.6034,success,
1284,cylinder,0.01,0.5,45.0,45.0,41284,0,0.01447,0.28660666942596436,0.22164,0.08813,9,0,target_object,0,,,0.455,pregrasp_collision,
1285,cylinder,0.01,0.5,45.0,90.0,1285,0,0.01445,0.2720116376876831,0.23825,0.08576,9,0,target_object,0,,,0.455,pregrasp_collision,
1286,cylinder,0.01,0.5,45.0,90.0,11286,0,0.01445,0.25458240509033203,0.19678,0.0747,12,1,,0,0.02152,0.00691,0.4619,executed_dropped,
1287,cylinder,0.01,0.5,45.0,90.0,21287,0,0.01445,0.2560553550720215,0.26537,0.05982,40,0,target_object,0,,,0.455,pregrasp_collision,
1288,cylinder,0.01,0.5,45.0,90.0,31288,0,0.01445,0.257851243019104,0.20339,0.07436,10,1,,0,0.01913,-0.0,0.455,executed_dropped,
1289,cylinder,0.01,0.5,45.0,90.0,41289,0,0.01445,0.2796299457550049,0.19846,0.00894,10,0,target_object,0,,,0.455,pregrasp_collision,
1290,cylinder,0.01,0.5,50.0,0.0,1290,0,0.01401,0.27705228328704834,0.21991,0.08995,6,0,target_object,0,,,0.455,pregrasp_collision,
1291,cylinder,0.01,0.5,50.0,0.0,11291,0,0.01401,0.27120769023895264,0.23922,0.07891,16,1,,1,0.03389,0.14899,0.604,success,
1292,cylinder,0.01,0.5,50.0,0.0,21292,0,0.01401,0.2642930746078491,0.24824,0.06921,16,0,target_object,0,,,0.455,pregrasp_collision,
1293,cylinder,0.01,0.5,50.0,0.0,31293,0,0.01401,0.3094254732131958,0.21086,0.09436,7,0,target_object,0,,,0.455,pregrasp_collision,
1294,cylinder,0.01,0.5,50.0,0.0,41294,0,0.01401,0.2806971073150635,0.20981,0.08018,7,1,,0,0.12673,-0.01893,0.4361,executed_ejected,
1295,cylinder,0.01,0.5,50.0,45.0,1295,0,0.01402,0.290873646736145,0.25243,0.07467,14,0,target_object,0,,,0.455,pregrasp_collision,
1296,cylinder,0.01,0.5,50.0,45.0,11296,0,0.01402,0.26284360885620117,0.21536,0.09761,14,0,target_object,0,,,0.455,pregrasp_collision,
1297,cylinder,0.01,0.5,50.0,45.0,21297,0,0.01402,0.27872002124786377,0.25766,0.06931,7,0,target_object,0,,,0.455,pregrasp_collision,
1298,cylinder,0.01,0.5,50.0,45.0,31298,0,0.01402,0.2787590026855469,0.26436,0.07143,15,0,target_object,0,,,0.455,pregrasp_collision,
1299,cylinder,0.01,0.5,50.0,45.0,41299,0,0.01402,0.3045426607131958,0.25082,0.08549,16,0,target_object,0,,,0.455,pregrasp_collision,
1300,cylinder,0.01,0.5,50.0,90.0,1300,0,0.01401,0.26534414291381836,0.24048,0.09139,12,0,target_object,0,,,0.455,pregrasp_collision,
1301,cylinder,0.01,0.5,50.0,90.0,11301,0,0.01401,0.3006632328033447,0.23326,0.0673,10,0,target_object,0,,,0.455,pregrasp_collision,
1302,cylinder,0.01,0.5,50.0,90.0,21302,0,0.01401,0.27475523948669434,0.25003,0.08293,12,0,target_object,0,,,0.455,pregrasp_collision,
1303,cylinder,0.01,0.5,50.0,90.0,31303,0,0.01401,0.27299928665161133,0.19408,0.07963,7,0,target_object,0,,,0.455,pregrasp_collision,
1304,cylinder,0.01,0.5,50.0,90.0,41304,0,0.01401,0.2864595651626587,0.20242,0.08467,11,0,target_object,0,,,0.455,pregrasp_collision,
1305,cylinder,0.01,0.5,55.0,0.0,1305,0,0.01345,0.2932533025741577,0.21668,0.07997,13,1,,0,0.04133,-0.0,0.455,executed_dropped,
1306,cylinder,0.01,0.5,55.0,0.0,11306,0,0.01345,0.2731201648712158,0.22588,0.09728,19,0,target_object,0,,,0.455,pregrasp_collision,
1307,cylinder,0.01,0.5,55.0,0.0,21307,0,0.01345,0.2749490737915039,0.24971,0.09338,20,0,target_object,0,,,0.455,pregrasp_collision,
1308,cylinder,0.01,0.5,55.0,0.0,31308,0,0.01345,0.2924693822860718,0.24168,0.05691,15,0,target_object,0,,,0.455,pregrasp_collision,
1309,cylinder,0.01,0.5,55.0,0.0,41309,0,0.01345,0.28207242488861084,0.25365,0.07919,22,0,target_object,0,,,0.455,pregrasp_collision,
1310,cylinder,0.01,0.5,55.0,45.0,1310,0,0.01344,0.2753332853317261,0.24203,0.07546,18,0,target_object,0,,,0.455,pregrasp_collision,
1311,cylinder,0.01,0.5,55.0,45.0,11311,0,0.01344,0.3025287389755249,0.21303,0.07087,12,1,,1,0.02704,0.14845,0.6034,success,
1312,cylinder,0.01,0.5,55.0,45.0,21312,0,0.01344,0.2860872745513916,0.2298,0.08404,21,0,target_object,0,,,0.455,pregrasp_collision,
1313,cylinder,0.01,0.5,55.0,45.0,31313,0,0.01344,0.2714325189590454,0.23513,0.08952,21,1,,1,0.03199,0.14811,0.6031,success,
1314,cylinder,0.01,0.5,55.0,45.0,41314,0,0.01344,0.29588770866394043,0.23781,0.07,20,0,target_object,0,,,0.455,pregrasp_collision,
1315,cylinder,0.01,0.5,55.0,90.0,1315,0,0.01345,0.2868211269378662,0.25919,0.0915,17,1,,1,0.02866,0.14689,0.6019,success,
1316,cylinder,0.01,0.5,55.0,90.0,11316,0,0.01345,0.2907825708389282,0.24127,0.07437,22,0,target_object,0,,,0.455,pregrasp_collision,
1317,cylinder,0.01,0.5,55.0,90.0,21317,0,0.01345,0.27453160285949707,0.26376,0.0688,23,0,target_object,0,,,0.455,pregrasp_collision,
1318,cylinder,0.01,0.5,55.0,90.0,31318,0,0.01345,0.2897850275039673,0.22532,0.07068,22,1,,1,0.02268,0.14982,0.6048,success,
1319,cylinder,0.01,0.5,55.0,90.0,41319,0,0.01345,0.28629839420318604,0.25645,0.08887,19,1,,1,0.01713,0.14688,0.6019,success,
1320,cylinder,0.01,0.5,60.0,0.0,1320,0,0.01281,0.28465771675109863,0.23342,0.07581,18,0,target_object,0,,,0.455,pregrasp_collision,
1321,cylinder,0.01,0.5,60.0,0.0,11321,0,0.01281,0.27921831607818604,0.24341,0.09314,27,0,target_object,0,,,0.455,pregrasp_collision,
1322,cylinder,0.01,0.5,60.0,0.0,21322,0,0.01281,0.2736612558364868,0.22537,0.10846,22,1,,0,0.05948,-0.0,0.455,executed_dropped,
1323,cylinder,0.01,0.5,60.0,0.0,31323,0,0.01281,0.2826310396194458,0.21761,0.08047,20,0,target_object,0,,,0.455,pregrasp_collision,
1324,cylinder,0.01,0.5,60.0,0.0,41324,0,0.01281,0.29090189933776855,0.23446,0.06546,14,0,target_object,0,,,0.455,pregrasp_collision,
1325,cylinder,0.01,0.5,60.0,45.0,1325,0,0.01284,0.31699562072753906,0.26179,0.07435,19,0,target_object,0,,,0.455,pregrasp_collision,
1326,cylinder,0.01,0.5,60.0,45.0,11326,0,0.01284,0.31727397441864014,0.25741,0.08354,27,0,target_object,0,,,0.455,pregrasp_collision,
1327,cylinder,0.01,0.5,60.0,45.0,21327,0,0.01284,0.3037254810333252,0.22827,0.09596,17,1,,1,0.02907,0.15006,0.6051,success,
1328,cylinder,0.01,0.5,60.0,45.0,31328,0,0.01284,0.2979186773300171,0.23004,0.07404,23,0,target_object,0,,,0.455,pregrasp_collision,
1329,cylinder,0.01,0.5,60.0,45.0,41329,0,0.01284,0.2812049388885498,0.2267,0.09975,31,0,target_object,0,,,0.455,pregrasp_collision,
1330,cylinder,0.01,0.5,60.0,90.0,1330,0,0.01281,0.30341577529907227,0.23277,0.09484,25,0,target_object,0,,,0.455,pregrasp_collision,
1331,cylinder,0.01,0.5,60.0,90.0,11331,0,0.01281,0.30279672145843506,0.27832,0.07588,22,0,target_object,0,,,0.455,pregrasp_collision,
1332,cylinder,0.01,0.5,60.0,90.0,21332,0,0.01281,0.30411970615386963,0.28502,0.09464,16,1,,1,0.02741,0.15065,0.6056,success,
1333,cylinder,0.01,0.5,60.0,90.0,31333,0,0.01281,0.2909538745880127,0.24515,0.09583,26,0,target_object,0,,,0.455,pregrasp_collision,
1334,cylinder,0.01,0.5,60.0,90.0,41334,0,0.01281,0.28803563117980957,0.23943,0.0817,26,0,target_object,0,,,0.455,pregrasp_collision,
1335,cylinder,0.01,0.5,65.0,0.0,1335,0,0.01204,0.2955350875854492,0.21599,0.08737,13,1,,1,0.02461,0.14959,0.6046,success,
1336,cylinder,0.01,0.5,65.0,0.0,11336,0,0.01204,0.2997981309890747,0.23798,0.11394,16,0,target_object,0,,,0.455,pregrasp_collision,
1337,cylinder,0.01,0.5,65.0,0.0,21337,0,0.01204,0.30110490322113037,0.27032,0.08641,17,0,target_object,0,,,0.455,pregrasp_collision,
1338,cylinder,0.01,0.5,65.0,0.0,31338,0,0.01204,0.314014196395874,0.2251,0.03157,23,0,target_object,0,,,0.455,pregrasp_collision,
1339,cylinder,0.01,0.5,65.0,0.0,41339,0,0.01204,0.3445323705673218,0.22444,0.03526,18,0,target_object,0,,,0.455,pregrasp_collision,
1340,cylinder,0.01,0.5,65.0,45.0,1340,0,0.0121,0.32352256774902344,0.25424,0.035,23,0,target_object,0,,,0.455,pregrasp_collision,
1341,cylinder,0.01,0.5,65.0,45.0,11341,0,0.0121,0.30437779426574707,0.25577,0.10552,24,1,,1,0.0334,0.14821,0.6032,success,
1342,cylinder,0.01,0.5,65.0,45.0,21342,0,0.0121,0.30921995639801025,0.26102,0.091,20,0,target_object,0,,,0.455,pregrasp_collision,
1343,cylinder,0.01,0.5,65.0,45.0,31343,0,0.0121,0.3055981397628784,0.233,0.10526,21,0,target_object,0,,,0.455,pregrasp_collision,
1344,cylinder,0.01,0.5,65.0,45.0,41344,0,0.0121,0.28011083602905273,0.23048,0.07479,15,1,,0,0.03055,0.00043,0.4554,executed_dropped,
1345,cylinder,0.01,0.5,65.0,90.0,1345,0,0.01204,0.2983509302139282,0.24411,0.01664,12,1,,0,0.05465,0.0,0.455,executed_dropped,
1346,cylinder,0.01,0.5,65.0,90.0,11346,0,0.01204,0.30437982082366943,0.24357,0.08633,17,1,,1,0.01683,0.14936,0.6043,success,
1347,cylinder,0.01,0.5,65.0,90.0,21347,0,0.01204,0.30207526683807373,0.24621,0.1144,19,0,target_object,0,,,0.455,pregrasp_collision,
1348,cylinder,0.01,0.5,65.0,90.0,31348,0,0.01204,0.30888450145721436,0.2606,0.10081,12,1,,1,0.03424,0.14856,0.6036,success,
1349,cylinder,0.01,0.5,65.0,90.0,41349,0,0.01204,0.31224822998046875,0.24715,0.08242,26,0,target_object,0,,,0.455,pregrasp_collision,
1350,cylinder,0.01,0.25,30.0,0.0,1350,0,0.01517,0.26209983229637146,0.21379,0.03903,7,0,target_object,0,,,0.455,pregrasp_collision,
1351,cylinder,0.01,0.25,30.0,0.0,11351,0,0.01517,0.2633095383644104,0.21256,0.05758,3,1,,1,0.02492,0.14898,0.604,success,
1352,cylinder,0.01,0.25,30.0,0.0,21352,0,0.01517,0.2635532021522522,0.20142,0.04132,9,0,target_object,0,,,0.455,pregrasp_collision,
1353,cylinder,0.01,0.25,30.0,0.0,31353,0,0.01517,0.2601202130317688,0.18294,0.03142,4,0,target_object,0,,,0.455,pregrasp_collision,
1354,cylinder,0.01,0.25,30.0,0.0,41354,0,0.01517,0.2598237991333008,0.16697,0.08064,3,1,,1,0.02689,0.14895,0.6039,success,
1355,cylinder,0.01,0.25,30.0,45.0,1355,0,0.01518,0.26280826330184937,0.15997,0.02473,2,0,target_object,0,,,0.455,pregrasp_collision,
1356,cylinder,0.01,0.25,30.0,45.0,11356,0,0.01518,0.26156339049339294,0.19837,0.02108,5,0,target_object,0,,,0.455,pregrasp_collision,
1357,cylinder,0.01,0.25,30.0,45.0,21357,0,0.01518,0.26200300455093384,,,0,,,0,,,,no_grasps,no_grasps
1358,cylinder,0.01,0.25,30.0,45.0,31358,0,0.01518,0.2586367130279541,0.19456,0.06197,9,0,target_object,0,,,0.455,pregrasp_collision,
1359,cylinder,0.01,0.25,30.0,45.0,41359,0,0.01518,0.26071977615356445,0.18407,0.0622,9,1,,1,0.02219,0.14915,0.6041,success,
1360,cylinder,0.01,0.25,30.0,90.0,1360,0,0.01517,0.2612247169017792,0.21159,0.02809,6,0,target_object,0,,,0.455,pregrasp_collision,
1361,cylinder,0.01,0.25,30.0,90.0,11361,0,0.01517,0.2600823640823364,0.19045,0.03863,10,0,target_object,0,,,0.455,pregrasp_collision,
1362,cylinder,0.01,0.25,30.0,90.0,21362,0,0.01517,0.2604573369026184,0.20313,0.03376,5,0,target_object,0,,,0.455,pregrasp_collision,
1363,cylinder,0.01,0.25,30.0,90.0,31363,0,0.01517,0.2607056200504303,0.16201,0.03394,1,0,target_object,0,,,0.455,pregrasp_collision,
1364,cylinder,0.01,0.25,30.0,90.0,41364,0,0.01517,0.26118776202201843,0.1972,0.02536,6,0,target_object,0,,,0.455,pregrasp_collision,
1365,cylinder,0.01,0.25,45.0,0.0,1365,0,0.01445,0.2584557831287384,0.20081,0.07158,10,1,,1,0.02617,0.1491,0.6041,success,
1366,cylinder,0.01,0.25,45.0,0.0,11366,0,0.01445,0.28883349895477295,0.21427,0.08015,10,0,target_object,0,,,0.455,pregrasp_collision,
1367,cylinder,0.01,0.25,45.0,0.0,21367,0,0.01445,0.2644622325897217,0.22836,0.06831,6,0,target_object,0,,,0.455,pregrasp_collision,
1368,cylinder,0.01,0.25,45.0,0.0,31368,0,0.01445,0.2567426264286041,0.27763,0.03501,15,0,target_object,0,,,0.455,pregrasp_collision,
1369,cylinder,0.01,0.25,45.0,0.0,41369,0,0.01445,0.27836084365844727,0.24,0.01466,7,0,target_object,0,,,0.455,pregrasp_collision,
1370,cylinder,0.01,0.25,45.0,45.0,1370,0,0.01447,0.25655993819236755,0.2498,0.05433,7,0,target_object,0,,,0.455,pregrasp_collision,
1371,cylinder,0.01,0.25,45.0,45.0,11371,0,0.01447,0.27655720710754395,0.21066,0.0985,6,0,target_object,0,,,0.455,pregrasp_collision,
1372,cylinder,0.01,0.25,45.0,45.0,21372,0,0.01447,0.25627923011779785,0.18046,0.11144,2,1,,0,0.0487,0.0,0.455,executed_dropped,
1373,cylinder,0.01,0.25,45.0,45.0,31373,0,0.01447,0.2542905807495117,0.20583,0.02182,6,0,target_object,0,,,0.455,pregrasp_collision,
1374,cylinder,0.01,0.25,45.0,45.0,41374,0,0.01447,0.2770007848739624,0.21508,0.0806,10,0,target_object,0,,,0.455,pregrasp_collision,
1375,cylinder,0.01,0.25,45.0,90.0,1375,0,0.01445,0.2934943437576294,0.19009,0.03395,6,0,target_object,0,,,0.455,pregrasp_collision,
1376,cylinder,0.01,0.25,45.0,90.0,11376,0,0.01445,0.27341651916503906,0.23976,0.06895,9,0,target_object,0,,,0.455,pregrasp_collision,
1377,cylinder,0.01,0.25,45.0,90.0,21377,0,0.01445,0.25849348306655884,0.25464,0.07474,9,0,target_object,0,,,0.455,pregrasp_collision,
1378,cylinder,0.01,0.25,45.0,90.0,31378,0,0.01445,0.25705575942993164,0.19544,0.06514,2,1,,0,0.01502,-0.0,0.455,executed_dropped,
1379,cylinder,0.01,0.25,45.0,90.0,41379,0,0.01445,0.29670584201812744,0.22735,0.07499,5,0,target_object,0,,,0.455,pregrasp_collision,
1380,cylinder,0.01,0.25,50.0,0.0,1380,0,0.01401,0.25538623332977295,0.2307,0.04867,19,0,target_object,0,,,0.455,pregrasp_collision,
1381,cylinder,0.01,0.25,50.0,0.0,11381,0,0.01401,0.27442264556884766,0.24629,0.102,19,0,target_object,0,,,0.455,pregrasp_collision,
1382,cylinder,0.01,0.25,50.0,0.0,21382,0,0.01401,0.2873579263687134,0.23064,0.09176,17,0,target_object,0,,,0.455,pregrasp_collision,
1383,cylinder,0.01,0.25,50.0,0.0,31383,0,0.01401,0.24845938384532928,0.22361,0.06971,26,0,target_object,0,,,0.455,pregrasp_collision,
1384,cylinder,0.01,0.25,50.0,0.0,41384,0,0.01401,0.2777261734008789,0.16871,0.03469,5,0,target_object,0,,,0.455,pregrasp_collision,
1385,cylinder,0.01,0.25,50.0,45.0,1385,0,0.01402,0.2642216682434082,0.2114,0.09982,11,0,target_object,0,,,0.455,pregrasp_collision,
1386,cylinder,0.01,0.25,50.0,45.0,11386,0,0.01402,0.25633156299591064,0.25127,0.08564,14,0,target_object,0,,,0.455,pregrasp_collision,
1387,cylinder,0.01,0.25,50.0,45.0,21387,0,0.01402,0.2658863067626953,0.2786,0.05518,12,0,target_object,0,,,0.455,pregrasp_collision,
1388,cylinder,0.01,0.25,50.0,45.0,31388,0,0.01402,0.28524112701416016,0.26961,0.08537,12,0,target_object,0,,,0.455,pregrasp_collision,
1389,cylinder,0.01,0.25,50.0,45.0,41389,0,0.01402,0.2520897388458252,0.19223,0.04016,19,0,target_object,0,,,0.455,pregrasp_collision,
1390,cylinder,0.01,0.25,50.0,90.0,1390,0,0.01401,0.26486825942993164,0.22263,0.04383,13,0,target_object,0,,,0.455,pregrasp_collision,
1391,cylinder,0.01,0.25,50.0,90.0,11391,0,0.01401,0.250893771648407,0.24625,0.10197,10,0,target_object,0,,,0.455,pregrasp_collision,
1392,cylinder,0.01,0.25,50.0,90.0,21392,0,0.01401,0.24965804815292358,0.22642,0.06914,10,1,,0,0.01347,0.00115,0.4561,executed_dropped,
1393,cylinder,0.01,0.25,50.0,90.0,31393,0,0.01401,0.28909921646118164,0.22045,0.06409,15,0,target_object,0,,,0.455,pregrasp_collision,
1394,cylinder,0.01,0.25,50.0,90.0,41394,0,0.01401,0.2533043622970581,0.23787,0.05408,16,0,target_object,0,,,0.455,pregrasp_collision,
1395,cylinder,0.01,0.25,55.0,0.0,1395,0,0.01345,0.2922172546386719,0.20635,0.08794,2,0,target_object,0,,,0.455,pregrasp_collision,
1396,cylinder,0.01,0.25,55.0,0.0,11396,0,0.01345,0.2565213441848755,0.23978,0.0804,2,0,target_object,0,,,0.455,pregrasp_collision,
1397,cylinder,0.01,0.25,55.0,0.0,21397,0,0.01345,0.2684016227722168,0.18701,0.07556,1,0,target_object,0,,,0.455,pregrasp_collision,
1398,cylinder,0.01,0.25,55.0,0.0,31398,0,0.01345,0.2744024991989136,0.19679,0.10149,1,0,target_object,0,,,0.455,pregrasp_collision,
1399,cylinder,0.01,0.25,55.0,0.0,41399,0,0.01345,0.28019487857818604,0.20408,0.09299,4,0,target_object,0,,,0.455,pregrasp_collision,
1400,cylinder,0.01,0.25,55.0,45.0,1400,0,0.01344,0.25664234161376953,0.21261,0.06445,14,0,target_object,0,,,0.455,pregrasp_collision,
1401,cylinder,0.01,0.25,55.0,45.0,11401,0,0.01344,0.26483654975891113,0.20328,0.10447,9,1,,0,0.05548,-0.0,0.455,executed_dropped,
1402,cylinder,0.01,0.25,55.0,45.0,21402,0,0.01344,0.26485729217529297,0.24416,0.0711,16,0,target_object,0,,,0.455,pregrasp_collision,
1403,cylinder,0.01,0.25,55.0,45.0,31403,0,0.01344,0.2752807140350342,0.2361,0.07616,11,0,target_object,0,,,0.455,pregrasp_collision,
1404,cylinder,0.01,0.25,55.0,45.0,41404,0,0.01344,0.2599482536315918,0.21518,0.07931,15,0,target_object,0,,,0.455,pregrasp_collision,
1405,cylinder,0.01,0.25,55.0,90.0,1405,0,0.01345,0.31134307384490967,,,0,,,0,,,,no_grasps,no_grasps
1406,cylinder,0.01,0.25,55.0,90.0,11406,0,0.01345,0.2834916114807129,0.2622,0.08548,3,0,target_object,0,,,0.455,pregrasp_collision,
1407,cylinder,0.01,0.25,55.0,90.0,21407,0,0.01345,0.2726842164993286,0.22261,0.09065,3,1,,1,0.02539,0.14768,0.6027,success,
1408,cylinder,0.01,0.25,55.0,90.0,31408,0,0.01345,0.2763979434967041,0.21855,0.09143,4,1,,1,0.02916,0.14881,0.6038,success,
1409,cylinder,0.01,0.25,55.0,90.0,41409,0,0.01345,0.2743457555770874,0.2544,0.08707,2,0,target_object,0,,,0.455,pregrasp_collision,
1410,cylinder,0.01,0.25,60.0,0.0,1410,0,0.01281,0.31842291355133057,0.22495,0.04234,8,0,target_object,0,,,0.455,pregrasp_collision,
1411,cylinder,0.01,0.25,60.0,0.0,11411,0,0.01281,0.27995193004608154,0.22021,0.06302,13,0,target_object,0,,,0.455,pregrasp_collision,
1412,cylinder,0.01,0.25,60.0,0.0,21412,0,0.01281,0.28932368755340576,0.2247,0.07748,9,0,target_object,0,,,0.455,pregrasp_collision,
1413,cylinder,0.01,0.25,60.0,0.0,31413,0,0.01281,0.27924585342407227,0.25319,0.06001,19,0,target_object,0,,,0.455,pregrasp_collision,
1414,cylinder,0.01,0.25,60.0,0.0,41414,0,0.01281,0.28792381286621094,0.21827,0.06045,12,0,target_object,0,,,0.455,pregrasp_collision,
1415,cylinder,0.01,0.25,60.0,45.0,1415,0,0.01284,0.260784387588501,0.18617,0.09531,2,1,,0,0.05576,0.0,0.455,executed_dropped,
1416,cylinder,0.01,0.25,60.0,45.0,11416,0,0.01284,0.27934837341308594,,,0,,,0,,,,no_grasps,no_grasps
1417,cylinder,0.01,0.25,60.0,45.0,21417,0,0.01284,0.2936232089996338,0.25769,0.09516,2,0,target_object,0,,,0.455,pregrasp_collision,
1418,cylinder,0.01,0.25,60.0,45.0,31418,0,0.01284,0.28387248516082764,,,0,,,0,,,,no_grasps,no_grasps
1419,cylinder,0.01,0.25,60.0,45.0,41419,0,0.01284,0.27793025970458984,,,0,,,0,,,,no_grasps,no_grasps
1420,cylinder,0.01,0.25,60.0,90.0,1420,0,0.01281,0.31383442878723145,0.22779,0.10072,15,1,,1,0.03348,0.14883,0.6038,success,
1421,cylinder,0.01,0.25,60.0,90.0,11421,0,0.01281,0.28697097301483154,0.24572,0.0886,18,0,target_object,0,,,0.455,pregrasp_collision,
1422,cylinder,0.01,0.25,60.0,90.0,21422,0,0.01281,0.2549096345901489,0.2244,0.04496,16,0,target_object,0,,,0.455,pregrasp_collision,
1423,cylinder,0.01,0.25,60.0,90.0,31423,0,0.01281,0.26795244216918945,0.23818,0.08567,10,0,target_object,0,,,0.455,pregrasp_collision,
1424,cylinder,0.01,0.25,60.0,90.0,41424,0,0.01281,0.261236310005188,0.23622,0.09059,14,1,,1,0.02596,0.15008,0.6051,success,
1425,cylinder,0.01,0.25,65.0,0.0,1425,0,0.01204,0.305600643157959,0.19327,0.11314,4,1,,1,0.03196,0.1489,0.6039,success,
1426,cylinder,0.01,0.25,65.0,0.0,11426,0,0.01204,0.27944374084472656,0.19553,0.11442,4,0,target_object,0,,,0.455,pregrasp_collision,
1427,cylinder,0.01,0.25,65.0,0.0,21427,0,0.01204,0.29273247718811035,0.18029,0.11265,1,1,,1,0.03515,0.14914,0.6041,success,
1428,cylinder,0.01,0.25,65.0,0.0,31428,0,0.01204,0.2650918960571289,0.20288,0.10891,4,0,target_object,0,,,0.455,pregrasp_collision,
1429,cylinder,0.01,0.25,65.0,0.0,41429,0,0.01204,0.2969381809234619,0.21968,0.11034,2,0,target_object,0,,,0.455,pregrasp_collision,
1430,cylinder,0.01,0.25,65.0,45.0,1430,0,0.0121,0.29983627796173096,0.20532,0.07676,5,0,target_object,0,,,0.455,pregrasp_collision,
1431,cylinder,0.01,0.25,65.0,45.0,11431,0,0.0121,0.28936266899108887,0.21288,0.0668,9,0,target_object,0,,,0.455,pregrasp_collision,
1432,cylinder,0.01,0.25,65.0,45.0,21432,0,0.0121,0.29635632038116455,0.23969,0.06592,12,0,target_object,0,,,0.455,pregrasp_collision,
1433,cylinder,0.01,0.25,65.0,45.0,31433,0,0.0121,0.29070019721984863,0.2276,0.08787,11,1,,1,0.02357,0.14741,0.6024,success,
1434,cylinder,0.01,0.25,65.0,45.0,41434,0,0.0121,0.27518177032470703,0.21029,0.10247,9,1,,1,0.02958,0.14749,0.6025,success,
1435,cylinder,0.01,0.25,65.0,90.0,1435,0,0.01204,0.2867856025695801,0.22001,0.09965,4,1,,0,0.00911,-0.0,0.455,executed_dropped,
1436,cylinder,0.01,0.25,65.0,90.0,11436,0,0.01204,0.2943601608276367,0.27315,0.0994,4,0,target_object,0,,,0.455,pregrasp_collision,
1437,cylinder,0.01,0.25,65.0,90.0,21437,0,0.01204,0.2918297052383423,0.21024,0.10364,4,0,target_object,0,,,0.455,pregrasp_collision,
1438,cylinder,0.01,0.25,65.0,90.0,31438,0,0.01204,0.2903348207473755,0.1576,0.12609,2,0,target_object,0,,,0.455,pregrasp_collision,
1439,cylinder,0.01,0.25,65.0,90.0,41439,0,0.01204,0.26896870136260986,0.2377,0.10331,4,1,,0,0.0164,-0.0,0.455,executed_dropped,
1440,cylinder,0.015,1.0,30.0,0.0,1440,0,0.01517,0.28692758083343506,0.28076,0.06375,62,0,target_object,0,,,0.455,pregrasp_collision,
1441,cylinder,0.015,1.0,30.0,0.0,11441,0,0.01517,0.31807172298431396,0.27771,0.06262,60,0,target_object,0,,,0.455,pregrasp_collision,
1442,cylinder,0.015,1.0,30.0,0.0,21442,0,0.01517,0.3043416738510132,0.27492,0.02914,59,0,target_object,0,,,0.455,pregrasp_collision,
1443,cylinder,0.015,1.0,30.0,0.0,31443,0,0.01517,0.29894280433654785,0.27594,0.01645,68,0,target_object,0,,,0.455,pregrasp_collision,
1444,cylinder,0.015,1.0,30.0,0.0,41444,0,0.01517,0.3033686876296997,0.26585,0.0515,55,0,target_object,0,,,0.455,pregrasp_collision,
1445,cylinder,0.015,1.0,30.0,45.0,1445,0,0.01518,0.3021472692489624,0.27054,0.08648,61,0,target_object,0,,,0.455,pregrasp_collision,
1446,cylinder,0.015,1.0,30.0,45.0,11446,0,0.01518,0.31876277923583984,0.2702,0.06768,65,0,target_object,0,,,0.455,pregrasp_collision,
1447,cylinder,0.015,1.0,30.0,45.0,21447,0,0.01518,0.28944242000579834,0.28592,0.05729,63,0,target_object,0,,,0.455,pregrasp_collision,
1448,cylinder,0.015,1.0,30.0,45.0,31448,0,0.01518,0.3043574094772339,0.28531,0.03295,50,0,target_object,0,,,0.455,pregrasp_collision,
1449,cylinder,0.015,1.0,30.0,45.0,41449,0,0.01518,0.28985345363616943,0.27152,0.06551,61,0,target_object,0,,,0.455,pregrasp_collision,
1450,cylinder,0.015,1.0,30.0,90.0,1450,0,0.01517,0.29356813430786133,0.27801,0.07625,56,0,target_object,0,,,0.455,pregrasp_collision,
1451,cylinder,0.015,1.0,30.0,90.0,11451,0,0.01517,0.2967221736907959,0.27431,0.03101,55,0,target_object,0,,,0.455,pregrasp_collision,
1452,cylinder,0.015,1.0,30.0,90.0,21452,0,0.01517,0.2865779399871826,0.28692,0.03138,73,0,target_object,0,,,0.455,pregrasp_collision,
1453,cylinder,0.015,1.0,30.0,90.0,31453,0,0.01517,0.2945880889892578,0.2821,0.07154,54,0,target_object,0,,,0.455,pregrasp_collision,
1454,cylinder,0.015,1.0,30.0,90.0,41454,0,0.01517,0.2825514078140259,0.27306,0.02928,57,0,target_object,0,,,0.455,pregrasp_collision,
1455,cylinder,0.015,1.0,45.0,0.0,1455,0,0.01445,0.34407293796539307,0.27658,0.02751,64,0,target_object,0,,,0.455,pregrasp_collision,
1456,cylinder,0.015,1.0,45.0,0.0,11456,0,0.01445,0.3174799680709839,0.28572,0.04218,78,0,target_object,0,,,0.455,pregrasp_collision,
1457,cylinder,0.015,1.0,45.0,0.0,21457,0,0.01445,0.3439725637435913,0.23765,0.03501,48,0,target_object,0,,,0.455,pregrasp_collision,
1458,cylinder,0.015,1.0,45.0,0.0,31458,0,0.01445,0.3371497392654419,0.2885,0.03198,64,0,target_object,0,,,0.455,pregrasp_collision,
1459,cylinder,0.015,1.0,45.0,0.0,41459,0,0.01445,0.33888745307922363,0.2336,0.02659,56,0,target_object,0,,,0.455,pregrasp_collision,
1460,cylinder,0.015,1.0,45.0,45.0,1460,0,0.01447,0.3219187259674072,0.259,0.00476,55,0,target_object,0,,,0.455,pregrasp_collision,
1461,cylinder,0.015,1.0,45.0,45.0,11461,0,0.01447,0.3589831590652466,0.27593,0.0432,59,0,target_object,0,,,0.455,pregrasp_collision,
1462,cylinder,0.015,1.0,45.0,45.0,21462,0,0.01447,0.33476150035858154,0.25336,0.05834,68,0,target_object,0,,,0.455,pregrasp_collision,
1463,cylinder,0.015,1.0,45.0,45.0,31463,0,0.01447,0.3333808183670044,0.26501,0.03648,57,0,target_object,0,,,0.455,pregrasp_collision,
1464,cylinder,0.015,1.0,45.0,45.0,41464,0,0.01447,0.3357023000717163,0.277,0.0497,53,0,target_object,0,,,0.455,pregrasp_collision,
1465,cylinder,0.015,1.0,45.0,90.0,1465,0,0.01445,0.362945556640625,0.281,0.02712,53,0,target_object,0,,,0.455,pregrasp_collision,
1466,cylinder,0.015,1.0,45.0,90.0,11466,0,0.01445,0.33428919315338135,0.2638,0.06183,59,1,,0,0.05851,0.00105,0.456,executed_dropped,
1467,cylinder,0.015,1.0,45.0,90.0,21467,0,0.01445,0.311267614364624,0.26905,0.03749,63,0,target_object,0,,,0.455,pregrasp_collision,
1468,cylinder,0.015,1.0,45.0,90.0,31468,0,0.01445,0.3418269157409668,0.27383,0.02534,58,0,target_object,0,,,0.455,pregrasp_collision,
1469,cylinder,0.015,1.0,45.0,90.0,41469,0,0.01445,0.323799729347229,0.23143,0.03846,74,1,,0,0.0294,0.0,0.455,executed_dropped,
1470,cylinder,0.015,1.0,50.0,0.0,1470,0,0.01401,0.3126136064529419,0.26777,0.06419,44,0,target_object,0,,,0.455,pregrasp_collision,
1471,cylinder,0.015,1.0,50.0,0.0,11471,0,0.01401,0.3241581916809082,0.25479,0.03368,59,0,target_object,0,,,0.455,pregrasp_collision,
1472,cylinder,0.015,1.0,50.0,0.0,21472,0,0.01401,0.3356587886810303,0.28416,0.02157,56,0,target_object,0,,,0.455,pregrasp_collision,
1473,cylinder,0.015,1.0,50.0,0.0,31473,0,0.01401,0.3715449571609497,0.26255,0.04247,41,0,target_object,0,,,0.455,pregrasp_collision,
1474,cylinder,0.015,1.0,50.0,0.0,41474,0,0.01401,0.3725546598434448,0.24606,0.04862,43,0,target_object,0,,,0.455,pregrasp_collision,
1475,cylinder,0.015,1.0,50.0,45.0,1475,0,0.01402,0.3546023368835449,0.25996,0.00938,56,0,target_object,0,,,0.455,pregrasp_collision,
1476,cylinder,0.015,1.0,50.0,45.0,11476,0,0.01402,0.31224024295806885,0.27322,0.02169,52,1,,0,0.02917,-0.0,0.455,executed_dropped,
1477,cylinder,0.015,1.0,50.0,45.0,21477,0,0.01402,0.3624681234359741,0.277,0.06183,61,0,target_object,0,,,0.455,pregrasp_collision,
1478,cylinder,0.015,1.0,50.0,45.0,31478,0,0.01402,0.3247556686401367,0.27696,0.04272,63,0,target_object,0,,,0.455,pregrasp_collision,
1479,cylinder,0.015,1.0,50.0,45.0,41479,0,0.01402,0.3732646703720093,0.26581,0.05339,52,0,target_object,0,,,0.455,pregrasp_collision,
1480,cylinder,0.015,1.0,50.0,90.0,1480,0,0.01401,0.3520129919052124,0.27335,0.0434,49,0,target_object,0,,,0.455,pregrasp_collision,
1481,cylinder,0.015,1.0,50.0,90.0,11481,0,0.01401,0.34378552436828613,0.28046,0.03273,45,0,target_object,0,,,0.455,pregrasp_collision,
1482,cylinder,0.015,1.0,50.0,90.0,21482,0,0.01401,0.3383990526199341,0.25596,0.04879,49,1,,0,0.05112,0.0,0.455,executed_dropped,
1483,cylinder,0.015,1.0,50.0,90.0,31483,0,0.01401,0.33325040340423584,0.26738,0.04345,64,1,,0,0.07728,-0.0,0.455,executed_ejected,
1484,cylinder,0.015,1.0,50.0,90.0,41484,0,0.01401,0.34959614276885986,0.25532,0.00816,53,0,target_object,0,,,0.455,pregrasp_collision,
1485,cylinder,0.015,1.0,55.0,0.0,1485,0,0.01345,0.358656644821167,0.27175,0.02947,44,0,target_object,0,,,0.455,pregrasp_collision,
1486,cylinder,0.015,1.0,55.0,0.0,11486,0,0.01345,0.34610259532928467,0.2279,0.02051,48,0,target_object,0,,,0.455,pregrasp_collision,
1487,cylinder,0.015,1.0,55.0,0.0,21487,0,0.01345,0.38482189178466797,0.25283,0.01648,37,0,target_object,0,,,0.455,pregrasp_collision,
1488,cylinder,0.015,1.0,55.0,0.0,31488,0,0.01345,0.35411596298217773,0.2414,0.02827,41,0,target_object,0,,,0.455,pregrasp_collision,
1489,cylinder,0.015,1.0,55.0,0.0,41489,0,0.01345,0.3657318353652954,0.24236,0.05214,41,0,target_object,0,,,0.455,pregrasp_collision,
1490,cylinder,0.015,1.0,55.0,45.0,1490,0,0.01344,0.38341736793518066,0.25141,0.06394,32,0,target_object,0,,,0.455,pregrasp_collision,
1491,cylinder,0.015,1.0,55.0,45.0,11491,0,0.01344,0.3671989440917969,0.267,0.08193,38,1,,0,0.03874,-0.0,0.455,executed_dropped,
1492,cylinder,0.015,1.0,55.0,45.0,21492,0,0.01344,0.3459343910217285,0.25868,0.05737,46,0,target_object,0,,,0.455,pregrasp_collision,
1493,cylinder,0.015,1.0,55.0,45.0,31493,0,0.01344,0.33386099338531494,0.25303,0.02631,46,0,target_object,0,,,0.455,pregrasp_collision,
1494,cylinder,0.015,1.0,55.0,45.0,41494,0,0.01344,0.3251734972000122,0.25334,0.04543,62,0,target_object,0,,,0.455,pregrasp_collision,
1495,cylinder,0.015,1.0,55.0,90.0,1495,0,0.01345,0.3502054214477539,0.27118,0.06705,58,0,target_object,0,,,0.455,pregrasp_collision,
1496,cylinder,0.015,1.0,55.0,90.0,11496,0,0.01345,0.35479581356048584,0.27057,0.02504,34,1,,0,0.07211,-0.0,0.455,executed_ejected,
1497,cylinder,0.015,1.0,55.0,90.0,21497,0,0.01345,0.39581143856048584,0.27082,0.05658,42,1,,0,0.05898,-0.0,0.455,executed_dropped,
1498,cylinder,0.015,1.0,55.0,90.0,31498,0,0.01345,0.3606860637664795,0.22726,0.021,37,0,target_object,0,,,0.455,pregrasp_collision,
1499,cylinder,0.015,1.0,55.0,90.0,41499,0,0.01345,0.36656367778778076,0.26401,0.07504,25,0,target_object,0,,,0.455,pregrasp_collision,
1500,cylinder,0.015,1.0,60.0,0.0,1500,0,0.01281,0.3439384698867798,0.27368,0.05971,45,1,,0,0.0379,0.00097,0.456,executed_dropped,
1501,cylinder,0.015,1.0,60.0,0.0,11501,0,0.01281,0.3644798994064331,0.23226,0.03092,32,0,target_object,0,,,0.455,pregrasp_collision,
1502,cylinder,0.015,1.0,60.0,0.0,21502,0,0.01281,0.37326061725616455,0.20944,0.02671,27,0,target_object,0,,,0.455,pregrasp_collision,
1503,cylinder,0.015,1.0,60.0,0.0,31503,0,0.01281,0.3430415391921997,0.23837,0.05067,31,0,target_object,0,,,0.455,pregrasp_collision,
1504,cylinder,0.015,1.0,60.0,0.0,41504,0,0.01281,0.344335675239563,0.24075,0.05596,33,0,target_object,0,,,0.455,pregrasp_collision,
1505,cylinder,0.015,1.0,60.0,45.0,1505,0,0.01284,0.3584650754928589,0.23576,0.00748,34,0,target_object,0,,,0.455,pregrasp_collision,
1506,cylinder,0.015,1.0,60.0,45.0,11506,0,0.01284,0.337133526802063,0.25295,0.10321,53,1,,0,0.05694,0.0,0.455,executed_dropped,
1507,cylinder,0.015,1.0,60.0,45.0,21507,0,0.01284,0.3653538227081299,0.21901,0.03733,29,0,target_object,0,,,0.455,pregrasp_collision,
1508,cylinder,0.015,1.0,60.0,45.0,31508,0,0.01284,0.3707401752471924,0.27403,0.02801,43,0,target_object,0,,,0.455,pregrasp_collision,
1509,cylinder,0.015,1.0,60.0,45.0,41509,0,0.01284,0.36411118507385254,0.22773,0.01614,25,0,target_object,0,,,0.455,pregrasp_collision,
1510,cylinder,0.015,1.0,60.0,90.0,1510,0,0.01281,0.3562971353530884,0.22874,0.0231,31,1,,0,0.06472,-0.0,0.455,executed_dropped,
1511,cylinder,0.015,1.0,60.0,90.0,11511,0,0.01281,0.34026265144348145,0.25114,0.10202,44,0,target_object,0,,,0.455,pregrasp_collision,
1512,cylinder,0.015,1.0,60.0,90.0,21512,0,0.01281,0.3286021947860718,0.27389,0.05967,53,0,target_object,0,,,0.455,pregrasp_collision,
1513,cylinder,0.015,1.0,60.0,90.0,31513,0,0.01281,0.3683004379272461,0.26263,0.01326,41,0,target_object,0,,,0.455,pregrasp_collision,
1514,cylinder,0.015,1.0,60.0,90.0,41514,0,0.01281,0.4047192335128784,0.26801,0.02253,26,1,,0,0.04408,-0.0,0.455,executed_dropped,
1515,cylinder,0.015,1.0,65.0,0.0,1515,0,0.01204,0.34465527534484863,0.24281,0.08662,29,0,target_object,0,,,0.455,pregrasp_collision,
1516,cylinder,0.015,1.0,65.0,0.0,11516,0,0.01204,0.349498987197876,0.2435,0.03007,33,0,target_object,0,,,0.455,pregrasp_collision,
1517,cylinder,0.015,1.0,65.0,0.0,21517,0,0.01204,0.35383355617523193,0.20506,0.0514,20,1,,0,0.04325,-0.0,0.455,executed_dropped,
1518,cylinder,0.015,1.0,65.0,0.0,31518,0,0.01204,0.3657808303833008,0.21167,0.0452,10,0,target_object,0,,,0.455,pregrasp_collision,
1519,cylinder,0.015,1.0,65.0,0.0,41519,0,0.01204,0.3551180362701416,0.2013,0.04929,23,0,target_object,0,,,0.455,pregrasp_collision,
1520,cylinder,0.015,1.0,65.0,45.0,1520,0,0.0121,0.364727258682251,0.22009,0.10282,20,1,,0,0.04564,-0.0,0.455,executed_dropped,
1521,cylinder,0.015,1.0,65.0,45.0,11521,0,0.0121,0.3558831214904785,0.18975,0.04942,17,0,target_object,0,,,0.455,pregrasp_collision,
1522,cylinder,0.015,1.0,65.0,45.0,21522,0,0.0121,0.3759150505065918,0.22834,0.03293,27,0,target_object,0,,,0.455,pregrasp_collision,
1523,cylinder,0.015,1.0,65.0,45.0,31523,0,0.0121,0.3340110778808594,0.20765,0.01746,23,0,target_object,0,,,0.455,pregrasp_collision,
1524,cylinder,0.015,1.0,65.0,45.0,41524,0,0.0121,0.387248158454895,0.19044,0.01218,12,0,target_object,0,,,0.455,pregrasp_collision,
1525,cylinder,0.015,1.0,65.0,90.0,1525,0,0.01204,0.35825061798095703,0.22351,0.05166,21,0,target_object,0,,,0.455,pregrasp_collision,
1526,cylinder,0.015,1.0,65.0,90.0,11526,0,0.01204,0.3505028486251831,0.2128,0.01869,24,0,target_object,0,,,0.455,pregrasp_collision,
1527,cylinder,0.015,1.0,65.0,90.0,21527,0,0.01204,0.34765875339508057,0.19136,0.04539,27,0,target_object,0,,,0.455,pregrasp_collision,
1528,cylinder,0.015,1.0,65.0,90.0,31528,0,0.01204,0.3611522912979126,0.20446,0.04166,15,0,target_object,0,,,0.455,pregrasp_collision,
1529,cylinder,0.015,1.0,65.0,90.0,41529,0,0.01204,0.3868478536605835,0.17382,0.03257,9,1,,0,0.0342,-0.0,0.455,executed_dropped,
1530,cylinder,0.015,0.75,30.0,0.0,1530,0,0.01517,0.2934361696243286,0.28089,0.04527,58,0,target_object,0,,,0.455,pregrasp_collision,
1531,cylinder,0.015,0.75,30.0,0.0,11531,0,0.01517,0.28700196743011475,0.27966,0.06115,41,0,target_object,0,,,0.455,pregrasp_collision,
1532,cylinder,0.015,0.75,30.0,0.0,21532,0,0.01517,0.2957726716995239,0.27672,0.06624,49,0,target_object,0,,,0.455,pregrasp_collision,
1533,cylinder,0.015,0.75,30.0,0.0,31533,0,0.01517,0.2955745458602905,0.27242,0.06926,44,0,target_object,0,,,0.455,pregrasp_collision,
1534,cylinder,0.015,0.75,30.0,0.0,41534,0,0.01517,0.3007090091705322,0.28719,0.07072,49,0,target_object,0,,,0.455,pregrasp_collision,
1535,cylinder,0.015,0.75,30.0,45.0,1535,0,0.01518,0.2814452648162842,0.2897,0.07122,55,0,target_object,0,,,0.455,pregrasp_collision,
1536,cylinder,0.015,0.75,30.0,45.0,11536,0,0.01518,0.2965104579925537,0.28124,0.0711,59,0,target_object,0,,,0.455,pregrasp_collision,
1537,cylinder,0.015,0.75,30.0,45.0,21537,0,0.01518,0.31053924560546875,0.27628,0.01918,54,0,target_object,0,,,0.455,pregrasp_collision,
1538,cylinder,0.015,0.75,30.0,45.0,31538,0,0.01518,0.27575695514678955,0.27433,0.03968,53,0,target_object,0,,,0.455,pregrasp_collision,
1539,cylinder,0.015,0.75,30.0,45.0,41539,0,0.01518,0.33619439601898193,0.27899,0.04461,41,0,target_object,0,,,0.455,pregrasp_collision,
1540,cylinder,0.015,0.75,30.0,90.0,1540,0,0.01517,0.2888150215148926,0.25886,0.04752,42,0,target_object,0,,,0.455,pregrasp_collision,
1541,cylinder,0.015,0.75,30.0,90.0,11541,0,0.01517,0.2882465124130249,0.29027,0.06296,49,1,,0,0.08404,-0.0,0.455,executed_ejected,
1542,cylinder,0.015,0.75,30.0,90.0,21542,0,0.01517,0.325991153717041,0.28277,0.04585,50,0,target_object,0,,,0.455,pregrasp_collision,
1543,cylinder,0.015,0.75,30.0,90.0,31543,0,0.01517,0.30246055126190186,0.27078,0.04886,45,0,target_object,0,,,0.455,pregrasp_collision,
1544,cylinder,0.015,0.75,30.0,90.0,41544,0,0.01517,0.3134821653366089,0.26227,0.00928,41,0,target_object,0,,,0.455,pregrasp_collision,
1545,cylinder,0.015,0.75,45.0,0.0,1545,0,0.01445,0.3405628204345703,0.25867,0.0332,44,0,target_object,0,,,0.455,pregrasp_collision,
1546,cylinder,0.015,0.75,45.0,0.0,11546,0,0.01445,0.3344322443008423,0.26543,0.05746,52,0,target_object,0,,,0.455,pregrasp_collision,
1547,cylinder,0.015,0.75,45.0,0.0,21547,0,0.01445,0.3335009813308716,0.26363,0.05115,41,0,target_object,0,,,0.455,pregrasp_collision,
1548,cylinder,0.015,0.75,45.0,0.0,31548,0,0.01445,0.3118692636489868,0.27709,0.05708,46,0,target_object,0,,,0.455,pregrasp_collision,
1549,cylinder,0.015,0.75,45.0,0.0,41549,0,0.01445,0.3646869659423828,0.24739,0.03963,31,0,target_object,0,,,0.455,pregrasp_collision,
1550,cylinder,0.015,0.75,45.0,45.0,1550,0,0.01447,0.3778146505355835,0.23843,0.10357,23,1,,0,0.05197,-0.0,0.455,executed_dropped,
1551,cylinder,0.015,0.75,45.0,45.0,11551,0,0.01447,0.324995756149292,0.28879,0.0705,40,1,,0,0.05785,-0.0,0.455,executed_dropped,
1552,cylinder,0.015,0.75,45.0,45.0,21552,0,0.01447,0.3381662368774414,0.27245,0.02801,49,0,target_object,0,,,0.455,pregrasp_collision,
1553,cylinder,0.015,0.75,45.0,45.0,31553,0,0.01447,0.3140137195587158,0.25956,0.04015,45,0,target_object,0,,,0.455,pregrasp_collision,
1554,cylinder,0.015,0.75,45.0,45.0,41554,0,0.01447,0.3281306028366089,0.24035,0.01346,45,1,,0,0.0624,-0.0,0.455,executed_dropped,
1555,cylinder,0.015,0.75,45.0,90.0,1555,0,0.01445,0.3167917728424072,0.27116,0.04816,46,0,target_object,0,,,0.455,pregrasp_collision,
1556,cylinder,0.015,0.75,45.0,90.0,11556,0,0.01445,0.32360947132110596,0.25489,0.05457,35,0,target_object,0,,,0.455,pregrasp_collision,
1557,cylinder,0.015,0.75,45.0,90.0,21557,0,0.01445,0.31657373905181885,0.2845,0.00889,41,0,target_object,0,,,0.455,pregrasp_collision,
1558,cylinder,0.015,0.75,45.0,90.0,31558,0,0.01445,0.3339729309082031,0.26961,0.09786,44,1,,0,0.07987,-0.0,0.455,executed_ejected,
1559,cylinder,0.015,0.75,45.0,90.0,41559,0,0.01445,0.29813969135284424,0.27309,0.01661,45,1,,0,0.05547,-0.0,0.455,executed_dropped,
1560,cylinder,0.015,0.75,50.0,0.0,1560,0,0.01401,0.33250224590301514,0.2774,0.01855,47,0,target_object,0,,,0.455,pregrasp_collision,
1561,cylinder,0.015,0.75,50.0,0.0,11561,0,0.01401,0.3331509828567505,0.25345,0.04739,41,0,target_object,0,,,0.455,pregrasp_collision,
1562,cylinder,0.015,0.75,50.0,0.0,21562,0,0.01401,0.322251558303833,0.28997,0.0228,50,0,target_object,0,,,0.455,pregrasp_collision,
1563,cylinder,0.015,0.75,50.0,0.0,31563,0,0.01401,0.3313121795654297,0.23164,0.03502,44,0,target_object,0,,,0.455,pregrasp_collision,
1564,cylinder,0.015,0.75,50.0,0.0,41564,0,0.01401,0.3460209369659424,0.24713,0.05971,37,0,target_object,0,,,0.455,pregrasp_collision,
1565,cylinder,0.015,0.75,50.0,45.0,1565,0,0.01402,0.3828493356704712,0.25774,0.03236,25,0,target_object,0,,,0.455,pregrasp_collision,
1566,cylinder,0.015,0.75,50.0,45.0,11566,0,0.01402,0.36107945442199707,0.2446,0.03974,30,0,target_object,0,,,0.455,pregrasp_collision,
1567,cylinder,0.015,0.75,50.0,45.0,21567,0,0.01402,0.33006417751312256,0.26561,0.04185,49,0,target_object,0,,,0.455,pregrasp_collision,
1568,cylinder,0.015,0.75,50.0,45.0,31568,0,0.01402,0.3089803457260132,0.28101,0.06756,58,0,target_object,0,,,0.455,pregrasp_collision,
1569,cylinder,0.015,0.75,50.0,45.0,41569,0,0.01402,0.36453211307525635,0.26357,0.05243,36,0,target_object,0,,,0.455,pregrasp_collision,
1570,cylinder,0.015,0.75,50.0,90.0,1570,0,0.01401,0.3414422273635864,0.24824,0.0438,35,0,target_object,0,,,0.455,pregrasp_collision,
1571,cylinder,0.015,0.75,50.0,90.0,11571,0,0.01401,0.3298546075820923,0.27736,0.04022,36,0,target_object,0,,,0.455,pregrasp_collision,
1572,cylinder,0.015,0.75,50.0,90.0,21572,0,0.01401,0.320448637008667,0.25187,0.03264,50,0,target_object,0,,,0.455,pregrasp_collision,
1573,cylinder,0.015,0.75,50.0,90.0,31573,0,0.01401,0.3404877185821533,0.26209,0.0365,38,0,target_object,0,,,0.455,pregrasp_collision,
1574,cylinder,0.015,0.75,50.0,90.0,41574,0,0.01401,0.34455406665802,0.2491,0.01254,42,0,target_object,0,,,0.455,pregrasp_collision,
1575,cylinder,0.015,0.75,55.0,0.0,1575,0,0.01345,0.3480064868927002,0.24435,0.02345,38,0,target_object,0,,,0.455,pregrasp_collision,
1576,cylinder,0.015,0.75,55.0,0.0,11576,0,0.01345,0.3304774761199951,0.23763,0.02505,25,0,target_object,0,,,0.455,pregrasp_collision,
1577,cylinder,0.015,0.75,55.0,0.0,21577,0,0.01345,0.33553552627563477,0.2604,0.04929,41,1,,0,0.0307,-0.0,0.455,executed_dropped,
1578,cylinder,0.015,0.75,55.0,0.0,31578,0,0.01345,0.3316166400909424,0.24164,0.00944,44,0,target_object,0,,,0.455,pregrasp_collision,
1579,cylinder,0.015,0.75,55.0,0.0,41579,0,0.01345,0.3461824655532837,0.24852,0.03137,35,0,target_object,0,,,0.455,pregrasp_collision,
1580,cylinder,0.015,0.75,55.0,45.0,1580,0,0.01344,0.35790252685546875,0.26368,0.01672,31,0,target_object,0,,,0.455,pregrasp_collision,
1581,cylinder,0.015,0.75,55.0,45.0,11581,0,0.01344,0.383436918258667,0.20698,0.08045,15,1,,0,0.02366,0.0005,0.4555,executed_dropped,
1582,cylinder,0.015,0.75,55.0,45.0,21582,0,0.01344,0.35475873947143555,0.24503,0.0372,29,0,target_object,0,,,0.455,pregrasp_collision,
1583,cylinder,0.015,0.75,55.0,45.0,31583,0,0.01344,0.3608053922653198,0.23678,0.0616,23,0,target_object,0,,,0.455,pregrasp_collision,
1584,cylinder,0.015,0.75,55.0,45.0,41584,0,0.01344,0.346874475479126,0.25622,0.03822,38,0,target_object,0,,,0.455,pregrasp_collision,
1585,cylinder,0.015,0.75,55.0,90.0,1585,0,0.01345,0.3637045621871948,0.25036,0.03031,29,0,target_object,0,,,0.455,pregrasp_collision,
1586,cylinder,0.015,0.75,55.0,90.0,11586,0,0.01345,0.3109891414642334,0.25155,0.03397,39,0,target_object,0,,,0.455,pregrasp_collision,
1587,cylinder,0.015,0.75,55.0,90.0,21587,0,0.01345,0.3475250005722046,0.28952,0.06008,38,0,target_object,0,,,0.455,pregrasp_collision,
1588,cylinder,0.015,0.75,55.0,90.0,31588,0,0.01345,0.3121381998062134,0.28477,0.03538,38,0,target_object,0,,,0.455,pregrasp_collision,
1589,cylinder,0.015,0.75,55.0,90.0,41589,0,0.01345,0.34534692764282227,0.2522,0.04031,32,0,target_object,0,,,0.455,pregrasp_collision,
1590,cylinder,0.015,0.75,60.0,0.0,1590,0,0.01281,0.34988832473754883,0.2411,0.04909,14,1,,0,0.02112,-0.0,0.455,executed_dropped,
1591,cylinder,0.015,0.75,60.0,0.0,11591,0,0.01281,0.3499948978424072,0.2289,0.11049,36,0,target_object,0,,,0.455,pregrasp_collision,
1592,cylinder,0.015,0.75,60.0,0.0,21592,0,0.01281,0.3544423580169678,0.2188,0.03971,26,0,target_object,0,,,0.455,pregrasp_collision,
1593,cylinder,0.015,0.75,60.0,0.0,31593,0,0.01281,0.3475712537765503,0.20756,0.04738,21,0,target_object,0,,,0.455,pregrasp_collision,
1594,cylinder,0.015,0.75,60.0,0.0,41594,0,0.01281,0.36829710006713867,0.21666,0.0191,24,0,target_object,0,,,0.455,pregrasp_collision,
1595,cylinder,0.015,0.75,60.0,45.0,1595,0,0.01284,0.3573676347732544,0.22501,0.01318,26,0,target_object,0,,,0.455,pregrasp_collision,
1596,cylinder,0.015,0.75,60.0,45.0,11596,0,0.01284,0.33166611194610596,0.21677,0.03135,24,0,target_object,0,,,0.455,pregrasp_collision,
1597,cylinder,0.015,0.75,60.0,45.0,21597,0,0.01284,0.3702676296234131,0.20229,0.02929,19,0,target_object,0,,,0.455,pregrasp_collision,
1598,cylinder,0.015,0.75,60.0,45.0,31598,0,0.01284,0.36484789848327637,0.23287,0.01878,37,0,target_object,0,,,0.455,pregrasp_collision,
1599,cylinder,0.015,0.75,60.0,45.0,41599,0,0.01284,0.35971832275390625,0.23187,0.05391,20,0,target_object,0,,,0.455,pregrasp_collision,
1600,cylinder,0.015,0.75,60.0,90.0,1600,0,0.01281,0.3607438802719116,0.22803,0.0238,18,0,target_object,0,,,0.455,pregrasp_collision,
1601,cylinder,0.015,0.75,60.0,90.0,11601,0,0.01281,0.34253084659576416,0.22958,0.06789,28,1,,0,0.02146,-0.0,0.455,executed_dropped,
1602,cylinder,0.015,0.75,60.0,90.0,21602,0,0.01281,0.3549126386642456,0.2626,0.07741,31,0,target_object,0,,,0.455,pregrasp_collision,
1603,cylinder,0.015,0.75,60.0,90.0,31603,0,0.01281,0.32747864723205566,0.24753,0.05062,35,0,target_object,0,,,0.455,pregrasp_collision,
1604,cylinder,0.015,0.75,60.0,90.0,41604,0,0.01281,0.33723485469818115,0.27929,0.03838,32,0,target_object,0,,,0.455,pregrasp_collision,
1605,cylinder,0.015,0.75,65.0,0.0,1605,0,0.01204,0.35851192474365234,0.23028,0.03515,16,0,target_object,0,,,0.455,pregrasp_collision,
1606,cylinder,0.015,0.75,65.0,0.0,11606,0,0.01204,0.39304208755493164,0.19447,0.00893,12,1,,0,0.02709,-0.0,0.455,executed_dropped,
1607,cylinder,0.015,0.75,65.0,0.0,21607,0,0.01204,0.3296254873275757,0.24966,0.05454,14,0,target_object,0,,,0.455,pregrasp_collision,
1608,cylinder,0.015,0.75,65.0,0.0,31608,0,0.01204,0.35359907150268555,0.18934,0.07959,12,0,target_object,0,,,0.455,pregrasp_collision,
1609,cylinder,0.015,0.75,65.0,0.0,41609,0,0.01204,0.33201611042022705,0.23258,0.01573,19,1,,0,0.02894,-0.0,0.455,executed_dropped,
1610,cylinder,0.015,0.75,65.0,45.0,1610,0,0.0121,0.37841010093688965,0.20941,0.03753,10,0,target_object,0,,,0.455,pregrasp_collision,
1611,cylinder,0.015,0.75,65.0,45.0,11611,0,0.0121,0.3640655279159546,0.22403,0.06736,11,0,target_object,0,,,0.455,pregrasp_collision,
1612,cylinder,0.015,0.75,65.0,45.0,21612,0,0.0121,0.34915637969970703,0.23012,0.06164,27,1,,0,0.03302,-0.0,0.455,executed_dropped,
1613,cylinder,0.015,0.75,65.0,45.0,31613,0,0.0121,0.34333980083465576,0.20385,0.07659,20,0,target_object,0,,,0.455,pregrasp_collision,
1614,cylinder,0.015,0.75,65.0,45.0,41614,0,0.0121,0.36123621463775635,0.21578,0.02053,18,1,,0,0.04582,-0.0,0.455,executed_dropped,
1615,cylinder,0.015,0.75,65.0,90.0,1615,0,0.01204,0.39109671115875244,0.18589,0.05754,8,0,target_object,0,,,0.455,pregrasp_collision,
1616,cylinder,0.015,0.75,65.0,90.0,11616,0,0.01204,0.3627357482910156,0.26406,0.04394,19,0,target_object,0,,,0.455,pregrasp_collision,
1617,cylinder,0.015,0.75,65.0,90.0,21617,0,0.01204,0.36835777759552,0.21135,0.03981,19,0,target_object,0,,,0.455,pregrasp_collision,
1618,cylinder,0.015,0.75,65.0,90.0,31618,0,0.01204,0.34792935848236084,0.20293,0.01383,11,0,target_object,0,,,0.455,pregrasp_collision,
1619,cylinder,0.015,0.75,65.0,90.0,41619,0,0.01204,0.36575353145599365,0.18169,0.06094,8,0,target_object,0,,,0.455,pregrasp_collision,
1620,cylinder,0.015,0.5,30.0,0.0,1620,0,0.01517,0.2995196580886841,0.21087,0.03552,13,0,target_object,0,,,0.455,pregrasp_collision,
1621,cylinder,0.015,0.5,30.0,0.0,11621,0,0.01517,0.26764893531799316,0.2146,0.06509,7,0,target_object,0,,,0.455,pregrasp_collision,
1622,cylinder,0.015,0.5,30.0,0.0,21622,0,0.01517,0.26770490407943726,0.18595,0.04423,5,0,target_object,0,,,0.455,pregrasp_collision,
1623,cylinder,0.015,0.5,30.0,0.0,31623,0,0.01517,0.2671855092048645,0.19124,0.01989,9,1,,0,0.19373,0.00973,0.4647,executed_ejected,
1624,cylinder,0.015,0.5,30.0,0.0,41624,0,0.01517,0.2794935703277588,0.18179,0.06015,7,0,target_object,0,,,0.455,pregrasp_collision,
1625,cylinder,0.015,0.5,30.0,45.0,1625,0,0.01518,0.2719905376434326,0.19576,0.04447,8,0,target_object,0,,,0.455,pregrasp_collision,
1626,cylinder,0.015,0.5,30.0,45.0,11626,0,0.01518,0.2903127670288086,0.20702,0.00132,9,0,target_object,0,,,0.455,pregrasp_collision,
1627,cylinder,0.015,0.5,30.0,45.0,21627,0,0.01518,0.3133103847503662,0.1981,0.04314,6,0,target_object,0,,,0.455,pregrasp_collision,
1628,cylinder,0.015,0.5,30.0,45.0,31628,0,0.01518,0.2755556106567383,0.1775,0.03125,7,0,target_object,0,,,0.455,pregrasp_collision,
1629,cylinder,0.015,0.5,30.0,45.0,41629,0,0.01518,0.2687721252441406,0.17748,0.02269,3,0,target_object,0,,,0.455,pregrasp_collision,
1630,cylinder,0.015,0.5,30.0,90.0,1630,0,0.01517,0.32015931606292725,0.18284,0.02666,7,0,target_object,0,,,0.455,pregrasp_collision,
1631,cylinder,0.015,0.5,30.0,90.0,11631,0,0.01517,0.2804919481277466,0.20102,0.01204,12,0,target_object,0,,,0.455,pregrasp_collision,
1632,cylinder,0.015,0.5,30.0,90.0,21632,0,0.01517,0.27972209453582764,0.21579,0.01834,9,0,target_object,0,,,0.455,pregrasp_collision,
1633,cylinder,0.015,0.5,30.0,90.0,31633,0,0.01517,0.2853771448135376,0.18578,0.05267,6,0,target_object,0,,,0.455,pregrasp_collision,
1634,cylinder,0.015,0.5,30.0,90.0,41634,0,0.01517,0.2856529951095581,0.20714,0.03776,6,0,target_object,0,,,0.455,pregrasp_collision,
1635,cylinder,0.015,0.5,45.0,0.0,1635,0,0.01445,0.34058845043182373,0.2613,0.03998,43,0,target_object,0,,,0.455,pregrasp_collision,
1636,cylinder,0.015,0.5,45.0,0.0,11636,0,0.01445,0.3254232406616211,0.18129,0.0778,5,1,,0,0.13603,-0.01895,0.436,executed_ejected,
1637,cylinder,0.015,0.5,45.0,0.0,21637,0,0.01445,0.3256458044052124,0.22729,0.03107,11,0,target_object,0,,,0.455,pregrasp_collision,
1638,cylinder,0.015,0.5,45.0,0.0,31638,0,0.01445,0.34904158115386963,0.26553,0.00858,41,0,target_object,0,,,0.455,pregrasp_collision,
1639,cylinder,0.015,0.5,45.0,0.0,41639,0,0.01445,0.29749763011932373,0.18078,0.03296,6,0,target_object,0,,,0.455,pregrasp_collision,
1640,cylinder,0.015,0.5,45.0,45.0,1640,0,0.01447,0.2963606119155884,0.18914,0.10429,3,0,target_object,0,,,0.455,pregrasp_collision,
1641,cylinder,0.015,0.5,45.0,45.0,11641,0,0.01447,0.3019016981124878,0.20706,0.03463,14,0,target_object,0,,,0.455,pregrasp_collision,
1642,cylinder,0.015,0.5,45.0,45.0,21642,0,0.01447,0.3107490539550781,0.21595,0.04899,5,0,target_object,0,,,0.455,pregrasp_collision,
1643,cylinder,0.015,0.5,45.0,45.0,31643,0,0.01447,0.3024930953979492,0.20145,0.06092,3,1,,1,0.02944,0.14837,0.6034,success,
1644,cylinder,0.015,0.5,45.0,45.0,41644,0,0.01447,0.29414796829223633,0.20246,0.02849,4,0,target_object,0,,,0.455,pregrasp_collision,
1645,cylinder,0.015,0.5,45.0,90.0,1645,0,0.01445,0.3068821430206299,0.25837,0.03584,13,0,target_object,0,,,0.455,pregrasp_collision,
1646,cylinder,0.015,0.5,45.0,90.0,11646,0,0.01445,0.3166137933731079,0.2085,0.03174,5,0,target_object,0,,,0.455,pregrasp_collision,
1647,cylinder,0.015,0.5,45.0,90.0,21647,0,0.01445,0.30520594120025635,0.21432,0.06533,20,0,target_object,0,,,0.455,pregrasp_collision,
1648,cylinder,0.015,0.5,45.0,90.0,31648,0,0.01445,0.31921982765197754,0.23889,0.0493,5,0,target_object,0,,,0.455,pregrasp_collision,
1649,cylinder,0.015,0.5,45.0,90.0,41649,0,0.01445,0.32653844356536865,0.19777,0.03256,4,0,target_object,0,,,0.455,pregrasp_collision,
1650,cylinder,0.015,0.5,50.0,0.0,1650,0,0.01401,0.3132333755493164,0.19945,0.05218,2,1,,0,0.01853,-0.0,0.455,executed_dropped,
1651,cylinder,0.015,0.5,50.0,0.0,11651,0,0.01401,0.3201481103897095,0.25612,0.02263,6,0,target_object,0,,,0.455,pregrasp_collision,
1652,cylinder,0.015,0.5,50.0,0.0,21652,0,0.01401,0.3542659282684326,0.231,0.03473,7,1,,0,0.04337,-0.0,0.455,executed_dropped,
1653,cylinder,0.015,0.5,50.0,0.0,31653,0,0.01401,0.32185161113739014,0.24309,0.04357,14,0,target_object,0,,,0.455,pregrasp_collision,
1654,cylinder,0.015,0.5,50.0,0.0,41654,0,0.01401,0.3277493715286255,0.22986,0.09657,9,1,,1,0.03215,0.14882,0.6038,success,
1655,cylinder,0.015,0.5,50.0,45.0,1655,0,0.01402,0.320379376411438,0.1919,0.09661,4,0,target_object,0,,,0.455,pregrasp_collision,
1656,cylinder,0.015,0.5,50.0,45.0,11656,0,0.01402,0.3335012197494507,0.24272,0.04172,12,0,target_object,0,,,0.455,pregrasp_collision,
1657,cylinder,0.015,0.5,50.0,45.0,21657,0,0.01402,0.3737541437149048,0.22187,0.06322,14,1,,0,0.10609,-0.019,0.436,executed_ejected,
1658,cylinder,0.015,0.5,50.0,45.0,31658,0,0.01402,0.32280075550079346,0.28253,0.03276,35,0,target_object,0,,,0.455,pregrasp_collision,
1659,cylinder,0.015,0.5,50.0,45.0,41659,0,0.01402,0.3031792640686035,0.19635,0.02214,7,0,target_object,0,,,0.455,pregrasp_collision,
1660,cylinder,0.015,0.5,50.0,90.0,1660,0,0.01401,0.33086371421813965,0.21208,0.06867,13,0,target_object,0,,,0.455,pregrasp_collision,
1661,cylinder,0.015,0.5,50.0,90.0,11661,0,0.01401,0.2964285612106323,0.26838,0.06682,23,0,target_object,0,,,0.455,pregrasp_collision,
1662,cylinder,0.015,0.5,50.0,90.0,21662,0,0.01401,0.33082354068756104,0.22273,0.05237,16,0,target_object,0,,,0.455,pregrasp_collision,
1663,cylinder,0.015,0.5,50.0,90.0,31663,0,0.01401,0.3306901454925537,0.25556,0.07553,14,0,target_object,0,,,0.455,pregrasp_collision,
1664,cylinder,0.015,0.5,50.0,90.0,41664,0,0.01401,0.30964088439941406,0.16287,0.10853,2,0,target_object,0,,,0.455,pregrasp_collision,
1665,cylinder,0.015,0.5,55.0,0.0,1665,0,0.01345,0.3404144048690796,0.23376,0.03685,19,0,target_object,0,,,0.455,pregrasp_collision,
1666,cylinder,0.015,0.5,55.0,0.0,11666,0,0.01345,0.3131958246231079,0.18923,0.06377,6,1,,0,0.02263,-0.0,0.455,executed_dropped,
1667,cylinder,0.015,0.5,55.0,0.0,21667,0,0.01345,0.30408620834350586,0.21243,0.05166,14,0,target_object,0,,,0.455,pregrasp_collision,
1668,cylinder,0.015,0.5,55.0,0.0,31668,0,0.01345,0.3454172611236572,0.25712,0.02747,15,0,target_object,0,,,0.455,pregrasp_collision,
1669,cylinder,0.015,0.5,55.0,0.0,41669,0,0.01345,0.3457082509994507,0.23868,0.05439,20,1,,0,0.03618,-0.0,0.455,executed_dropped,
1670,cylinder,0.015,0.5,55.0,45.0,1670,0,0.01344,0.33632099628448486,0.25918,0.03824,14,0,target_object,0,,,0.455,pregrasp_collision,
1671,cylinder,0.015,0.5,55.0,45.0,11671,0,0.01344,0.37749671936035156,0.22972,0.02163,14,0,target_object,0,,,0.455,pregrasp_collision,
1672,cylinder,0.015,0.5,55.0,45.0,21672,0,0.01344,0.3392676115036011,0.21662,0.06277,19,1,,0,0.05062,-0.0,0.455,executed_dropped,
1673,cylinder,0.015,0.5,55.0,45.0,31673,0,0.01344,0.34192395210266113,0.24757,0.04462,19,0,target_object,0,,,0.455,pregrasp_collision,
1674,cylinder,0.015,0.5,55.0,45.0,41674,0,0.01344,0.3478773832321167,0.25734,0.09089,24,1,,0,0.02732,-0.0,0.455,executed_dropped,
1675,cylinder,0.015,0.5,55.0,90.0,1675,0,0.01345,0.3119429349899292,0.21137,0.07384,8,1,,0,0.0125,-0.0,0.455,executed_dropped,
1676,cylinder,0.015,0.5,55.0,90.0,11676,0,0.01345,0.3839651346206665,0.2415,0.01655,10,0,target_object,0,,,0.455,pregrasp_collision,
1677,cylinder,0.015,0.5,55.0,90.0,21677,0,0.01345,0.32264232635498047,0.28226,0.0369,16,0,target_object,0,,,0.455,pregrasp_collision,
1678,cylinder,0.015,0.5,55.0,90.0,31678,0,0.01345,0.32851529121398926,0.2814,0.01292,28,0,target_object,0,,,0.455,pregrasp_collision,
1679,cylinder,0.015,0.5,55.0,90.0,41679,0,0.01345,0.3444479703903198,0.25837,0.02789,19,0,target_object,0,,,0.455,pregrasp_collision,
1680,cylinder,0.015,0.5,60.0,0.0,1680,0,0.01281,0.35249996185302734,0.24715,0.05765,22,0,target_object,0,,,0.455,pregrasp_collision,
1681,cylinder,0.015,0.5,60.0,0.0,11681,0,0.01281,0.34648001194000244,0.23387,0.03291,16,0,target_object,0,,,0.455,pregrasp_collision,
1682,cylinder,0.015,0.5,60.0,0.0,21682,0,0.01281,0.32609593868255615,0.24815,0.05144,19,0,target_object,0,,,0.455,pregrasp_collision,
1683,cylinder,0.015,0.5,60.0,0.0,31683,0,0.01281,0.352447509765625,0.18234,0.08922,6,0,target_object,0,,,0.455,pregrasp_collision,
1684,cylinder,0.015,0.5,60.0,0.0,41684,0,0.01281,0.341245174407959,0.27741,0.01326,17,1,,0,0.02121,-0.0,0.455,executed_dropped,
1685,cylinder,0.015,0.5,60.0,45.0,1685,0,0.01284,0.34619808197021484,0.23142,0.01965,13,0,target_object,0,,,0.455,pregrasp_collision,
1686,cylinder,0.015,0.5,60.0,45.0,11686,0,0.01284,0.33649158477783203,0.21704,0.02014,18,0,target_object,0,,,0.455,pregrasp_collision,
1687,cylinder,0.015,0.5,60.0,45.0,21687,0,0.01284,0.34031736850738525,0.20033,0.07995,10,1,,0,0.02875,0.00026,0.4553,executed_dropped,
1688,cylinder,0.015,0.5,60.0,45.0,31688,0,0.01284,0.3354203701019287,0.22322,0.08189,12,1,,0,0.0336,0.0,0.455,executed_dropped,
1689,cylinder,0.015,0.5,60.0,45.0,41689,0,0.01284,0.37187767028808594,0.22468,0.01709,17,0,target_object,0,,,0.455,pregrasp_collision,
1690,cylinder,0.015,0.5,60.0,90.0,1690,0,0.01281,0.31803596019744873,0.25984,0.08358,26,0,target_object,0,,,0.455,pregrasp_collision,
1691,cylinder,0.015,0.5,60.0,90.0,11691,0,0.01281,0.33580005168914795,0.19749,0.02231,7,0,target_object,0,,,0.455,pregrasp_collision,
1692,cylinder,0.015,0.5,60.0,90.0,21692,0,0.01281,0.3258938789367676,0.23268,0.02852,19,0,target_object,0,,,0.455,pregrasp_collision,
1693,cylinder,0.015,0.5,60.0,90.0,31693,0,0.01281,0.38323211669921875,0.19126,0.0302,8,0,target_object,0,,,0.455,pregrasp_collision,
1694,cylinder,0.015,0.5,60.0,90.0,41694,0,0.01281,0.32240355014801025,0.23056,0.07529,22,0,target_object,0,,,0.455,pregrasp_collision,
1695,cylinder,0.015,0.5,65.0,0.0,1695,0,0.01204,0.3492854833602905,0.24658,0.06335,12,0,target_object,0,,,0.455,pregrasp_collision,
1696,cylinder,0.015,0.5,65.0,0.0,11696,0,0.01204,0.33678221702575684,0.20343,0.04396,9,0,target_object,0,,,0.455,pregrasp_collision,
1697,cylinder,0.015,0.5,65.0,0.0,21697,0,0.01204,0.3441241979598999,0.18789,0.03008,7,0,target_object,0,,,0.455,pregrasp_collision,
1698,cylinder,0.015,0.5,65.0,0.0,31698,0,0.01204,0.3253285884857178,0.20152,0.10139,17,0,target_object,0,,,0.455,pregrasp_collision,
1699,cylinder,0.015,0.5,65.0,0.0,41699,0,0.01204,0.33289384841918945,0.24747,0.019,10,0,target_object,0,,,0.455,pregrasp_collision,
1700,cylinder,0.015,0.5,65.0,45.0,1700,0,0.0121,0.3363076448440552,0.19073,0.09971,11,1,,0,0.03743,0.00192,0.4569,executed_dropped,
1701,cylinder,0.015,0.5,65.0,45.0,11701,0,0.0121,0.352486252784729,0.20036,0.08461,7,0,target_object,0,,,0.455,pregrasp_collision,
1702,cylinder,0.015,0.5,65.0,45.0,21702,0,0.0121,0.34559428691864014,0.19913,0.03408,7,0,target_object,0,,,0.455,pregrasp_collision,
1703,cylinder,0.015,0.5,65.0,45.0,31703,0,0.0121,0.3668389320373535,0.19247,0.0765,7,0,target_object,0,,,0.455,pregrasp_collision,
1704,cylinder,0.015,0.5,65.0,45.0,41704,0,0.0121,0.34233570098876953,0.22464,0.06913,8,0,target_object,0,,,0.455,pregrasp_collision,
1705,cylinder,0.015,0.5,65.0,90.0,1705,0,0.01204,0.3644667863845825,0.18993,0.06459,6,0,target_object,0,,,0.455,pregrasp_collision,
1706,cylinder,0.015,0.5,65.0,90.0,11706,0,0.01204,0.36814141273498535,0.22673,0.01833,8,0,target_object,0,,,0.455,pregrasp_collision,
1707,cylinder,0.015,0.5,65.0,90.0,21707,0,0.01204,0.36751365661621094,0.1869,0.01963,9,0,target_object,0,,,0.455,pregrasp_collision,
1708,cylinder,0.015,0.5,65.0,90.0,31708,0,0.01204,0.33989381790161133,0.20219,0.00802,9,1,,0,0.06318,-0.0,0.455,executed_dropped,
1709,cylinder,0.015,0.5,65.0,90.0,41709,0,0.01204,0.34705400466918945,0.19141,0.05393,5,0,target_object,0,,,0.455,pregrasp_collision,
1710,cylinder,0.015,0.25,30.0,0.0,1710,0,0.01517,0.265036940574646,,,0,,,0,,,,no_grasps,no_grasps
1711,cylinder,0.015,0.25,30.0,0.0,11711,0,0.01517,0.2621814012527466,0.20518,0.01959,8,0,target_object,0,,,0.455,pregrasp_collision,
1712,cylinder,0.015,0.25,30.0,0.0,21712,0,0.01517,0.260721892118454,0.19768,0.05572,8,1,,0,0.04711,-0.0,0.455,executed_dropped,
1713,cylinder,0.015,0.25,30.0,0.0,31713,0,0.01517,0.2968621253967285,0.15523,0.15044,2,1,,0,0.07975,0.0,0.455,executed_ejected,
1714,cylinder,0.015,0.25,30.0,0.0,41714,0,0.01517,0.27309608459472656,0.18054,0.11754,3,1,,0,0.04171,-0.0,0.455,executed_dropped,
1715,cylinder,0.015,0.25,30.0,45.0,1715,0,0.01518,0.26329219341278076,,,0,,,0,,,,no_grasps,no_grasps
1716,cylinder,0.015,0.25,30.0,45.0,11716,0,0.01518,0.26760876178741455,0.17235,0.02949,6,0,target_object,0,,,0.455,pregrasp_collision,
1717,cylinder,0.015,0.25,30.0,45.0,21717,0,0.01518,0.2643202543258667,0.19719,0.03152,6,0,target_object,0,,,0.455,pregrasp_collision,
1718,cylinder,0.015,0.25,30.0,45.0,31718,0,0.01518,0.28583478927612305,0.15237,0.0457,1,0,target_object,0,,,0.455,pregrasp_collision,
1719,cylinder,0.015,0.25,30.0,45.0,41719,0,0.01518,0.295274019241333,0.23156,0.06417,6,1,,0,0.06672,-0.0,0.455,executed_ejected,
1720,cylinder,0.015,0.25,30.0,90.0,1720,0,0.01517,0.266410231590271,0.18652,0.03543,4,0,target_object,0,,,0.455,pregrasp_collision,
1721,cylinder,0.015,0.25,30.0,90.0,11721,0,0.01517,0.2683068513870239,0.17561,0.02394,4,0,target_object,0,,,0.455,pregrasp_collision,
1722,cylinder,0.015,0.25,30.0,90.0,21722,0,0.01517,0.2690291404724121,0.17165,0.12172,4,0,target_object,0,,,0.455,pregrasp_collision,
1723,cylinder,0.015,0.25,30.0,90.0,31723,0,0.01517,0.27314090728759766,0.19943,0.025,4,0,target_object,0,,,0.455,pregrasp_collision,
1724,cylinder,0.015,0.25,30.0,90.0,41724,0,0.01517,0.3024618625640869,0.20195,0.02819,8,0,target_object,0,,,0.455,pregrasp_collision,
1725,cylinder,0.015,0.25,45.0,0.0,1725,0,0.01445,0.28021466732025146,0.15964,0.12197,2,0,target_object,0,,,0.455,pregrasp_collision,
1726,cylinder,0.015,0.25,45.0,0.0,11726,0,0.01445,0.34263479709625244,0.20707,0.04405,3,0,target_object,0,,,0.455,pregrasp_collision,
1727,cylinder,0.015,0.25,45.0,0.0,21727,0,0.01445,0.30045151710510254,0.21813,0.02107,9,0,target_object,0,,,0.455,pregrasp_collision,
1728,cylinder,0.015,0.25,45.0,0.0,31728,0,0.01445,0.27943575382232666,0.19745,0.07208,5,0,target_object,0,,,0.455,pregrasp_collision,
1729,cylinder,0.015,0.25,45.0,0.0,41729,0,0.01445,0.29545319080352783,0.18992,0.05471,3,0,target_object,0,,,0.455,pregrasp_collision,
1730,cylinder,0.015,0.25,45.0,45.0,1730,0,0.01447,0.27895402908325195,0.16859,0.13103,2,1,,0,0.0494,0.00035,0.4553,executed_dropped,
1731,cylinder,0.015,0.25,45.0,45.0,11731,0,0.01447,0.3102363348007202,0.21029,0.02832,6,1,,0,0.02368,-0.0,0.455,executed_dropped,
1732,cylinder,0.015,0.25,45.0,45.0,21732,0,0.01447,0.30167126655578613,,,0,,,0,,,,no_grasps,no_grasps
1733,cylinder,0.015,0.25,45.0,45.0,31733,0,0.01447,0.33948397636413574,0.17634,0.12076,1,0,target_object,0,,,0.455,pregrasp_collision,
1734,cylinder,0.015,0.25,45.0,45.0,41734,0,0.01447,0.3117218017578125,0.17411,0.04177,3,0,target_object,0,,,0.455,pregrasp_collision,
1735,cylinder,0.015,0.25,45.0,90.0,1735,0,0.01445,0.2729858160018921,0.23862,0.05814,2,0,target_object,0,,,0.455,pregrasp_collision,
1736,cylinder,0.015,0.25,45.0,90.0,11736,0,0.01445,0.3234909772872925,0.1707,0.06506,3,1,,0,0.03708,0.00214,0.4571,executed_dropped,
1737,cylinder,0.015,0.25,45.0,90.0,21737,0,0.01445,0.28580522537231445,0.18355,0.08545,6,0,target_object,0,,,0.455,pregrasp_collision,
1738,cylinder,0.015,0.25,45.0,90.0,31738,0,0.01445,0.3258899450302124,0.17631,0.02753,3,0,target_object,0,,,0.455,pregrasp_collision,
1739,cylinder,0.015,0.25,45.0,90.0,41739,0,0.01445,0.27334749698638916,0.20049,0.03746,9,1,,1,0.01644,0.15003,0.605,success,
1740,cylinder,0.015,0.25,50.0,0.0,1740,0,0.01401,0.30230140686035156,0.19781,0.01603,2,0,target_object,0,,,0.455,pregrasp_collision,
1741,cylinder,0.015,0.25,50.0,0.0,11741,0,0.01401,0.34539008140563965,0.16034,0.03404,2,0,target_object,0,,,0.455,pregrasp_collision,
1742,cylinder,0.015,0.25,50.0,0.0,21742,0,0.01401,0.3271496295928955,0.17025,0.05321,2,0,target_object,0,,,0.455,pregrasp_collision,
1743,cylinder,0.015,0.25,50.0,0.0,31743,0,0.01401,0.39206695556640625,0.24081,0.03382,4,0,target_object,0,,,0.455,pregrasp_collision,
1744,cylinder,0.015,0.25,50.0,0.0,41744,0,0.01401,0.3082559108734131,0.22302,0.05608,10,0,target_object,0,,,0.455,pregrasp_collision,
1745,cylinder,0.015,0.25,50.0,45.0,1745,0,0.01402,0.31349778175354004,0.20236,0.05094,3,0,target_object,0,,,0.455,pregrasp_collision,
1746,cylinder,0.015,0.25,50.0,45.0,11746,0,0.01402,0.3080270290374756,0.18471,0.08448,6,1,,0,0.03883,0.00147,0.4565,executed_dropped,
1747,cylinder,0.015,0.25,50.0,45.0,21747,0,0.01402,0.3415442705154419,0.21825,0.03508,5,1,,0,0.05251,-0.0,0.455,executed_dropped,
1748,cylinder,0.015,0.25,50.0,45.0,31748,0,0.01402,0.2898768186569214,0.20695,0.03746,11,0,target_object,0,,,0.455,pregrasp_collision,
1749,cylinder,0.015,0.25,50.0,45.0,41749,0,0.01402,0.32896888256073,0.17809,0.06772,3,1,,0,0.03146,-0.0,0.455,executed_dropped,
1750,cylinder,0.015,0.25,50.0,90.0,1750,0,0.01401,0.33146047592163086,0.175,0.09408,4,1,,0,0.02033,0.0,0.455,executed_dropped,
1751,cylinder,0.015,0.25,50.0,90.0,11751,0,0.01401,0.29629623889923096,0.20103,0.02177,8,0,target_object,0,,,0.455,pregrasp_collision,
1752,cylinder,0.015,0.25,50.0,90.0,21752,0,0.01401,0.2881591320037842,0.21412,0.0391,3,1,,0,0.03536,-0.0,0.455,executed_dropped,
1753,cylinder,0.015,0.25,50.0,90.0,31753,0,0.01401,0.3177192211151123,0.16445,0.07394,2,0,target_object,0,,,0.455,pregrasp_collision,
1754,cylinder,0.015,0.25,50.0,90.0,41754,0,0.01401,0.2908130884170532,0.25315,0.03152,3,1,,0,0.05891,-0.0,0.455,executed_dropped,
1755,cylinder,0.015,0.25,55.0,0.0,1755,0,0.01345,0.33041417598724365,0.15686,0.07926,1,1,,0,0.04584,0.0,0.455,executed_dropped,
1756,cylinder,0.015,0.25,55.0,0.0,11756,0,0.01345,0.31423330307006836,0.19355,0.05778,1,0,target_object,0,,,0.455,pregrasp_collision,
1757,cylinder,0.015,0.25,55.0,0.0,21757,0,0.01345,0.33520209789276123,0.16385,0.10527,1,0,target_object,0,,,0.455,pregrasp_collision,
1758,cylinder,0.015,0.25,55.0,0.0,31758,0,0.01345,0.3272860050201416,0.17728,0.08871,1,1,,0,0.03292,0.0,0.455,executed_dropped,
1759,cylinder,0.015,0.25,55.0,0.0,41759,0,0.01345,0.36556529998779297,0.16332,0.09415,1,1,,0,0.02796,0.00917,0.4642,executed_dropped,
1760,cylinder,0.015,0.25,55.0,45.0,1760,0,0.01344,0.29452288150787354,0.18033,0.0628,3,1,,0,0.03099,0.0,0.455,executed_dropped,
1761,cylinder,0.015,0.25,55.0,45.0,11761,0,0.01344,0.29867374897003174,0.20867,0.06076,9,1,,0,0.05046,0.0,0.455,executed_dropped,
1762,cylinder,0.015,0.25,55.0,45.0,21762,0,0.01344,0.2916187047958374,0.19624,0.02834,11,0,target_object,0,,,0.455,pregrasp_collision,
1763,cylinder,0.015,0.25,55.0,45.0,31763,0,0.01344,0.32465076446533203,0.18247,0.05893,5,1,,0,0.05217,0.0,0.455,executed_dropped,
1764,cylinder,0.015,0.25,55.0,45.0,41764,0,0.01344,0.29624390602111816,0.23037,0.07292,8,1,,0,0.03657,0.00066,0.4557,executed_dropped,
1765,cylinder,0.015,0.25,55.0,90.0,1765,0,0.01345,0.3303743600845337,,,0,,,0,,,,no_grasps,no_grasps
1766,cylinder,0.015,0.25,55.0,90.0,11766,0,0.01345,0.3037620782852173,,,0,,,0,,,,no_grasps,no_grasps
1767,cylinder,0.015,0.25,55.0,90.0,21767,0,0.01345,0.2965848445892334,0.18024,0.06019,2,1,,0,0.02137,-0.0,0.455,executed_dropped,
1768,cylinder,0.015,0.25,55.0,90.0,31768,0,0.01345,0.30426788330078125,0.23648,0.05584,3,0,target_object,0,,,0.455,pregrasp_collision,
1769,cylinder,0.015,0.25,55.0,90.0,41769,0,0.01345,0.3102835416793823,0.18307,0.11593,1,0,target_object,0,,,0.455,pregrasp_collision,
1770,cylinder,0.015,0.25,60.0,0.0,1770,0,0.01281,0.31902217864990234,0.2083,0.05229,8,0,target_object,0,,,0.455,pregrasp_collision,
1771,cylinder,0.015,0.25,60.0,0.0,11771,0,0.01281,0.3395127058029175,0.21753,0.03926,3,0,target_object,0,,,0.455,pregrasp_collision,
1772,cylinder,0.015,0.25,60.0,0.0,21772,0,0.01281,0.29695355892181396,0.24277,0.0576,10,0,target_object,0,,,0.455,pregrasp_collision,
1773,cylinder,0.015,0.25,60.0,0.0,31773,0,0.01281,0.33027172088623047,0.21432,0.0378,5,0,target_object,0,,,0.455,pregrasp_collision,
1774,cylinder,0.015,0.25,60.0,0.0,41774,0,0.01281,0.3178441524505615,0.21573,0.07886,7,0,target_object,0,,,0.455,pregrasp_collision,
1775,cylinder,0.015,0.25,60.0,45.0,1775,0,0.01284,0.31124699115753174,0.18132,0.08043,2,1,,0,0.048,0.00055,0.4555,executed_dropped,
1776,cylinder,0.015,0.25,60.0,45.0,11776,0,0.01284,0.32139527797698975,,,0,,,0,,,,no_grasps,no_grasps
1777,cylinder,0.015,0.25,60.0,45.0,21777,0,0.01284,0.30868589878082275,,,0,,,0,,,,no_grasps,no_grasps
1778,cylinder,0.015,0.25,60.0,45.0,31778,0,0.01284,0.3473118543624878,,,0,,,0,,,,no_grasps,no_grasps
1779,cylinder,0.015,0.25,60.0,45.0,41779,0,0.01284,0.3267374038696289,0.15152,0.1236,1,1,,0,0.0483,0.00046,0.4555,executed_dropped,
1780,cylinder,0.015,0.25,60.0,90.0,1780,0,0.01281,0.3291325569152832,0.1893,0.04592,8,1,,0,0.02992,-0.0,0.455,executed_dropped,
1781,cylinder,0.015,0.25,60.0,90.0,11781,0,0.01281,0.32485783100128174,0.2095,0.01028,10,0,target_object,0,,,0.455,pregrasp_collision,
1782,cylinder,0.015,0.25,60.0,90.0,21782,0,0.01281,0.3428851366043091,0.23757,0.02079,4,0,target_object,0,,,0.455,pregrasp_collision,
1783,cylinder,0.015,0.25,60.0,90.0,31783,0,0.01281,0.31280088424682617,0.19961,0.04183,9,0,target_object,0,,,0.455,pregrasp_collision,
1784,cylinder,0.015,0.25,60.0,90.0,41784,0,0.01281,0.33474302291870117,0.23174,0.02787,7,1,,0,0.07034,-0.0,0.455,executed_ejected,
1785,cylinder,0.015,0.25,65.0,0.0,1785,0,0.01204,0.33893370628356934,0.21791,0.06987,3,1,,0,0.04577,0.0,0.455,executed_dropped,
1786,cylinder,0.015,0.25,65.0,0.0,11786,0,0.01204,0.33667147159576416,0.21231,0.10382,3,1,,0,0.11061,-0.01896,0.436,executed_ejected,
1787,cylinder,0.015,0.25,65.0,0.0,21787,0,0.01204,0.3377634286880493,0.17662,0.11433,2,1,,1,0.03708,0.15019,0.6052,success,
1788,cylinder,0.015,0.25,65.0,0.0,31788,0,0.01204,0.3541398048400879,0.16628,0.07853,2,1,,0,0.03962,0.001,0.456,executed_dropped,
1789,cylinder,0.015,0.25,65.0,0.0,41789,0,0.01204,0.35128581523895264,0.15929,0.12372,2,1,,0,0.15811,-0.01899,0.436,executed_ejected,
1790,cylinder,0.015,0.25,65.0,45.0,1790,0,0.0121,0.361747145652771,0.21234,0.05592,4,0,target_object,0,,,0.455,pregrasp_collision,
1791,cylinder,0.015,0.25,65.0,45.0,11791,0,0.0121,0.34086668491363525,0.19672,0.06908,4,0,target_object,0,,,0.455,pregrasp_collision,
1792,cylinder,0.015,0.25,65.0,45.0,21792,0,0.0121,0.3253440856933594,0.15905,0.07495,3,0,target_object,0,,,0.455,pregrasp_collision,
1793,cylinder,0.015,0.25,65.0,45.0,31793,0,0.0121,0.3468557596206665,0.19557,0.05693,4,0,target_object,0,,,0.455,pregrasp_collision,
1794,cylinder,0.015,0.25,65.0,45.0,41794,0,0.0121,0.35527920722961426,0.17987,0.07273,4,1,,0,0.05586,-0.0,0.455,executed_dropped,
1795,cylinder,0.015,0.25,65.0,90.0,1795,0,0.01204,0.32797670364379883,0.19242,0.08977,2,0,target_object,0,,,0.455,pregrasp_collision,
1796,cylinder,0.015,0.25,65.0,90.0,11796,0,0.01204,0.3591620922088623,0.19838,0.09261,3,0,target_object,0,,,0.455,pregrasp_collision,
1797,cylinder,0.015,0.25,65.0,90.0,21797,0,0.01204,0.3258528709411621,0.20908,0.09756,6,0,target_object,0,,,0.455,pregrasp_collision,
1798,cylinder,0.015,0.25,65.0,90.0,31798,0,0.01204,0.3401108980178833,0.16069,0.11297,3,1,,0,0.02072,-0.0,0.455,executed_dropped,
1799,cylinder,0.015,0.25,65.0,90.0,41799,0,0.01204,0.30012989044189453,0.20326,0.07865,4,1,,0,0.10462,-0.01899,0.436,executed_ejected,
1800,cylinder,0.02,1.0,30.0,0.0,1800,0,0.01517,0.34629344940185547,0.27085,0.06668,38,0,target_object,0,,,0.455,pregrasp_collision,
1801,cylinder,0.02,1.0,30.0,0.0,11801,0,0.01517,0.34820401668548584,0.27963,0.0607,44,1,,0,0.05366,-0.0,0.455,executed_dropped,
1802,cylinder,0.02,1.0,30.0,0.0,21802,0,0.01517,0.36300694942474365,0.27045,0.08212,50,0,target_object,0,,,0.455,pregrasp_collision,
1803,cylinder,0.02,1.0,30.0,0.0,31803,0,0.01517,0.34156334400177,0.26791,0.04064,48,0,target_object,0,,,0.455,pregrasp_collision,
1804,cylinder,0.02,1.0,30.0,0.0,41804,0,0.01517,0.35882437229156494,0.29154,0.03313,47,0,target_object,0,,,0.455,pregrasp_collision,
1805,cylinder,0.02,1.0,30.0,45.0,1805,0,0.01518,0.3353041410446167,0.29275,0.06898,52,0,target_object,0,,,0.455,pregrasp_collision,
1806,cylinder,0.02,1.0,30.0,45.0,11806,0,0.01518,0.34705281257629395,0.2798,0.0895,47,0,target_object,0,,,0.455,pregrasp_collision,
1807,cylinder,0.02,1.0,30.0,45.0,21807,0,0.01518,0.3486807346343994,0.26859,0.08438,45,1,,0,0.06347,0.00032,0.4553,executed_dropped,
1808,cylinder,0.02,1.0,30.0,45.0,31808,0,0.01518,0.3609023094177246,0.29164,0.08763,51,1,,0,0.07444,-0.0,0.455,executed_ejected,
1809,cylinder,0.02,1.0,30.0,45.0,41809,0,0.01518,0.39581990242004395,0.28326,0.05525,36,0,target_object,0,,,0.455,pregrasp_collision,
1810,cylinder,0.02,1.0,30.0,90.0,1810,0,0.01517,0.3231382369995117,0.29236,0.06014,54,0,target_object,0,,,0.455,pregrasp_collision,
1811,cylinder,0.02,1.0,30.0,90.0,11811,0,0.01517,0.3897850513458252,0.28363,0.06458,35,1,,0,0.07402,-0.0,0.455,executed_ejected,
1812,cylinder,0.02,1.0,30.0,90.0,21812,0,0.01517,0.3370109796524048,0.28329,0.07447,46,1,,0,0.08351,-0.0,0.455,executed_ejected,
1813,cylinder,0.02,1.0,30.0,90.0,31813,0,0.01517,0.34663426876068115,0.28295,0.05175,48,0,target_object,0,,,0.455,pregrasp_collision,
1814,cylinder,0.02,1.0,30.0,90.0,41814,0,0.01517,0.3488839864730835,0.28836,0.09132,58,0,target_object,0,,,0.455,pregrasp_collision,
1815,cylinder,0.02,1.0,45.0,0.0,1815,0,0.01445,0.384777307510376,0.27468,0.07832,37,1,,0,0.05276,-0.0,0.455,executed_dropped,
1816,cylinder,0.02,1.0,45.0,0.0,11816,0,0.01445,0.3967071771621704,0.28727,0.03995,32,1,,0,0.04912,-0.0,0.455,executed_dropped,
1817,cylinder,0.02,1.0,45.0,0.0,21817,0,0.01445,0.38557863235473633,0.24122,0.07321,34,1,,0,0.00895,-0.0,0.455,executed_dropped,
1818,cylinder,0.02,1.0,45.0,0.0,31818,0,0.01445,0.3966400623321533,0.27723,0.04576,39,0,target_object,0,,,0.455,pregrasp_collision,
1819,cylinder,0.02,1.0,45.0,0.0,41819,0,0.01445,0.4140338897705078,0.2713,0.08859,29,1,,0,0.04467,-0.0,0.455,executed_dropped,
1820,cylinder,0.02,1.0,45.0,45.0,1820,0,0.01447,0.4045991897583008,0.26583,0.05998,41,1,,0,0.02979,-0.0,0.455,executed_dropped,
1821,cylinder,0.02,1.0,45.0,45.0,11821,0,0.01447,0.43483269214630127,0.27701,0.02483,29,1,,0,0.05607,-0.0,0.455,executed_dropped,
1822,cylinder,0.02,1.0,45.0,45.0,21822,0,0.01447,0.3660397529602051,0.28601,0.04518,53,0,target_object,0,,,0.455,pregrasp_collision,
1823,cylinder,0.02,1.0,45.0,45.0,31823,0,0.01447,0.4384138584136963,0.2816,0.03099,27,1,,0,0.0592,-0.0,0.455,executed_dropped,
1824,cylinder,0.02,1.0,45.0,45.0,41824,0,0.01447,0.37113451957702637,0.2877,0.04237,48,0,target_object,0,,,0.455,pregrasp_collision,
1825,cylinder,0.02,1.0,45.0,90.0,1825,0,0.01445,0.3931434154510498,0.26749,0.02892,28,1,,0,0.06225,-0.0,0.455,executed_dropped,
1826,cylinder,0.02,1.0,45.0,90.0,11826,0,0.01445,0.36715245246887207,0.29084,0.03775,44,0,target_object,0,,,0.455,pregrasp_collision,
1827,cylinder,0.02,1.0,45.0,90.0,21827,0,0.01445,0.4028865098953247,0.28319,0.04389,30,0,target_object,0,,,0.455,pregrasp_collision,
1828,cylinder,0.02,1.0,45.0,90.0,31828,0,0.01445,0.3946826457977295,0.27578,0.06556,24,1,,0,0.07734,-0.0,0.455,executed_ejected,
1829,cylinder,0.02,1.0,45.0,90.0,41829,0,0.01445,0.40247559547424316,0.26431,0.03351,37,0,target_object,0,,,0.455,pregrasp_collision,
1830,cylinder,0.02,1.0,50.0,0.0,1830,0,0.01401,0.43062055110931396,0.24961,0.02058,29,0,target_object,0,,,0.455,pregrasp_collision,
1831,cylinder,0.02,1.0,50.0,0.0,11831,0,0.01401,0.40214669704437256,0.2622,0.03329,32,1,,0,0.02939,-0.0,0.455,executed_dropped,
1832,cylinder,0.02,1.0,50.0,0.0,21832,0,0.01401,0.3952370882034302,0.25223,0.01488,33,0,target_object,0,,,0.455,pregrasp_collision,
1833,cylinder,0.02,1.0,50.0,0.0,31833,0,0.01401,0.41011810302734375,0.25535,0.06227,20,1,,0,0.0514,-0.0,0.455,executed_dropped,
1834,cylinder,0.02,1.0,50.0,0.0,41834,0,0.01401,0.40101730823516846,0.27323,0.07511,34,1,,0,0.05006,-0.0,0.455,executed_dropped,
1835,cylinder,0.02,1.0,50.0,45.0,1835,0,0.01402,0.4046804904937744,0.2554,0.02075,29,1,,0,0.04608,-0.0,0.455,executed_dropped,
1836,cylinder,0.02,1.0,50.0,45.0,11836,0,0.01402,0.39973676204681396,0.26489,0.03542,23,1,,0,0.05665,-0.0,0.455,executed_dropped,
1837,cylinder,0.02,1.0,50.0,45.0,21837,0,0.01402,0.38519251346588135,0.26986,0.02821,28,0,target_object,0,,,0.455,pregrasp_collision,
1838,cylinder,0.02,1.0,50.0,45.0,31838,0,0.01402,0.3963874578475952,0.2477,0.03335,23,1,,0,0.05298,-0.0,0.455,executed_dropped,
1839,cylinder,0.02,1.0,50.0,45.0,41839,0,0.01402,0.40930628776550293,0.28089,0.03739,27,1,,0,0.04829,-0.0,0.455,executed_dropped,
1840,cylinder,0.02,1.0,50.0,90.0,1840,0,0.01401,0.3938307762145996,0.26865,0.04906,28,0,target_object,0,,,0.455,pregrasp_collision,
1841,cylinder,0.02,1.0,50.0,90.0,11841,0,0.01401,0.42116570472717285,0.20928,0.07632,13,1,,0,0.07129,-0.0,0.455,executed_ejected,
1842,cylinder,0.02,1.0,50.0,90.0,21842,0,0.01401,0.3852832317352295,0.27519,0.04372,36,1,,0,0.06618,-0.0,0.455,executed_ejected,
1843,cylinder,0.02,1.0,50.0,90.0,31843,0,0.01401,0.3752725124359131,0.26098,0.05883,26,0,target_object,0,,,0.455,pregrasp_collision,
1844,cylinder,0.02,1.0,50.0,90.0,41844,0,0.01401,0.3864983320236206,0.22043,0.02051,29,0,target_object,0,,,0.455,pregrasp_collision,
1845,cylinder,0.02,1.0,55.0,0.0,1845,0,0.01345,0.40657901763916016,0.21352,0.0655,16,1,,0,0.04663,-0.0,0.455,executed_dropped,
1846,cylinder,0.02,1.0,55.0,0.0,11846,0,0.01345,0.4073103666305542,0.25178,0.01195,17,1,,0,0.04091,-0.0,0.455,executed_dropped,
1847,cylinder,0.02,1.0,55.0,0.0,21847,0,0.01345,0.4606224298477173,0.22212,0.10065,10,1,,0,0.05415,-0.0,0.455,executed_dropped,
1848,cylinder,0.02,1.0,55.0,0.0,31848,0,0.01345,0.3881673812866211,0.23364,0.02986,19,1,,0,0.04123,-0.0,0.455,executed_dropped,
1849,cylinder,0.02,1.0,55.0,0.0,41849,0,0.01345,0.3930985927581787,0.26508,0.04417,25,1,,0,0.0203,-0.0,0.455,executed_dropped,
1850,cylinder,0.02,1.0,55.0,45.0,1850,0,0.01344,0.47202515602111816,0.21812,0.04727,3,0,target_object,0,,,0.455,pregrasp_collision,
1851,cylinder,0.02,1.0,55.0,45.0,11851,0,0.01344,0.47025227546691895,0.19006,0.05365,8,0,target_object,0,,,0.455,pregrasp_collision,
1852,cylinder,0.02,1.0,55.0,45.0,21852,0,0.01344,0.4049544334411621,0.25481,0.03452,25,0,target_object,0,,,0.455,pregrasp_collision,
1853,cylinder,0.02,1.0,55.0,45.0,31853,0,0.01344,0.46091020107269287,0.21071,0.01753,15,0,target_object,0,,,0.455,pregrasp_collision,
1854,cylinder,0.02,1.0,55.0,45.0,41854,0,0.01344,0.39731574058532715,0.2342,0.03318,15,1,,0,0.04492,-0.0,0.455,executed_dropped,
1855,cylinder,0.02,1.0,55.0,90.0,1855,0,0.01345,0.3952014446258545,0.24521,0.03594,23,0,target_object,0,,,0.455,pregrasp_collision,
1856,cylinder,0.02,1.0,55.0,90.0,11856,0,0.01345,0.40352344512939453,0.24994,0.0142,21,0,target_object,0,,,0.455,pregrasp_collision,
1857,cylinder,0.02,1.0,55.0,90.0,21857,0,0.01345,0.37447285652160645,0.27071,0.04319,22,0,target_object,0,,,0.455,pregrasp_collision,
1858,cylinder,0.02,1.0,55.0,90.0,31858,0,0.01345,0.42445528507232666,0.21809,0.10781,10,1,,0,0.07617,-0.0,0.455,executed_ejected,
1859,cylinder,0.02,1.0,55.0,90.0,41859,0,0.01345,0.3950507640838623,0.25481,0.03481,20,1,,0,0.06838,-0.0,0.455,executed_ejected,
1860,cylinder,0.02,1.0,60.0,0.0,1860,0,0.01281,0.39525890350341797,0.17792,0.04682,9,0,target_object,0,,,0.455,pregrasp_collision,
1861,cylinder,0.02,1.0,60.0,0.0,11861,0,0.01281,0.44141459465026855,0.19659,0.02922,5,0,target_object,0,,,0.455,pregrasp_collision,
1862,cylinder,0.02,1.0,60.0,0.0,21862,0,0.01281,0.45560526847839355,0.20179,0.01843,4,1,,0,0.03841,-0.0,0.455,executed_dropped,
1863,cylinder,0.02,1.0,60.0,0.0,31863,0,0.01281,0.4282670021057129,0.21919,0.02966,9,1,,0,0.03993,-0.0,0.455,executed_dropped,
1864,cylinder,0.02,1.0,60.0,0.0,41864,0,0.01281,0.42880547046661377,0.18902,0.05355,6,0,target_object,0,,,0.455,pregrasp_collision,
1865,cylinder,0.02,1.0,60.0,45.0,1865,0,0.01284,0.4140145778656006,0.17953,0.0143,6,1,,0,0.05322,-0.0,0.455,executed_dropped,
1866,cylinder,0.02,1.0,60.0,45.0,11866,0,0.01284,0.48981714248657227,0.19635,0.01036,6,1,,0,0.04111,-0.0,0.455,executed_dropped,
1867,cylinder,0.02,1.0,60.0,45.0,21867,0,0.01284,0.3765850067138672,0.22768,0.01785,18,1,,0,0.05153,-0.0,0.455,executed_dropped,
1868,cylinder,0.02,1.0,60.0,45.0,31868,0,0.01284,0.42920029163360596,0.19223,0.04983,9,0,target_object,0,,,0.455,pregrasp_collision,
1869,cylinder,0.02,1.0,60.0,45.0,41869,0,0.01284,0.40577244758605957,0.20472,0.01458,14,1,,0,0.02839,-0.0,0.455,executed_dropped,
1870,cylinder,0.02,1.0,60.0,90.0,1870,0,0.01281,0.41448354721069336,0.24856,0.05749,5,0,target_object,0,,,0.455,pregrasp_collision,
1871,cylinder,0.02,1.0,60.0,90.0,11871,0,0.01281,0.42679619789123535,0.22028,0.03163,10,1,,0,0.0427,-0.0,0.455,executed_dropped,
1872,cylinder,0.02,1.0,60.0,90.0,21872,0,0.01281,0.4193629026412964,0.18449,0.08633,8,1,,0,0.05293,-0.0,0.455,executed_dropped,
1873,cylinder,0.02,1.0,60.0,90.0,31873,0,0.01281,0.4026731252670288,0.24614,0.0215,12,1,,0,0.06118,-0.0,0.455,executed_dropped,
1874,cylinder,0.02,1.0,60.0,90.0,41874,0,0.01281,0.41371607780456543,0.22901,0.03563,8,1,,0,0.04732,-0.0,0.455,executed_dropped,
1875,cylinder,0.02,1.0,65.0,0.0,1875,0,0.01204,0.42088449001312256,0.20269,0.05143,7,1,,0,0.03836,-0.0,0.455,executed_dropped,
1876,cylinder,0.02,1.0,65.0,0.0,11876,0,0.01204,0.3981262445449829,0.18708,0.01455,4,0,target_object,0,,,0.455,pregrasp_collision,
1877,cylinder,0.02,1.0,65.0,0.0,21877,0,0.01204,0.4033471345901489,0.19953,0.02514,11,1,,0,0.03767,-0.0,0.455,executed_dropped,
1878,cylinder,0.02,1.0,65.0,0.0,31878,0,0.01204,0.41901469230651855,0.18145,0.03682,6,0,target_object,0,,,0.455,pregrasp_collision,
1879,cylinder,0.02,1.0,65.0,0.0,41879,0,0.01204,0.44016528129577637,,,0,,,0,,,,no_grasps,no_grasps
1880,cylinder,0.02,1.0,65.0,45.0,1880,0,0.0121,0.4040350914001465,0.1897,0.04447,5,0,target_object,0,,,0.455,pregrasp_collision,
1881,cylinder,0.02,1.0,65.0,45.0,11881,0,0.0121,0.42317426204681396,0.177,0.05981,5,1,,0,0.04921,-0.0,0.455,executed_dropped,
1882,cylinder,0.02,1.0,65.0,45.0,21882,0,0.0121,0.4538421630859375,0.17142,0.05289,2,1,,0,0.05169,0.0,0.455,executed_dropped,
1883,cylinder,0.02,1.0,65.0,45.0,31883,0,0.0121,0.47978949546813965,0.15068,0.04393,1,1,,0,0.0378,-0.0,0.455,executed_dropped,
1884,cylinder,0.02,1.0,65.0,45.0,41884,0,0.0121,0.43549883365631104,0.18528,0.0237,4,1,,0,0.03822,-0.0,0.455,executed_dropped,
1885,cylinder,0.02,1.0,65.0,90.0,1885,0,0.01204,0.4105496406555176,0.15086,0.01498,1,0,target_object,0,,,0.455,pregrasp_collision,
1886,cylinder,0.02,1.0,65.0,90.0,11886,0,0.01204,0.4296395778656006,0.17325,0.05379,3,1,,0,0.07422,-0.0,0.455,executed_ejected,
1887,cylinder,0.02,1.0,65.0,90.0,21887,0,0.01204,0.41275298595428467,0.19588,0.00446,10,1,,0,0.05281,-0.0,0.455,executed_dropped,
1888,cylinder,0.02,1.0,65.0,90.0,31888,0,0.01204,0.4628887176513672,0.20816,0.0202,7,1,,0,0.07134,-0.0,0.455,executed_ejected,
1889,cylinder,0.02,1.0,65.0,90.0,41889,0,0.01204,0.38691556453704834,0.20158,0.03777,12,0,target_object,0,,,0.455,pregrasp_collision,
1890,cylinder,0.02,0.75,30.0,0.0,1890,0,0.01517,0.3706551790237427,0.28462,0.052,38,1,,0,0.04046,-0.0,0.455,executed_dropped,
1891,cylinder,0.02,0.75,30.0,0.0,11891,0,0.01517,0.3476071357727051,0.28099,0.06279,31,1,,0,0.02395,-0.0,0.455,executed_dropped,
1892,cylinder,0.02,0.75,30.0,0.0,21892,0,0.01517,0.34659838676452637,0.28141,0.08488,42,0,target_object,0,,,0.455,pregrasp_collision,
1893,cylinder,0.02,0.75,30.0,0.0,31893,0,0.01517,0.36038076877593994,0.27038,0.04051,41,0,target_object,0,,,0.455,pregrasp_collision,
1894,cylinder,0.02,0.75,30.0,0.0,41894,0,0.01517,0.342083215713501,0.28523,0.09881,43,1,,0,0.05114,-0.0,0.455,executed_dropped,
1895,cylinder,0.02,0.75,30.0,45.0,1895,0,0.01518,0.3397212028503418,0.27162,0.06879,36,0,target_object,0,,,0.455,pregrasp_collision,
1896,cylinder,0.02,0.75,30.0,45.0,11896,0,0.01518,0.3437309265136719,0.27687,0.08125,45,0,target_object,0,,,0.455,pregrasp_collision,
1897,cylinder,0.02,0.75,30.0,45.0,21897,0,0.01518,0.36778724193573,0.27168,0.05925,39,0,target_object,0,,,0.455,pregrasp_collision,
1898,cylinder,0.02,0.75,30.0,45.0,31898,0,0.01518,0.441616415977478,0.28362,0.10174,23,1,,0,0.08246,-0.0,0.455,executed_ejected,
1899,cylinder,0.02,0.75,30.0,45.0,41899,0,0.01518,0.3541557788848877,0.28426,0.07481,35,0,target_object,0,,,0.455,pregrasp_collision,
1900,cylinder,0.02,0.75,30.0,90.0,1900,0,0.01517,0.37959885597229004,0.28641,0.06274,34,1,,0,0.07369,-0.0,0.455,executed_ejected,
1901,cylinder,0.02,0.75,30.0,90.0,11901,0,0.01517,0.358523964881897,0.28728,0.07947,31,0,target_object,0,,,0.455,pregrasp_collision,
1902,cylinder,0.02,0.75,30.0,90.0,21902,0,0.01517,0.3758906126022339,0.28176,0.0724,33,0,target_object,0,,,0.455,pregrasp_collision,
1903,cylinder,0.02,0.75,30.0,90.0,31903,0,0.01517,0.35632967948913574,0.28366,0.07086,42,0,target_object,0,,,0.455,pregrasp_collision,
1904,cylinder,0.02,0.75,30.0,90.0,41904,0,0.01517,0.3514852523803711,0.27992,0.07884,45,1,,0,0.09945,-0.0,0.455,executed_ejected,
1905,cylinder,0.02,0.75,45.0,0.0,1905,0,0.01445,0.38255250453948975,0.28742,0.04744,20,1,,0,0.04969,-0.0,0.455,executed_dropped,
1906,cylinder,0.02,0.75,45.0,0.0,11906,0,0.01445,0.38174712657928467,0.27581,0.05883,36,1,,0,0.03078,-0.0,0.455,executed_dropped,
1907,cylinder,0.02,0.75,45.0,0.0,21907,0,0.01445,0.4115133285522461,0.26983,0.02776,30,1,,0,0.02648,-0.0,0.455,executed_dropped,
1908,cylinder,0.02,0.75,45.0,0.0,31908,0,0.01445,0.35753166675567627,0.27308,0.02331,35,0,target_object,0,,,0.455,pregrasp_collision,
1909,cylinder,0.02,0.75,45.0,0.0,41909,0,0.01445,0.40468716621398926,0.26942,0.05032,35,0,target_object,0,,,0.455,pregrasp_collision,
1910,cylinder,0.02,0.75,45.0,45.0,1910,0,0.01447,0.37049174308776855,0.27708,0.04569,41,1,,0,0.06206,-0.0,0.455,executed_dropped,
1911,cylinder,0.02,0.75,45.0,45.0,11911,0,0.01447,0.4169996976852417,0.25205,0.03302,30,1,,0,0.03978,-0.0,0.455,executed_dropped,
1912,cylinder,0.02,0.75,45.0,45.0,21912,0,0.01447,0.37474918365478516,0.23628,0.04384,20,1,,0,0.06541,-0.0,0.455,executed_dropped,
1913,cylinder,0.02,0.75,45.0,45.0,31913,0,0.01447,0.37095439434051514,0.28635,0.04885,32,1,,0,0.06997,-0.0,0.455,executed_ejected,
1914,cylinder,0.02,0.75,45.0,45.0,41914,0,0.01447,0.4447598457336426,0.25181,0.01224,22,0,target_object,0,,,0.455,pregrasp_collision,
1915,cylinder,0.02,0.75,45.0,90.0,1915,0,0.01445,0.37092673778533936,0.24334,0.03722,24,0,target_object,0,,,0.455,pregrasp_collision,
1916,cylinder,0.02,0.75,45.0,90.0,11916,0,0.01445,0.3944193124771118,0.26848,0.05771,23,0,target_object,0,,,0.455,pregrasp_collision,
1917,cylinder,0.02,0.75,45.0,90.0,21917,0,0.01445,0.3918231725692749,0.29189,0.03613,18,1,,0,0.0801,-0.0,0.455,executed_ejected,
1918,cylinder,0.02,0.75,45.0,90.0,31918,0,0.01445,0.4044911861419678,0.27748,0.10291,14,1,,0,0.08125,-0.0,0.455,executed_ejected,
1919,cylinder,0.02,0.75,45.0,90.0,41919,0,0.01445,0.38508737087249756,0.26021,0.06162,19,0,target_object,0,,,0.455,pregrasp_collision,
1920,cylinder,0.02,0.75,50.0,0.0,1920,0,0.01401,0.38046836853027344,0.27042,0.02837,18,1,,0,0.03863,-0.0,0.455,executed_dropped,
1921,cylinder,0.02,0.75,50.0,0.0,11921,0,0.01401,0.42141544818878174,0.26786,0.03612,20,1,,0,0.04306,-0.0,0.455,executed_dropped,
1922,cylinder,0.02,0.75,50.0,0.0,21922,0,0.01401,0.38894736766815186,0.20069,0.0547,12,1,,0,0.0359,-0.0,0.455,executed_dropped,
1923,cylinder,0.02,0.75,50.0,0.0,31923,0,0.01401,0.39728665351867676,0.25198,0.0405,19,1,,0,0.02159,-0.0,0.455,executed_dropped,
1924,cylinder,0.02,0.75,50.0,0.0,41924,0,0.01401,0.3719886541366577,0.25612,0.05891,21,1,,0,0.05292,-0.0,0.455,executed_dropped,
1925,cylinder,0.02,0.75,50.0,45.0,1925,0,0.01402,0.37764060497283936,0.25457,0.05796,25,1,,0,0.06153,-0.0,0.455,executed_dropped,
1926,cylinder,0.02,0.75,50.0,45.0,11926,0,0.01402,0.38181447982788086,0.27935,0.0358,16,1,,0,0.05461,-0.0,0.455,executed_dropped,
1927,cylinder,0.02,0.75,50.0,45.0,21927,0,0.01402,0.37450265884399414,0.25442,0.04192,23,0,target_object,0,,,0.455,pregrasp_collision,
1928,cylinder,0.02,0.75,50.0,45.0,31928,0,0.01402,0.38335680961608887,0.25144,0.03283,22,0,target_object,0,,,0.455,pregrasp_collision,
1929,cylinder,0.02,0.75,50.0,45.0,41929,0,0.01402,0.41093361377716064,0.27427,0.04158,18,0,target_object,0,,,0.455,pregrasp_collision,
1930,cylinder,0.02,0.75,50.0,90.0,1930,0,0.01401,0.3852041959762573,0.24741,0.07593,17,1,,0,0.08178,-0.0,0.455,executed_ejected,
1931,cylinder,0.02,0.75,50.0,90.0,11931,0,0.01401,0.38718152046203613,0.26217,0.07675,25,1,,0,0.08603,-0.0,0.455,executed_ejected,
1932,cylinder,0.02,0.75,50.0,90.0,21932,0,0.01401,0.36005687713623047,0.27637,0.06966,32,1,,0,0.07829,-0.0,0.455,executed_ejected,
1933,cylinder,0.02,0.75,50.0,90.0,31933,0,0.01401,0.38342738151550293,0.27367,0.06161,27,0,target_object,0,,,0.455,pregrasp_collision,
1934,cylinder,0.02,0.75,50.0,90.0,41934,0,0.01401,0.3774893283843994,0.21339,0.01818,27,1,,0,0.04617,-0.0,0.455,executed_dropped,
1935,cylinder,0.02,0.75,55.0,0.0,1935,0,0.01345,0.38238096237182617,0.27914,0.01968,19,1,,0,0.02582,-0.0,0.455,executed_dropped,
1936,cylinder,0.02,0.75,55.0,0.0,11936,0,0.01345,0.45541882514953613,0.24383,0.04632,7,0,target_object,0,,,0.455,pregrasp_collision,
1937,cylinder,0.02,0.75,55.0,0.0,21937,0,0.01345,0.4022691249847412,0.22824,0.05873,12,1,,0,0.02755,-0.0,0.455,executed_dropped,
1938,cylinder,0.02,0.75,55.0,0.0,31938,0,0.01345,0.38727867603302,0.22664,0.06188,17,1,,0,0.01197,-0.0,0.455,executed_dropped,
1939,cylinder,0.02,0.75,55.0,0.0,41939,0,0.01345,0.3890739679336548,0.21214,0.05502,12,1,,0,0.02034,-0.0,0.455,executed_dropped,
1940,cylinder,0.02,0.75,55.0,45.0,1940,0,0.01344,0.35827207565307617,0.25588,0.05469,31,0,target_object,0,,,0.455,pregrasp_collision,
1941,cylinder,0.02,0.75,55.0,45.0,11941,0,0.01344,0.3941049575805664,0.24819,0.02331,13,1,,0,0.0443,-0.0,0.455,executed_dropped,
1942,cylinder,0.02,0.75,55.0,45.0,21942,0,0.01344,0.38678014278411865,0.23641,0.02609,16,1,,0,0.05388,-0.0,0.455,executed_dropped,
1943,cylinder,0.02,0.75,55.0,45.0,31943,0,0.01344,0.37110722064971924,0.20071,0.01372,14,0,target_object,0,,,0.455,pregrasp_collision,
1944,cylinder,0.02,0.75,55.0,45.0,41944,0,0.01344,0.38604187965393066,0.23509,0.07896,19,1,,0,0.04014,-0.0,0.455,executed_dropped,
1945,cylinder,0.02,0.75,55.0,90.0,1945,0,0.01345,0.4014190435409546,0.2352,0.0412,14,1,,0,0.06015,0.0,0.455,executed_dropped,
1946,cylinder,0.02,0.75,55.0,90.0,11946,0,0.01345,0.4007037878036499,0.23915,0.05182,21,1,,0,0.0424,-0.0,0.455,executed_dropped,
1947,cylinder,0.02,0.75,55.0,90.0,21947,0,0.01345,0.40762436389923096,0.22904,0.02761,8,1,,0,0.05508,-0.0,0.455,executed_dropped,
1948,cylinder,0.02,0.75,55.0,90.0,31948,0,0.01345,0.42293989658355713,0.23356,0.06294,11,0,target_object,0,,,0.455,pregrasp_collision,
1949,cylinder,0.02,0.75,55.0,90.0,41949,0,0.01345,0.37582147121429443,0.21106,0.059,18,1,,0,0.01424,0.0,0.455,executed_dropped,
1950,cylinder,0.02,0.75,60.0,0.0,1950,0,0.01281,0.4219578504562378,0.19429,0.04019,5,1,,0,0.03847,-0.0,0.455,executed_dropped,
1951,cylinder,0.02,0.75,60.0,0.0,11951,0,0.01281,0.3994615077972412,0.2098,0.02622,18,1,,0,0.04822,-0.0,0.455,executed_dropped,
1952,cylinder,0.02,0.75,60.0,0.0,21952,0,0.01281,0.40374743938446045,0.22442,0.04228,11,0,target_object,0,,,0.455,pregrasp_collision,
1953,cylinder,0.02,0.75,60.0,0.0,31953,0,0.01281,0.44706904888153076,0.17918,0.03618,1,0,target_object,0,,,0.455,pregrasp_collision,
1954,cylinder,0.02,0.75,60.0,0.0,41954,0,0.01281,0.39246177673339844,0.22851,0.05884,11,1,,0,0.01909,-0.0,0.455,executed_dropped,
1955,cylinder,0.02,0.75,60.0,45.0,1955,0,0.01284,0.46776533126831055,0.16592,0.03966,4,0,target_object,0,,,0.455,pregrasp_collision,
1956,cylinder,0.02,0.75,60.0,45.0,11956,0,0.01284,0.3836902379989624,0.18903,0.02867,12,0,target_object,0,,,0.455,pregrasp_collision,
1957,cylinder,0.02,0.75,60.0,45.0,21957,0,0.01284,0.38600754737854004,0.1819,0.02537,10,1,,0,0.05883,-0.0,0.455,executed_dropped,
1958,cylinder,0.02,0.75,60.0,45.0,31958,0,0.01284,0.404178261756897,0.21519,0.06126,8,1,,0,0.04373,-0.0,0.455,executed_dropped,
1959,cylinder,0.02,0.75,60.0,45.0,41959,0,0.01284,0.4068502187728882,0.19824,0.05355,10,1,,0,0.05411,-0.0,0.455,executed_dropped,
1960,cylinder,0.02,0.75,60.0,90.0,1960,0,0.01281,0.4070321321487427,0.21002,0.03961,8,0,target_object,0,,,0.455,pregrasp_collision,
1961,cylinder,0.02,0.75,60.0,90.0,11961,0,0.01281,0.42938148975372314,0.20738,0.02696,7,1,,0,0.0771,-0.0,0.455,executed_ejected,
1962,cylinder,0.02,0.75,60.0,90.0,21962,0,0.01281,0.44223570823669434,0.24136,0.03144,8,1,,0,0.08322,-0.0,0.455,executed_ejected,
1963,cylinder,0.02,0.75,60.0,90.0,31963,0,0.01281,0.44855809211730957,0.20397,0.06675,4,0,target_object,0,,,0.455,pregrasp_collision,
1964,cylinder,0.02,0.75,60.0,90.0,41964,0,0.01281,0.44758152961730957,0.23714,0.01981,10,1,,0,0.04609,-0.0,0.455,executed_dropped,
1965,cylinder,0.02,0.75,65.0,0.0,1965,0,0.01204,0.4274411201477051,0.18917,0.00905,8,1,,0,0.02462,-0.0,0.455,executed_dropped,
1966,cylinder,0.02,0.75,65.0,0.0,11966,0,0.01204,0.41609716415405273,0.17717,0.06185,3,0,target_object,0,,,0.455,pregrasp_collision,
1967,cylinder,0.02,0.75,65.0,0.0,21967,0,0.01204,0.40919923782348633,0.18375,0.07586,3,0,target_object,0,,,0.455,pregrasp_collision,
1968,cylinder,0.02,0.75,65.0,0.0,31968,0,0.01204,0.3768881559371948,0.21729,0.0062,9,1,,0,0.03055,-0.0,0.455,executed_dropped,
1969,cylinder,0.02,0.75,65.0,0.0,41969,0,0.01204,0.40758216381073,0.18394,0.04599,5,1,,0,0.01621,-0.0,0.455,executed_dropped,
1970,cylinder,0.02,0.75,65.0,45.0,1970,0,0.0121,0.4309879541397095,0.1848,0.05324,5,1,,0,0.01803,-0.0,0.455,executed_dropped,
1971,cylinder,0.02,0.75,65.0,45.0,11971,0,0.0121,0.4312424659729004,0.20096,0.04476,3,1,,0,0.05573,-0.0,0.455,executed_dropped,
1972,cylinder,0.02,0.75,65.0,45.0,21972,0,0.0121,0.39400744438171387,0.17853,0.01543,6,1,,0,0.03039,-0.0,0.455,executed_dropped,
1973,cylinder,0.02,0.75,65.0,45.0,31973,0,0.0121,0.42731261253356934,0.20481,0.02214,12,1,,0,0.03657,-0.0,0.455,executed_dropped,
1974,cylinder,0.02,0.75,65.0,45.0,41974,0,0.0121,0.43944382667541504,0.17183,0.03166,4,0,target_object,0,,,0.455,pregrasp_collision,
1975,cylinder,0.02,0.75,65.0,90.0,1975,0,0.01204,0.4048142433166504,0.17751,0.03579,7,1,,0,0.05214,-0.0,0.455,executed_dropped,
1976,cylinder,0.02,0.75,65.0,90.0,11976,0,0.01204,0.40892958641052246,0.18651,0.02823,7,0,target_object,0,,,0.455,pregrasp_collision,
1977,cylinder,0.02,0.75,65.0,90.0,21977,0,0.01204,0.41601741313934326,0.16804,0.04435,4,1,,0,0.0635,-0.0,0.455,executed_dropped,
1978,cylinder,0.02,0.75,65.0,90.0,31978,0,0.01204,0.4288526773452759,0.1793,0.02798,4,1,,0,0.05891,-0.0,0.455,executed_dropped,
1979,cylinder,0.02,0.75,65.0,90.0,41979,0,0.01204,0.4254775047302246,0.15049,0.09012,1,1,,0,0.01955,0.00054,0.4555,executed_dropped,
1980,cylinder,0.02,0.5,30.0,0.0,1980,0,0.01517,0.3642791509628296,0.28314,0.06606,15,0,target_object,0,,,0.455,pregrasp_collision,
1981,cylinder,0.02,0.5,30.0,0.0,11981,0,0.01517,0.34108495712280273,0.28729,0.05357,33,0,target_object,0,,,0.455,pregrasp_collision,
1982,cylinder,0.02,0.5,30.0,0.0,21982,0,0.01517,0.36558353900909424,0.28033,0.0762,39,1,,0,0.05606,-0.0,0.455,executed_dropped,
1983,cylinder,0.02,0.5,30.0,0.0,31983,0,0.01517,0.347031831741333,0.28615,0.06529,31,1,,0,0.04599,-0.0,0.455,executed_dropped,
1984,cylinder,0.02,0.5,30.0,0.0,41984,0,0.01517,0.3168138265609741,0.18432,0.0774,3,0,target_object,0,,,0.455,pregrasp_collision,
1985,cylinder,0.02,0.5,30.0,45.0,1985,0,0.01518,0.32605838775634766,0.28085,0.04838,30,0,target_object,0,,,0.455,pregrasp_collision,
1986,cylinder,0.02,0.5,30.0,45.0,11986,0,0.01518,0.3532071113586426,0.2672,0.1231,30,1,,0,0.06831,-0.0,0.455,executed_ejected,
1987,cylinder,0.02,0.5,30.0,45.0,21987,0,0.01518,0.32453012466430664,0.27535,0.07321,31,0,target_object,0,,,0.455,pregrasp_collision,
1988,cylinder,0.02,0.5,30.0,45.0,31988,0,0.01518,0.36957359313964844,0.26427,0.07033,11,0,target_object,0,,,0.455,pregrasp_collision,
1989,cylinder,0.02,0.5,30.0,45.0,41989,0,0.01518,0.3356812000274658,0.27299,0.10291,37,0,target_object,0,,,0.455,pregrasp_collision,
1990,cylinder,0.02,0.5,30.0,90.0,1990,0,0.01517,0.34174835681915283,0.28043,0.06099,19,0,target_object,0,,,0.455,pregrasp_collision,
1991,cylinder,0.02,0.5,30.0,90.0,11991,0,0.01517,0.3721119165420532,0.27658,0.11204,45,1,,0,0.07637,-0.0,0.455,executed_ejected,
1992,cylinder,0.02,0.5,30.0,90.0,21992,0,0.01517,0.33387815952301025,0.28625,0.08502,21,0,target_object,0,,,0.455,pregrasp_collision,
1993,cylinder,0.02,0.5,30.0,90.0,31993,0,0.01517,0.32154083251953125,0.19615,0.0304,4,0,target_object,0,,,0.455,pregrasp_collision,
1994,cylinder,0.02,0.5,30.0,90.0,41994,0,0.01517,0.356886625289917,0.27043,0.0727,36,1,,0,0.08565,-0.0,0.455,executed_ejected,
1995,cylinder,0.02,0.5,45.0,0.0,1995,0,0.01445,0.4170360565185547,0.20313,0.07109,3,1,,0,0.04382,-0.0,0.455,executed_dropped,
1996,cylinder,0.02,0.5,45.0,0.0,11996,0,0.01445,0.37872254848480225,0.27454,0.04789,7,0,target_object,0,,,0.455,pregrasp_collision,
1997,cylinder,0.02,0.5,45.0,0.0,21997,0,0.01445,0.40487444400787354,0.20755,0.09363,9,1,,0,0.03965,-0.0,0.455,executed_dropped,
1998,cylinder,0.02,0.5,45.0,0.0,31998,0,0.01445,0.343142032623291,0.26422,0.04709,33,1,,0,0.02592,-0.0,0.455,executed_dropped,
1999,cylinder,0.02,0.5,45.0,0.0,41999,0,0.01445,0.36956512928009033,0.24517,0.07012,8,1,,0,0.04011,-0.0,0.455,executed_dropped,
2000,cylinder,0.02,0.5,45.0,45.0,2000,0,0.01447,0.381319522857666,0.27476,0.04547,33,1,,0,0.06334,-0.0,0.455,executed_dropped,
2001,cylinder,0.02,0.5,45.0,45.0,12001,0,0.01447,0.36655712127685547,0.27444,0.05068,13,1,,0,0.06303,-0.0,0.455,executed_dropped,
2002,cylinder,0.02,0.5,45.0,45.0,22002,0,0.01447,0.34946107864379883,0.28092,0.05117,37,1,,0,0.06863,-0.0,0.455,executed_ejected,
2003,cylinder,0.02,0.5,45.0,45.0,32003,0,0.01447,0.4125555753707886,0.23431,0.04865,6,1,,0,0.07034,-0.0,0.455,executed_ejected,
2004,cylinder,0.02,0.5,45.0,45.0,42004,0,0.01447,0.4126840829849243,0.26337,0.03793,8,0,target_object,0,,,0.455,pregrasp_collision,
2005,cylinder,0.02,0.5,45.0,90.0,2005,0,0.01445,0.35909152030944824,0.20393,0.07153,7,1,,0,0.06802,-0.0,0.455,executed_ejected,
2006,cylinder,0.02,0.5,45.0,90.0,12006,0,0.01445,0.36597704887390137,0.24351,0.06452,34,1,,0,0.08363,-0.0,0.455,executed_ejected,
2007,cylinder,0.02,0.5,45.0,90.0,22007,0,0.01445,0.4131351709365845,0.27222,0.03943,4,0,target_object,0,,,0.455,pregrasp_collision,
2008,cylinder,0.02,0.5,45.0,90.0,32008,0,0.01445,0.39663755893707275,0.26869,0.04179,5,0,target_object,0,,,0.455,pregrasp_collision,
2009,cylinder,0.02,0.5,45.0,90.0,42009,0,0.01445,0.36484575271606445,0.27972,0.03558,34,1,,0,0.07399,-0.0,0.455,executed_ejected,
2010,cylinder,0.02,0.5,50.0,0.0,2010,0,0.01401,0.38415002822875977,0.24052,0.03022,8,0,target_object,0,,,0.455,pregrasp_collision,
2011,cylinder,0.02,0.5,50.0,0.0,12011,0,0.01401,0.43366312980651855,0.24973,0.01842,3,1,,0,0.04096,-0.0,0.455,executed_dropped,
2012,cylinder,0.02,0.5,50.0,0.0,22012,0,0.01401,0.3747974634170532,0.22788,0.14128,5,0,target_object,0,,,0.455,pregrasp_collision,
2013,cylinder,0.02,0.5,50.0,0.0,32013,0,0.01401,0.395046591758728,0.26514,0.04924,19,1,,0,0.04705,-0.0,0.455,executed_dropped,
2014,cylinder,0.02,0.5,50.0,0.0,42014,0,0.01401,0.36524927616119385,0.27378,0.0528,8,1,,0,0.03762,-0.0,0.455,executed_dropped,
2015,cylinder,0.02,0.5,50.0,45.0,2015,0,0.01402,0.4013042449951172,0.21868,0.02697,12,0,target_object,0,,,0.455,pregrasp_collision,
2016,cylinder,0.02,0.5,50.0,45.0,12016,0,0.01402,0.3925755023956299,0.18929,0.03,9,0,target_object,0,,,0.455,pregrasp_collision,
2017,cylinder,0.02,0.5,50.0,45.0,22017,0,0.01402,0.38370275497436523,0.27951,0.03493,22,1,,0,0.05861,-0.0,0.455,executed_dropped,
2018,cylinder,0.02,0.5,50.0,45.0,32018,0,0.01402,0.37078309059143066,0.24636,0.03063,14,0,target_object,0,,,0.455,pregrasp_collision,
2019,cylinder,0.02,0.5,50.0,45.0,42019,0,0.01402,0.37028682231903076,0.22277,0.06267,11,1,,0,0.05603,-0.0,0.455,executed_dropped,
2020,cylinder,0.02,0.5,50.0,90.0,2020,0,0.01401,0.358367919921875,0.28273,0.0825,38,1,,0,0.08789,-0.0,0.455,executed_ejected,
2021,cylinder,0.02,0.5,50.0,90.0,12021,0,0.01401,0.38993752002716064,0.22506,0.03436,6,0,target_object,0,,,0.455,pregrasp_collision,
2022,cylinder,0.02,0.5,50.0,90.0,22022,0,0.01401,0.41745245456695557,0.23724,0.07265,6,1,,0,0.0781,-0.0,0.455,executed_ejected,
2023,cylinder,0.02,0.5,50.0,90.0,32023,0,0.01401,0.3957250118255615,0.1898,0.08293,4,1,,0,0.06231,-0.0,0.455,executed_dropped,
2024,cylinder,0.02,0.5,50.0,90.0,42024,0,0.01401,0.35961151123046875,0.26281,0.05943,30,1,,0,0.0685,-0.0,0.455,executed_ejected,
2025,cylinder,0.02,0.5,55.0,0.0,2025,0,0.01345,0.42332911491394043,0.1878,0.04465,5,1,,0,0.03631,-0.0,0.455,executed_dropped,
2026,cylinder,0.02,0.5,55.0,0.0,12026,0,0.01345,0.38594281673431396,0.24739,0.06666,12,1,,0,0.04507,-0.0,0.455,executed_dropped,
2027,cylinder,0.02,0.5,55.0,0.0,22027,0,0.01345,0.4019812345504761,0.2228,0.03193,5,1,,0,0.03312,-0.0,0.455,executed_dropped,
2028,cylinder,0.02,0.5,55.0,0.0,32028,0,0.01345,0.39851558208465576,0.25448,0.03257,9,1,,0,0.04251,-0.0,0.455,executed_dropped,
2029,cylinder,0.02,0.5,55.0,0.0,42029,0,0.01345,0.37994956970214844,0.23475,0.05229,8,1,,0,0.0341,-0.0,0.455,executed_dropped,
2030,cylinder,0.02,0.5,55.0,45.0,2030,0,0.01344,0.3844236135482788,0.17337,0.06051,4,1,,0,0.02441,-0.0,0.455,executed_dropped,
2031,cylinder,0.02,0.5,55.0,45.0,12031,0,0.01344,0.37834954261779785,0.21149,0.08981,5,1,,0,0.04614,-0.0,0.455,executed_dropped,
2032,cylinder,0.02,0.5,55.0,45.0,22032,0,0.01344,0.3899080753326416,0.2107,0.05435,9,1,,0,0.01655,-0.0,0.455,executed_dropped,
2033,cylinder,0.02,0.5,55.0,45.0,32033,0,0.01344,0.35926830768585205,0.17711,0.03654,4,0,target_object,0,,,0.455,pregrasp_collision,
2034,cylinder,0.02,0.5,55.0,45.0,42034,0,0.01344,0.39418303966522217,0.24335,0.04553,5,1,,0,0.04849,-0.0,0.455,executed_dropped,
2035,cylinder,0.02,0.5,55.0,90.0,2035,0,0.01345,0.426133394241333,0.22836,0.07714,4,1,,0,0.07866,-0.0,0.455,executed_ejected,
2036,cylinder,0.02,0.5,55.0,90.0,12036,0,0.01345,0.4125335216522217,0.19364,0.03458,6,1,,0,0.06147,-0.0,0.455,executed_dropped,
2037,cylinder,0.02,0.5,55.0,90.0,22037,0,0.01345,0.41549599170684814,0.19146,0.03933,5,1,,0,0.06066,-0.0,0.455,executed_dropped,
2038,cylinder,0.02,0.5,55.0,90.0,32038,0,0.01345,0.38376736640930176,0.19455,0.04064,11,1,,0,0.06062,-0.0,0.455,executed_dropped,
2039,cylinder,0.02,0.5,55.0,90.0,42039,0,0.01345,0.40125393867492676,0.21392,0.03126,5,1,,0,0.04774,-0.0,0.455,executed_dropped,
2040,cylinder,0.02,0.5,60.0,0.0,2040,0,0.01281,0.3934328556060791,0.20811,0.07648,3,1,,0,0.02801,-0.0,0.455,executed_dropped,
2041,cylinder,0.02,0.5,60.0,0.0,12041,0,0.01281,0.394497275352478,0.26226,0.03411,7,1,,0,0.02891,-0.0,0.455,executed_dropped,
2042,cylinder,0.02,0.5,60.0,0.0,22042,0,0.01281,0.3800830841064453,0.19958,0.01985,1,1,,0,0.03196,-0.0,0.455,executed_dropped,
2043,cylinder,0.02,0.5,60.0,0.0,32043,0,0.01281,0.37235915660858154,0.2202,0.06536,7,0,target_object,0,,,0.455,pregrasp_collision,
2044,cylinder,0.02,0.5,60.0,0.0,42044,0,0.01281,0.3936957120895386,0.18151,0.08525,4,0,target_object,0,,,0.455,pregrasp_collision,
2045,cylinder,0.02,0.5,60.0,45.0,2045,0,0.01284,0.38345515727996826,0.20939,0.0276,2,1,,0,0.05395,-0.0,0.455,executed_dropped,
2046,cylinder,0.02,0.5,60.0,45.0,12046,0,0.01284,0.37815797328948975,0.21118,0.02455,5,1,,0,0.05041,-0.0,0.455,executed_dropped,
2047,cylinder,0.02,0.5,60.0,45.0,22047,0,0.01284,0.39045679569244385,0.2073,0.06352,9,1,,0,0.04831,-0.0,0.455,executed_dropped,
2048,cylinder,0.02,0.5,60.0,45.0,32048,0,0.01284,0.38374221324920654,0.17733,0.03634,3,1,,0,0.06175,-0.0,0.455,executed_dropped,
2049,cylinder,0.02,0.5,60.0,45.0,42049,0,0.01284,0.37889981269836426,0.20139,0.04325,9,1,,0,0.02266,-0.0,0.455,executed_dropped,
2050,cylinder,0.02,0.5,60.0,90.0,2050,0,0.01281,0.4159451723098755,0.17174,0.02827,2,0,target_object,0,,,0.455,pregrasp_collision,
2051,cylinder,0.02,0.5,60.0,90.0,12051,0,0.01281,0.4022582769393921,0.17306,0.06997,4,1,,0,0.08045,-0.0,0.455,executed_ejected,
2052,cylinder,0.02,0.5,60.0,90.0,22052,0,0.01281,0.3824739456176758,0.21559,0.04501,7,1,,0,0.04917,-0.0,0.455,executed_dropped,
2053,cylinder,0.02,0.5,60.0,90.0,32053,0,0.01281,0.3959524631500244,0.18312,0.01638,2,0,target_object,0,,,0.455,pregrasp_collision,
2054,cylinder,0.02,0.5,60.0,90.0,42054,0,0.01281,0.37351489067077637,0.19932,0.07062,5,0,target_object,0,,,0.455,pregrasp_collision,
2055,cylinder,0.02,0.5,65.0,0.0,2055,0,0.01204,0.38987481594085693,0.20398,0.07302,3,0,target_object,0,,,0.455,pregrasp_collision,
2056,cylinder,0.02,0.5,65.0,0.0,12056,0,0.01204,0.4299468994140625,0.16782,0.02451,2,1,,0,0.02907,-0.0,0.455,executed_dropped,
2057,cylinder,0.02,0.5,65.0,0.0,22057,0,0.01204,0.42511308193206787,,,0,,,0,,,,no_grasps,no_grasps
2058,cylinder,0.02,0.5,65.0,0.0,32058,0,0.01204,0.4250832796096802,,,0,,,0,,,,no_grasps,no_grasps
2059,cylinder,0.02,0.5,65.0,0.0,42059,0,0.01204,0.413684606552124,0.17346,0.01451,4,1,,0,0.02668,-0.0,0.455,executed_dropped,
2060,cylinder,0.02,0.5,65.0,45.0,2060,0,0.0121,0.46229684352874756,0.17225,0.03438,4,1,,0,0.0493,-0.0,0.455,executed_dropped,
2061,cylinder,0.02,0.5,65.0,45.0,12061,0,0.0121,0.4004021883010864,0.16286,0.0516,1,0,target_object,0,,,0.455,pregrasp_collision,
2062,cylinder,0.02,0.5,65.0,45.0,22062,0,0.0121,0.46416616439819336,0.15655,0.01247,1,0,target_object,0,,,0.455,pregrasp_collision,
2063,cylinder,0.02,0.5,65.0,45.0,32063,0,0.0121,0.3771204948425293,0.17452,0.01609,4,0,target_object,0,,,0.455,pregrasp_collision,
2064,cylinder,0.02,0.5,65.0,45.0,42064,0,0.0121,0.37815380096435547,0.19148,0.02455,4,1,,0,0.02737,-0.0,0.455,executed_dropped,
2065,cylinder,0.02,0.5,65.0,90.0,2065,0,0.01204,0.4061112403869629,0.16487,0.02646,2,1,,0,0.03179,-0.0,0.455,executed_dropped,
2066,cylinder,0.02,0.5,65.0,90.0,12066,0,0.01204,0.388447642326355,0.17719,0.061,1,1,,0,0.06109,-0.0,0.455,executed_dropped,
2067,cylinder,0.02,0.5,65.0,90.0,22067,0,0.01204,0.4242124557495117,0.18921,0.04156,2,0,target_object,0,,,0.455,pregrasp_collision,
2068,cylinder,0.02,0.5,65.0,90.0,32068,0,0.01204,0.4037303924560547,0.18734,0.05396,3,1,,0,0.02811,-0.0,0.455,executed_dropped,
2069,cylinder,0.02,0.5,65.0,90.0,42069,0,0.01204,0.4282447099685669,0.15546,0.0345,1,0,target_object,0,,,0.455,pregrasp_collision,
2070,cylinder,0.02,0.25,30.0,0.0,2070,0,0.01517,0.31364011764526367,0.16121,0.05751,2,0,target_object,0,,,0.455,pregrasp_collision,
2071,cylinder,0.02,0.25,30.0,0.0,12071,0,0.01517,0.34005165100097656,0.18913,0.08006,2,1,,0,0.05749,-0.0,0.455,executed_dropped,
2072,cylinder,0.02,0.25,30.0,0.0,22072,0,0.01517,0.2910788059234619,0.15573,0.03139,4,0,target_object,0,,,0.455,pregrasp_collision,
2073,cylinder,0.02,0.25,30.0,0.0,32073,0,0.01517,0.3064161539077759,0.15472,0.14743,1,1,,0,0.08127,-0.0,0.455,executed_ejected,
2074,cylinder,0.02,0.25,30.0,0.0,42074,0,0.01517,0.34112346172332764,0.19378,0.16291,7,1,,0,0.1097,-0.0,0.455,executed_ejected,
2075,cylinder,0.02,0.25,30.0,45.0,2075,0,0.01518,0.31003332138061523,0.18356,0.14949,2,1,,0,0.06221,0.0,0.455,executed_dropped,
2076,cylinder,0.02,0.25,30.0,45.0,12076,0,0.01518,0.33050036430358887,0.18906,0.05805,3,1,,0,0.08959,-0.0,0.455,executed_ejected,
2077,cylinder,0.02,0.25,30.0,45.0,22077,0,0.01518,0.3308420181274414,,,0,,,0,,,,no_grasps,no_grasps
2078,cylinder,0.02,0.25,30.0,45.0,32078,0,0.01518,0.35096824169158936,0.15558,0.15076,1,1,,0,0.06785,-0.0,0.455,executed_ejected,
2079,cylinder,0.02,0.25,30.0,45.0,42079,0,0.01518,0.37323200702667236,0.159,0.06506,1,0,target_object,0,,,0.455,pregrasp_collision,
2080,cylinder,0.02,0.25,30.0,90.0,2080,0,0.01517,0.33748579025268555,0.19313,0.01473,2,0,target_object,0,,,0.455,pregrasp_collision,
2081,cylinder,0.02,0.25,30.0,90.0,12081,0,0.01517,0.31600236892700195,0.1531,0.08808,2,0,target_object,0,,,0.455,pregrasp_collision,
2082,cylinder,0.02,0.25,30.0,90.0,22082,0,0.01517,0.3498610258102417,0.1566,0.06379,3,1,,0,0.07082,0.0014,0.4564,executed_ejected,
2083,cylinder,0.02,0.25,30.0,90.0,32083,0,0.01517,0.3358801603317261,0.17052,0.03231,1,0,target_object,0,,,0.455,pregrasp_collision,
2084,cylinder,0.02,0.25,30.0,90.0,42084,0,0.01517,0.3261597156524658,0.18771,0.06926,3,0,target_object,0,,,0.455,pregrasp_collision,
2085,cylinder,0.02,0.25,45.0,0.0,2085,0,0.01445,0.3288792371749878,0.17591,0.0166,5,1,,0,0.04867,-0.0,0.455,executed_dropped,
2086,cylinder,0.02,0.25,45.0,0.0,12086,0,0.01445,0.3429144620895386,0.17526,0.02599,4,0,target_object,0,,,0.455,pregrasp_collision,
2087,cylinder,0.02,0.25,45.0,0.0,22087,0,0.01445,0.3625897169113159,0.17911,0.03684,3,1,,0,0.02423,-0.0,0.455,executed_dropped,
2088,cylinder,0.02,0.25,45.0,0.0,32088,0,0.01445,0.32973337173461914,0.21094,0.02856,4,0,target_object,0,,,0.455,pregrasp_collision,
2089,cylinder,0.02,0.25,45.0,0.0,42089,0,0.01445,0.36358022689819336,0.16694,0.1016,2,0,target_object,0,,,0.455,pregrasp_collision,
2090,cylinder,0.02,0.25,45.0,45.0,2090,0,0.01447,0.39428091049194336,,,0,,,0,,,,no_grasps,no_grasps
2091,cylinder,0.02,0.25,45.0,45.0,12091,0,0.01447,0.4035210609436035,0.29371,0.03044,1,1,,0,0.05364,-0.0,0.455,executed_dropped,
2092,cylinder,0.02,0.25,45.0,45.0,22092,0,0.01447,0.33908021450042725,,,0,,,0,,,,no_grasps,no_grasps
2093,cylinder,0.02,0.25,45.0,45.0,32093,0,0.01447,0.3475261926651001,0.20193,0.04464,2,1,,0,0.06535,-0.0,0.455,executed_dropped,
2094,cylinder,0.02,0.25,45.0,45.0,42094,0,0.01447,0.33888208866119385,0.18251,0.02325,2,0,target_object,0,,,0.455,pregrasp_collision,
2095,cylinder,0.02,0.25,45.0,90.0,2095,0,0.01445,0.3486342430114746,0.1737,0.03741,3,1,,0,0.02291,-0.0,0.455,executed_dropped,
2096,cylinder,0.02,0.25,45.0,90.0,12096,0,0.01445,0.38196349143981934,0.17272,0.04066,2,1,,0,0.03143,0.0,0.455,executed_dropped,
2097,cylinder,0.02,0.25,45.0,90.0,22097,0,0.01445,0.34260499477386475,0.18133,0.03167,7,0,target_object,0,,,0.455,pregrasp_collision,
2098,cylinder,0.02,0.25,45.0,90.0,32098,0,0.01445,0.35554397106170654,,,0,,,0,,,,no_grasps,no_grasps
2099,cylinder,0.02,0.25,45.0,90.0,42099,0,0.01445,0.33082032203674316,0.2085,0.01814,3,1,,0,0.05505,-0.0,0.455,executed_dropped,
2100,cylinder,0.02,0.25,50.0,0.0,2100,0,0.01401,0.363201379776001,0.17421,0.02968,1,0,target_object,0,,,0.455,pregrasp_collision,
2101,cylinder,0.02,0.25,50.0,0.0,12101,0,0.01401,0.41276228427886963,0.20714,0.04044,3,0,target_object,0,,,0.455,pregrasp_collision,
2102,cylinder,0.02,0.25,50.0,0.0,22102,0,0.01401,0.35757529735565186,0.17272,0.04217,2,0,target_object,0,,,0.455,pregrasp_collision,
2103,cylinder,0.02,0.25,50.0,0.0,32103,0,0.01401,0.34035682678222656,0.18286,0.05995,3,0,target_object,0,,,0.455,pregrasp_collision,
2104,cylinder,0.02,0.25,50.0,0.0,42104,0,0.01401,0.37853944301605225,0.1727,0.07567,1,0,target_object,0,,,0.455,pregrasp_collision,
2105,cylinder,0.02,0.25,50.0,45.0,2105,0,0.01402,0.3542783260345459,0.17828,0.1298,1,0,target_object,0,,,0.455,pregrasp_collision,
2106,cylinder,0.02,0.25,50.0,45.0,12106,0,0.01402,0.35376882553100586,0.18744,0.02425,5,1,,0,0.04115,-0.0,0.455,executed_dropped,
2107,cylinder,0.02,0.25,50.0,45.0,22107,0,0.01402,0.379213809967041,0.20414,0.02371,5,0,target_object,0,,,0.455,pregrasp_collision,
2108,cylinder,0.02,0.25,50.0,45.0,32108,0,0.01402,0.39881885051727295,0.22243,0.03022,2,1,,0,0.04552,-0.0,0.455,executed_dropped,
2109,cylinder,0.02,0.25,50.0,45.0,42109,0,0.01402,0.3530280590057373,0.1755,0.13365,2,0,target_object,0,,,0.455,pregrasp_collision,
2110,cylinder,0.02,0.25,50.0,90.0,2110,0,0.01401,0.3545665740966797,0.1714,0.02643,3,0,target_object,0,,,0.455,pregrasp_collision,
2111,cylinder,0.02,0.25,50.0,90.0,12111,0,0.01401,0.37604260444641113,0.18217,0.02105,5,1,,0,0.08464,-0.0,0.455,executed_ejected,
2112,cylinder,0.02,0.25,50.0,90.0,22112,0,0.01401,0.36670470237731934,0.19665,0.0213,5,0,target_object,0,,,0.455,pregrasp_collision,
2113,cylinder,0.02,0.25,50.0,90.0,32113,0,0.01401,0.36735475063323975,0.16866,0.02119,4,0,target_object,0,,,0.455,pregrasp_collision,
2114,cylinder,0.02,0.25,50.0,90.0,42114,0,0.01401,0.39012718200683594,0.15744,0.0726,2,1,,0,0.11743,-0.01895,0.436,executed_ejected,
2115,cylinder,0.02,0.25,55.0,0.0,2115,0,0.01345,0.4209730625152588,0.21031,0.0739,2,0,target_object,0,,,0.455,pregrasp_collision,
2116,cylinder,0.02,0.25,55.0,0.0,12116,0,0.01345,0.3716588020324707,,,0,,,0,,,,no_grasps,no_grasps
2117,cylinder,0.02,0.25,55.0,0.0,22117,0,0.01345,0.3433966636657715,0.20617,0.05866,1,0,target_object,0,,,0.455,pregrasp_collision,
2118,cylinder,0.02,0.25,55.0,0.0,32118,0,0.01345,0.3870866298675537,,,0,,,0,,,,no_grasps,no_grasps
2119,cylinder,0.02,0.25,55.0,0.0,42119,0,0.01345,0.3513331413269043,0.15615,0.08264,2,1,,1,0.02858,0.15073,0.6057,success,
2120,cylinder,0.02,0.25,55.0,45.0,2120,0,0.01344,0.38025999069213867,0.20834,0.01418,3,0,target_object,0,,,0.455,pregrasp_collision,
2121,cylinder,0.02,0.25,55.0,45.0,12121,0,0.01344,0.406984806060791,0.20077,0.07398,2,0,target_object,0,,,0.455,pregrasp_collision,
2122,cylinder,0.02,0.25,55.0,45.0,22122,0,0.01344,0.3717435598373413,0.17404,0.02359,2,1,,0,0.03489,-0.0,0.455,executed_dropped,
2123,cylinder,0.02,0.25,55.0,45.0,32123,0,0.01344,0.3477972745895386,0.21715,0.07739,4,0,target_object,0,,,0.455,pregrasp_collision,
2124,cylinder,0.02,0.25,55.0,45.0,42124,0,0.01344,0.36548638343811035,0.17623,0.02239,3,1,,0,0.03791,-0.0,0.455,executed_dropped,
2125,cylinder,0.02,0.25,55.0,90.0,2125,0,0.01345,0.3537740707397461,,,0,,,0,,,,no_grasps,no_grasps
2126,cylinder,0.02,0.25,55.0,90.0,12126,0,0.01345,0.3726247549057007,,,0,,,0,,,,no_grasps,no_grasps
2127,cylinder,0.02,0.25,55.0,90.0,22127,0,0.01345,0.35657310485839844,,,0,,,0,,,,no_grasps,no_grasps
2128,cylinder,0.02,0.25,55.0,90.0,32128,0,0.01345,0.36230623722076416,0.20252,0.12207,2,0,target_object,0,,,0.455,pregrasp_collision,
2129,cylinder,0.02,0.25,55.0,90.0,42129,0,0.01345,0.3769967555999756,0.18626,0.04338,1,1,,0,0.05841,-0.0,0.455,executed_dropped,
2130,cylinder,0.02,0.25,60.0,0.0,2130,0,0.01281,0.38484323024749756,0.22375,0.03741,6,1,,0,0.01535,-0.0,0.455,executed_dropped,
2131,cylinder,0.02,0.25,60.0,0.0,12131,0,0.01281,0.3771224021911621,0.18129,0.10643,4,1,,0,0.23274,-0.01896,0.436,executed_ejected,
2132,cylinder,0.02,0.25,60.0,0.0,22132,0,0.01281,0.3963116407394409,0.21446,0.07306,4,0,target_object,0,,,0.455,pregrasp_collision,
2133,cylinder,0.02,0.25,60.0,0.0,32133,0,0.01281,0.35551488399505615,0.22888,0.04716,4,0,target_object,0,,,0.455,pregrasp_collision,
2134,cylinder,0.02,0.25,60.0,0.0,42134,0,0.01281,0.3738054037094116,0.20716,0.08053,3,0,target_object,0,,,0.455,pregrasp_collision,
2135,cylinder,0.02,0.25,60.0,45.0,2135,0,0.01284,0.38860809803009033,,,0,,,0,,,,no_grasps,no_grasps
2136,cylinder,0.02,0.25,60.0,45.0,12136,0,0.01284,0.3879878520965576,,,0,,,0,,,,no_grasps,no_grasps
2137,cylinder,0.02,0.25,60.0,45.0,22137,0,0.01284,0.3574705123901367,,,0,,,0,,,,no_grasps,no_grasps
2138,cylinder,0.02,0.25,60.0,45.0,32138,0,0.01284,0.3787940740585327,,,0,,,0,,,,no_grasps,no_grasps
2139,cylinder,0.02,0.25,60.0,45.0,42139,0,0.01284,0.3927510976791382,,,0,,,0,,,,no_grasps,no_grasps
2140,cylinder,0.02,0.25,60.0,90.0,2140,0,0.01281,0.41170012950897217,0.1964,0.08135,4,1,,0,0.01492,-0.0,0.455,executed_dropped,
2141,cylinder,0.02,0.25,60.0,90.0,12141,0,0.01281,0.3782229423522949,0.21888,0.03367,4,1,,0,0.05371,-0.0,0.455,executed_dropped,
2142,cylinder,0.02,0.25,60.0,90.0,22142,0,0.01281,0.3861989974975586,0.22178,0.05685,5,1,,0,0.03158,-0.0,0.455,executed_dropped,
2143,cylinder,0.02,0.25,60.0,90.0,32143,0,0.01281,0.4028972387313843,0.21548,0.03049,4,1,,0,0.06392,-0.0,0.455,executed_dropped,
2144,cylinder,0.02,0.25,60.0,90.0,42144,0,0.01281,0.35387909412384033,0.21566,0.06551,5,1,,0,0.02077,-0.0,0.455,executed_dropped,
2145,cylinder,0.02,0.25,65.0,0.0,2145,0,0.01204,0.4073491096496582,0.18865,0.09505,3,1,,0,0.04759,0.0,0.455,executed_dropped,
2146,cylinder,0.02,0.25,65.0,0.0,12146,0,0.01204,0.3772341012954712,0.22305,0.06794,3,1,,0,0.04611,-0.0,0.455,executed_dropped,
2147,cylinder,0.02,0.25,65.0,0.0,22147,0,0.01204,0.38269782066345215,0.18819,0.09133,3,1,,0,0.03607,-0.0,0.455,executed_dropped,
2148,cylinder,0.02,0.25,65.0,0.0,32148,0,0.01204,0.38642072677612305,0.16211,0.12208,2,0,target_object,0,,,0.455,pregrasp_collision,
2149,cylinder,0.02,0.25,65.0,0.0,42149,0,0.01204,0.429976224899292,,,0,,,0,,,,no_grasps,no_grasps
2150,cylinder,0.02,0.25,65.0,45.0,2150,0,0.0121,0.3997427225112915,0.21275,0.03525,4,1,,0,0.02257,-0.0,0.455,executed_dropped,
2151,cylinder,0.02,0.25,65.0,45.0,12151,0,0.0121,0.41930532455444336,0.15234,0.04211,1,1,,0,0.04199,-0.0,0.455,executed_dropped,
2152,cylinder,0.02,0.25,65.0,45.0,22152,0,0.0121,0.41591668128967285,0.16571,0.02301,1,1,,0,0.02843,-0.0,0.455,executed_dropped,
2153,cylinder,0.02,0.25,65.0,45.0,32153,0,0.0121,0.40648961067199707,0.19477,0.0429,3,1,,0,0.02457,-0.0,0.455,executed_dropped,
2154,cylinder,0.02,0.25,65.0,45.0,42154,0,0.0121,0.36795639991760254,0.19723,0.05901,5,0,target_object,0,,,0.455,pregrasp_collision,
2155,cylinder,0.02,0.25,65.0,90.0,2155,0,0.01204,0.4337046146392822,,,0,,,0,,,,no_grasps,no_grasps
2156,cylinder,0.02,0.25,65.0,90.0,12156,0,0.01204,0.3571038246154785,0.18066,0.10282,2,0,target_object,0,,,0.455,pregrasp_collision,
2157,cylinder,0.02,0.25,65.0,90.0,22157,0,0.01204,0.3543832302093506,,,0,,,0,,,,no_grasps,no_grasps
2158,cylinder,0.02,0.25,65.0,90.0,32158,0,0.01204,0.35314011573791504,0.19995,0.01599,1,0,target_object,0,,,0.455,pregrasp_collision,
2159,cylinder,0.02,0.25,65.0,90.0,42159,0,0.01204,0.3687351942062378,0.16911,0.04983,1,1,,0,0.01775,-0.0,0.455,executed_dropped,
2160,cylinder,0.04,1.0,30.0,0.0,2160,0,0.01517,0.6000000238418579,0.27684,0.13935,12,1,,0,0.08735,-0.0,0.455,executed_ejected,
2161,cylinder,0.04,1.0,30.0,0.0,12161,0,0.01517,0.6000000238418579,0.28108,0.11005,10,1,,0,0.09669,-0.0,0.455,executed_ejected,
2162,cylinder,0.04,1.0,30.0,0.0,22162,0,0.01517,0.5899860858917236,0.2832,0.14794,14,1,,0,0.10049,-0.0,0.455,executed_ejected,
2163,cylinder,0.04,1.0,30.0,0.0,32163,0,0.01517,0.6000000238418579,0.23018,0.10057,13,1,,0,0.05541,-0.0,0.455,executed_dropped,
2164,cylinder,0.04,1.0,30.0,0.0,42164,0,0.01517,0.5713608264923096,0.24617,0.14748,13,1,,0,0.09959,-0.0,0.455,executed_ejected,
2165,cylinder,0.04,1.0,30.0,45.0,2165,0,0.01518,0.6000000238418579,0.26163,0.10446,14,1,,0,0.10735,-0.0,0.455,executed_ejected,
2166,cylinder,0.04,1.0,30.0,45.0,12166,0,0.01518,0.5894006490707397,0.25204,0.11047,15,1,,0,0.10527,-0.0,0.455,executed_ejected,
2167,cylinder,0.04,1.0,30.0,45.0,22167,0,0.01518,0.6000000238418579,0.28989,0.08228,10,1,,0,0.09716,-0.0,0.455,executed_ejected,
2168,cylinder,0.04,1.0,30.0,45.0,32168,0,0.01518,0.6000000238418579,0.2936,0.11206,18,1,,0,0.10911,-0.0,0.455,executed_ejected,
2169,cylinder,0.04,1.0,30.0,45.0,42169,0,0.01518,0.6000000238418579,0.26416,0.06699,17,1,,0,0.09683,-0.0,0.455,executed_ejected,
2170,cylinder,0.04,1.0,30.0,90.0,2170,0,0.01517,0.6000000238418579,0.25535,0.05323,10,1,,0,0.08076,-0.0,0.455,executed_ejected,
2171,cylinder,0.04,1.0,30.0,90.0,12171,0,0.01517,0.6000000238418579,0.26239,0.12734,18,1,,0,0.13566,-0.0,0.455,executed_ejected,
2172,cylinder,0.04,1.0,30.0,90.0,22172,0,0.01517,0.6000000238418579,0.25199,0.09663,14,1,,0,0.1024,-0.0,0.455,executed_ejected,
2173,cylinder,0.04,1.0,30.0,90.0,32173,0,0.01517,0.6000000238418579,0.21438,0.12758,8,1,,0,0.14685,-0.0,0.455,executed_ejected,
2174,cylinder,0.04,1.0,30.0,90.0,42174,0,0.01517,0.5828394889831543,0.25903,0.11874,12,1,,0,0.1055,-0.0,0.455,executed_ejected,
2175,cylinder,0.04,1.0,45.0,0.0,2175,0,0.01445,0.6000000238418579,0.21536,0.05965,10,1,,0,0.05001,-0.0,0.455,executed_dropped,
2176,cylinder,0.04,1.0,45.0,0.0,12176,0,0.01445,0.6000000238418579,0.18783,0.0921,2,1,,0,0.09279,-0.0,0.455,executed_ejected,
2177,cylinder,0.04,1.0,45.0,0.0,22177,0,0.01445,0.6000000238418579,0.21921,0.03425,5,1,,0,0.03073,-0.0,0.455,executed_dropped,
2178,cylinder,0.04,1.0,45.0,0.0,32178,0,0.01445,0.6000000238418579,0.23189,0.08633,6,1,,0,0.06812,-0.0,0.455,executed_ejected,
2179,cylinder,0.04,1.0,45.0,0.0,42179,0,0.01445,0.6000000238418579,0.23672,0.10052,5,1,,0,0.06388,-0.0,0.455,executed_dropped,
2180,cylinder,0.04,1.0,45.0,45.0,2180,0,0.01447,0.6000000238418579,0.22909,0.02462,7,1,,0,0.05689,-0.0,0.455,executed_dropped,
2181,cylinder,0.04,1.0,45.0,45.0,12181,0,0.01447,0.6000000238418579,0.20383,0.07655,4,1,,0,0.07619,-0.0,0.455,executed_ejected,
2182,cylinder,0.04,1.0,45.0,45.0,22182,0,0.01447,0.6000000238418579,0.21983,0.1007,6,1,,0,0.09929,-0.0,0.455,executed_ejected,
2183,cylinder,0.04,1.0,45.0,45.0,32183,0,0.01447,0.6000000238418579,0.19938,0.08163,6,1,,0,0.10047,-0.0,0.455,executed_ejected,
2184,cylinder,0.04,1.0,45.0,45.0,42184,0,0.01447,0.5946450233459473,0.20249,0.0564,7,1,,0,0.10333,-0.0,0.455,executed_ejected,
2185,cylinder,0.04,1.0,45.0,90.0,2185,0,0.01445,0.6000000238418579,0.19663,0.04994,5,1,,0,0.05467,-0.0,0.455,executed_dropped,
2186,cylinder,0.04,1.0,45.0,90.0,12186,0,0.01445,0.6000000238418579,0.17041,0.01523,2,1,,0,0.04182,-0.0,0.455,executed_dropped,
2187,cylinder,0.04,1.0,45.0,90.0,22187,0,0.01445,0.6000000238418579,0.15756,0.1258,5,1,,0,0.1089,-0.0,0.455,executed_ejected,
2188,cylinder,0.04,1.0,45.0,90.0,32188,0,0.01445,0.6000000238418579,0.16945,0.07733,4,1,,0,0.07911,-0.0,0.455,executed_ejected,
2189,cylinder,0.04,1.0,45.0,90.0,42189,0,0.01445,0.6000000238418579,0.16911,0.02659,5,1,,0,0.05472,-0.0,0.455,executed_dropped,
2190,cylinder,0.04,1.0,50.0,0.0,2190,0,0.01401,0.6000000238418579,0.18082,0.05965,2,1,,0,0.06534,-0.0,0.455,executed_dropped,
2191,cylinder,0.04,1.0,50.0,0.0,12191,0,0.01401,0.6000000238418579,0.18541,0.10006,1,1,,0,0.06132,-0.0,0.455,executed_dropped,
2192,cylinder,0.04,1.0,50.0,0.0,22192,0,0.01401,0.6000000238418579,0.23197,0.05349,6,1,,0,0.06034,-0.0,0.455,executed_dropped,
2193,cylinder,0.04,1.0,50.0,0.0,32193,0,0.01401,0.6000000238418579,0.15248,0.04685,1,1,,0,0.04733,-0.0,0.455,executed_dropped,
2194,cylinder,0.04,1.0,50.0,0.0,42194,0,0.01401,0.6000000238418579,0.19464,0.07906,4,1,,0,0.0746,-0.0,0.455,executed_ejected,
2195,cylinder,0.04,1.0,50.0,45.0,2195,0,0.01402,0.6000000238418579,0.15466,0.06973,1,1,,0,0.08871,-0.0,0.455,executed_ejected,
2196,cylinder,0.04,1.0,50.0,45.0,12196,0,0.01402,0.6000000238418579,0.21181,0.06875,6,1,,0,0.0952,-0.0,0.455,executed_ejected,
2197,cylinder,0.04,1.0,50.0,45.0,22197,0,0.01402,0.6000000238418579,0.2244,0.06014,4,1,,0,0.08577,-0.0,0.455,executed_ejected,
2198,cylinder,0.04,1.0,50.0,45.0,32198,0,0.01402,0.6000000238418579,0.1983,0.02799,5,1,,0,0.05328,-0.0,0.455,executed_dropped,
2199,cylinder,0.04,1.0,50.0,45.0,42199,0,0.01402,0.5716331005096436,0.20559,0.02195,4,1,,0,0.03666,-0.0,0.455,executed_dropped,
2200,cylinder,0.04,1.0,50.0,90.0,2200,0,0.01401,0.5869652032852173,0.19587,0.06572,6,1,,0,0.0981,-0.0,0.455,executed_ejected,
2201,cylinder,0.04,1.0,50.0,90.0,12201,0,0.01401,0.6000000238418579,0.15865,0.07626,2,1,,0,0.09251,-0.0,0.455,executed_ejected,
2202,cylinder,0.04,1.0,50.0,90.0,22202,0,0.01401,0.6000000238418579,0.15014,0.03909,1,1,,0,0.07698,-0.0,0.455,executed_ejected,
2203,cylinder,0.04,1.0,50.0,90.0,32203,0,0.01401,0.6000000238418579,0.16703,0.04196,1,1,,0,0.03896,-0.0,0.455,executed_dropped,
2204,cylinder,0.04,1.0,50.0,90.0,42204,0,0.01401,0.6000000238418579,0.18118,0.13205,2,1,,0,0.10498,-0.0,0.455,executed_ejected,
2205,cylinder,0.04,1.0,55.0,0.0,2205,0,0.01345,0.6000000238418579,0.17586,0.03634,3,1,,0,0.04351,-0.0,0.455,executed_dropped,
2206,cylinder,0.04,1.0,55.0,0.0,12206,0,0.01345,0.6000000238418579,0.16314,0.0112,2,1,,0,0.02308,-0.0,0.455,executed_dropped,
2207,cylinder,0.04,1.0,55.0,0.0,22207,0,0.01345,0.6000000238418579,0.19486,0.03722,3,1,,0,0.02337,-0.0,0.455,executed_dropped,
2208,cylinder,0.04,1.0,55.0,0.0,32208,0,0.01345,0.6000000238418579,0.15385,0.06249,1,1,,0,0.03054,-0.0,0.455,executed_dropped,
2209,cylinder,0.04,1.0,55.0,0.0,42209,0,0.01345,0.6000000238418579,0.16668,0.01352,1,1,,0,0.04769,-0.0,0.455,executed_dropped,
2210,cylinder,0.04,1.0,55.0,45.0,2210,0,0.01344,0.6000000238418579,0.17566,0.0485,3,1,,0,0.08674,-0.0,0.455,executed_ejected,
2211,cylinder,0.04,1.0,55.0,45.0,12211,0,0.01344,0.6000000238418579,0.17612,0.04695,3,1,,0,0.06001,-0.0,0.455,executed_dropped,
2212,cylinder,0.04,1.0,55.0,45.0,22212,0,0.01344,0.6000000238418579,0.17004,0.06582,3,1,,0,0.06733,-0.0,0.455,executed_ejected,
2213,cylinder,0.04,1.0,55.0,45.0,32213,0,0.01344,0.6000000238418579,0.1907,0.04987,2,1,,0,0.05942,-0.0,0.455,executed_dropped,
2214,cylinder,0.04,1.0,55.0,45.0,42214,0,0.01344,0.6000000238418579,0.18367,0.02915,4,1,,0,0.06004,-0.0,0.455,executed_dropped,
2215,cylinder,0.04,1.0,55.0,90.0,2215,0,0.01345,0.6000000238418579,,,0,,,0,,,,no_grasps,no_grasps
2216,cylinder,0.04,1.0,55.0,90.0,12216,0,0.01345,0.6000000238418579,,,0,,,0,,,,no_grasps,no_grasps
2217,cylinder,0.04,1.0,55.0,90.0,22217,0,0.01345,0.6000000238418579,,,0,,,0,,,,no_grasps,no_grasps
2218,cylinder,0.04,1.0,55.0,90.0,32218,0,0.01345,0.595569372177124,,,0,,,0,,,,no_grasps,no_grasps
2219,cylinder,0.04,1.0,55.0,90.0,42219,0,0.01345,0.6000000238418579,,,0,,,0,,,,no_grasps,no_grasps
2220,cylinder,0.04,1.0,60.0,0.0,2220,0,0.01281,0.6000000238418579,0.17303,0.03172,3,1,,0,0.02803,-0.0,0.455,executed_dropped,
2221,cylinder,0.04,1.0,60.0,0.0,12221,0,0.01281,0.6000000238418579,,,0,,,0,,,,no_grasps,no_grasps
2222,cylinder,0.04,1.0,60.0,0.0,22222,0,0.01281,0.6000000238418579,0.16579,0.03058,2,1,,0,0.06073,-0.0,0.455,executed_dropped,
2223,cylinder,0.04,1.0,60.0,0.0,32223,0,0.01281,0.6000000238418579,0.16087,0.02309,2,1,,0,0.02148,-0.0,0.455,executed_dropped,
2224,cylinder,0.04,1.0,60.0,0.0,42224,0,0.01281,0.6000000238418579,,,0,,,0,,,,no_grasps,no_grasps
2225,cylinder,0.04,1.0,60.0,45.0,2225,0,0.01284,0.6000000238418579,,,0,,,0,,,,no_grasps,no_grasps
2226,cylinder,0.04,1.0,60.0,45.0,12226,0,0.01284,0.6000000238418579,0.20632,0.04382,6,1,,0,0.05771,-0.0,0.455,executed_dropped,
2227,cylinder,0.04,1.0,60.0,45.0,22227,0,0.01284,0.6000000238418579,0.17565,0.0366,3,1,,0,0.04186,-0.0,0.455,executed_dropped,
2228,cylinder,0.04,1.0,60.0,45.0,32228,0,0.01284,0.6000000238418579,0.15079,0.04219,1,1,,0,0.03257,-0.0,0.455,executed_dropped,
2229,cylinder,0.04,1.0,60.0,45.0,42229,0,0.01284,0.6000000238418579,,,0,,,0,,,,no_grasps,no_grasps
2230,cylinder,0.04,1.0,60.0,90.0,2230,0,0.01281,0.6000000238418579,,,0,,,0,,,,no_grasps,no_grasps
2231,cylinder,0.04,1.0,60.0,90.0,12231,0,0.01281,0.6000000238418579,0.15405,0.04549,1,1,,0,0.05317,-0.0,0.455,executed_dropped,
2232,cylinder,0.04,1.0,60.0,90.0,22232,0,0.01281,0.6000000238418579,,,0,,,0,,,,no_grasps,no_grasps
2233,cylinder,0.04,1.0,60.0,90.0,32233,0,0.01281,0.6000000238418579,0.15271,0.03862,1,1,,0,0.08216,-0.0,0.455,executed_ejected,
2234,cylinder,0.04,1.0,60.0,90.0,42234,0,0.01281,0.6000000238418579,,,0,,,0,,,,no_grasps,no_grasps
2235,cylinder,0.04,1.0,65.0,0.0,2235,0,0.01204,0.6000000238418579,,,0,,,0,,,,no_grasps,no_grasps
2236,cylinder,0.04,1.0,65.0,0.0,12236,0,0.01204,0.6000000238418579,,,0,,,0,,,,no_grasps,no_grasps
2237,cylinder,0.04,1.0,65.0,0.0,22237,0,0.01204,0.6000000238418579,,,0,,,0,,,,no_grasps,no_grasps
2238,cylinder,0.04,1.0,65.0,0.0,32238,0,0.01204,0.6000000238418579,,,0,,,0,,,,no_grasps,no_grasps
2239,cylinder,0.04,1.0,65.0,0.0,42239,0,0.01204,0.6000000238418579,,,0,,,0,,,,no_grasps,no_grasps
2240,cylinder,0.04,1.0,65.0,45.0,2240,0,0.0121,0.6000000238418579,0.16556,0.03941,1,1,,0,0.0565,-0.0,0.455,executed_dropped,
2241,cylinder,0.04,1.0,65.0,45.0,12241,0,0.0121,0.6000000238418579,,,0,,,0,,,,no_grasps,no_grasps
2242,cylinder,0.04,1.0,65.0,45.0,22242,0,0.0121,0.6000000238418579,,,0,,,0,,,,no_grasps,no_grasps
2243,cylinder,0.04,1.0,65.0,45.0,32243,0,0.0121,0.6000000238418579,,,0,,,0,,,,no_grasps,no_grasps
2244,cylinder,0.04,1.0,65.0,45.0,42244,0,0.0121,0.6000000238418579,0.16236,0.08063,1,0,target_object,0,,,0.455,pregrasp_collision,
2245,cylinder,0.04,1.0,65.0,90.0,2245,0,0.01204,0.6000000238418579,0.17083,0.02758,1,1,,0,0.05848,-0.0,0.455,executed_dropped,
2246,cylinder,0.04,1.0,65.0,90.0,12246,0,0.01204,0.6000000238418579,,,0,,,0,,,,no_grasps,no_grasps
2247,cylinder,0.04,1.0,65.0,90.0,22247,0,0.01204,0.6000000238418579,,,0,,,0,,,,no_grasps,no_grasps
2248,cylinder,0.04,1.0,65.0,90.0,32248,0,0.01204,0.6000000238418579,,,0,,,0,,,,no_grasps,no_grasps
2249,cylinder,0.04,1.0,65.0,90.0,42249,0,0.01204,0.6000000238418579,0.15008,0.0303,1,1,,0,0.09297,-0.0,0.455,executed_ejected,
2250,cylinder,0.04,0.75,30.0,0.0,2250,0,0.01517,0.6000000238418579,0.23142,0.14005,4,1,,0,0.1028,-0.0,0.455,executed_ejected,
2251,cylinder,0.04,0.75,30.0,0.0,12251,0,0.01517,0.6000000238418579,0.21393,0.03255,7,0,target_object,0,,,0.455,pregrasp_collision,
2252,cylinder,0.04,0.75,30.0,0.0,22252,0,0.01517,0.595095157623291,0.23817,0.16084,12,1,,0,0.13703,-0.0,0.455,executed_ejected,
2253,cylinder,0.04,0.75,30.0,0.0,32253,0,0.01517,0.6000000238418579,0.21214,0.07863,8,1,,0,0.05082,-0.0,0.455,executed_dropped,
2254,cylinder,0.04,0.75,30.0,0.0,42254,0,0.01517,0.5919981002807617,0.24188,0.09985,11,1,,0,0.06775,-0.0,0.455,executed_ejected,
2255,cylinder,0.04,0.75,30.0,45.0,2255,0,0.01518,0.5860999822616577,0.27101,0.09482,12,1,,0,0.12067,-0.0,0.455,executed_ejected,
2256,cylinder,0.04,0.75,30.0,45.0,12256,0,0.01518,0.5973408222198486,0.25046,0.08353,11,1,,0,0.10093,-0.0,0.455,executed_ejected,
2257,cylinder,0.04,0.75,30.0,45.0,22257,0,0.01518,0.6000000238418579,0.27332,0.11127,12,1,,0,0.10645,-0.0,0.455,executed_ejected,
2258,cylinder,0.04,0.75,30.0,45.0,32258,0,0.01518,0.6000000238418579,0.25844,0.12647,10,1,,0,0.10559,-0.0,0.455,executed_ejected,
2259,cylinder,0.04,0.75,30.0,45.0,42259,0,0.01518,0.5951545238494873,0.28512,0.11372,10,1,,0,0.09354,-0.0,0.455,executed_ejected,
2260,cylinder,0.04,0.75,30.0,90.0,2260,0,0.01517,0.549689531326294,0.26881,0.11645,12,1,,0,0.13208,-0.0,0.455,executed_ejected,
2261,cylinder,0.04,0.75,30.0,90.0,12261,0,0.01517,0.6000000238418579,0.24138,0.1039,10,1,,0,0.10719,-0.0,0.455,executed_ejected,
2262,cylinder,0.04,0.75,30.0,90.0,22262,0,0.01517,0.5487089157104492,0.27191,0.10352,10,1,,0,0.11696,-0.0,0.455,executed_ejected,
2263,cylinder,0.04,0.75,30.0,90.0,32263,0,0.01517,0.6000000238418579,0.27626,0.09251,13,1,,0,0.10836,-0.0,0.455,executed_ejected,
2264,cylinder,0.04,0.75,30.0,90.0,42264,0,0.01517,0.6000000238418579,0.28596,0.08372,12,1,,0,0.12272,-0.0,0.455,executed_ejected,
2265,cylinder,0.04,0.75,45.0,0.0,2265,0,0.01445,0.6000000238418579,0.17008,0.08421,3,1,,0,0.08359,-0.0,0.455,executed_ejected,
2266,cylinder,0.04,0.75,45.0,0.0,12266,0,0.01445,0.6000000238418579,0.19325,0.09549,3,1,,0,0.05196,-0.0,0.455,executed_dropped,
2267,cylinder,0.04,0.75,45.0,0.0,22267,0,0.01445,0.5970596075057983,0.20514,0.05524,4,1,,0,0.05046,-0.0,0.455,executed_dropped,
2268,cylinder,0.04,0.75,45.0,0.0,32268,0,0.01445,0.6000000238418579,0.15493,0.08006,1,1,,0,0.08573,-0.0,0.455,executed_ejected,
2269,cylinder,0.04,0.75,45.0,0.0,42269,0,0.01445,0.6000000238418579,0.20018,0.04713,4,1,,0,0.05581,-0.0,0.455,executed_dropped,
2270,cylinder,0.04,0.75,45.0,45.0,2270,0,0.01447,0.6000000238418579,0.22694,0.11071,5,1,,0,0.11227,-0.0,0.455,executed_ejected,
2271,cylinder,0.04,0.75,45.0,45.0,12271,0,0.01447,0.5671662092208862,0.25317,0.13021,6,1,,0,0.10556,-0.0,0.455,executed_ejected,
2272,cylinder,0.04,0.75,45.0,45.0,22272,0,0.01447,0.6000000238418579,0.21533,0.05211,7,1,,0,0.06035,-0.0,0.455,executed_dropped,
2273,cylinder,0.04,0.75,45.0,45.0,32273,0,0.01447,0.6000000238418579,0.24434,0.07233,4,1,,0,0.08847,-0.0,0.455,executed_ejected,
2274,cylinder,0.04,0.75,45.0,45.0,42274,0,0.01447,0.6000000238418579,0.21335,0.02381,4,1,,0,0.06875,-0.0,0.455,executed_ejected,
2275,cylinder,0.04,0.75,45.0,90.0,2275,0,0.01445,0.6000000238418579,0.17291,0.06138,2,1,,0,0.10219,-0.0,0.455,executed_ejected,
2276,cylinder,0.04,0.75,45.0,90.0,12276,0,0.01445,0.6000000238418579,,,0,,,0,,,,no_grasps,no_grasps
2277,cylinder,0.04,0.75,45.0,90.0,22277,0,0.01445,0.6000000238418579,0.15121,0.06728,1,1,,0,0.09032,-0.0,0.455,executed_ejected,
2278,cylinder,0.04,0.75,45.0,90.0,32278,0,0.01445,0.6000000238418579,0.17042,0.04189,1,1,,0,0.10056,-0.0,0.455,executed_ejected,
2279,cylinder,0.04,0.75,45.0,90.0,42279,0,0.01445,0.6000000238418579,0.20248,0.03718,4,1,,0,0.07863,-0.0,0.455,executed_ejected,
2280,cylinder,0.04,0.75,50.0,0.0,2280,0,0.01401,0.6000000238418579,0.16859,0.09309,4,1,,0,0.08069,-0.0,0.455,executed_ejected,
2281,cylinder,0.04,0.75,50.0,0.0,12281,0,0.01401,0.6000000238418579,0.21131,0.03392,4,1,,0,0.04058,-0.0,0.455,executed_dropped,
2282,cylinder,0.04,0.75,50.0,0.0,22282,0,0.01401,0.6000000238418579,0.17483,0.0179,2,1,,0,0.02793,-0.0,0.455,executed_dropped,
2283,cylinder,0.04,0.75,50.0,0.0,32283,0,0.01401,0.6000000238418579,0.18729,0.0501,7,1,,0,0.07233,-0.0,0.455,executed_ejected,
2284,cylinder,0.04,0.75,50.0,0.0,42284,0,0.01401,0.6000000238418579,,,0,,,0,,,,no_grasps,no_grasps
2285,cylinder,0.04,0.75,50.0,45.0,2285,0,0.01402,0.6000000238418579,0.15468,0.1322,1,1,,0,0.0759,-0.0,0.455,executed_ejected,
2286,cylinder,0.04,0.75,50.0,45.0,12286,0,0.01402,0.6000000238418579,0.16334,0.1183,2,1,,0,0.06785,-0.0,0.455,executed_ejected,
2287,cylinder,0.04,0.75,50.0,45.0,22287,0,0.01402,0.6000000238418579,0.17209,0.08163,2,1,,0,0.07122,-0.0,0.455,executed_ejected,
2288,cylinder,0.04,0.75,50.0,45.0,32288,0,0.01402,0.6000000238418579,0.17019,0.0493,2,1,,0,0.09482,-0.0,0.455,executed_ejected,
2289,cylinder,0.04,0.75,50.0,45.0,42289,0,0.01402,0.6000000238418579,0.19806,0.04103,1,1,,0,0.0598,-0.0,0.455,executed_dropped,
2290,cylinder,0.04,0.75,50.0,90.0,2290,0,0.01401,0.6000000238418579,,,0,,,0,,,,no_grasps,no_grasps
2291,cylinder,0.04,0.75,50.0,90.0,12291,0,0.01401,0.6000000238418579,,,0,,,0,,,,no_grasps,no_grasps
2292,cylinder,0.04,0.75,50.0,90.0,22292,0,0.01401,0.6000000238418579,0.20097,0.02771,4,1,,0,0.07429,-0.0,0.455,executed_ejected,
2293,cylinder,0.04,0.75,50.0,90.0,32293,0,0.01401,0.6000000238418579,,,0,,,0,,,,no_grasps,no_grasps
2294,cylinder,0.04,0.75,50.0,90.0,42294,0,0.01401,0.6000000238418579,,,0,,,0,,,,no_grasps,no_grasps
2295,cylinder,0.04,0.75,55.0,0.0,2295,0,0.01345,0.573940634727478,,,0,,,0,,,,no_grasps,no_grasps
2296,cylinder,0.04,0.75,55.0,0.0,12296,0,0.01345,0.6000000238418579,0.17809,0.01935,3,1,,0,0.0356,-0.0,0.455,executed_dropped,
2297,cylinder,0.04,0.75,55.0,0.0,22297,0,0.01345,0.6000000238418579,,,0,,,0,,,,no_grasps,no_grasps
2298,cylinder,0.04,0.75,55.0,0.0,32298,0,0.01345,0.6000000238418579,,,0,,,0,,,,no_grasps,no_grasps
2299,cylinder,0.04,0.75,55.0,0.0,42299,0,0.01345,0.6000000238418579,0.15962,0.0197,1,1,,0,0.0137,-0.0,0.455,executed_dropped,
2300,cylinder,0.04,0.75,55.0,45.0,2300,0,0.01344,0.6000000238418579,0.17163,0.07156,2,1,,0,0.07519,-0.0,0.455,executed_ejected,
2301,cylinder,0.04,0.75,55.0,45.0,12301,0,0.01344,0.6000000238418579,0.18211,0.02614,3,1,,0,0.06493,-0.0,0.455,executed_dropped,
2302,cylinder,0.04,0.75,55.0,45.0,22302,0,0.01344,0.6000000238418579,0.17686,0.01741,4,1,,0,0.03768,-0.0,0.455,executed_dropped,
2303,cylinder,0.04,0.75,55.0,45.0,32303,0,0.01344,0.6000000238418579,,,0,,,0,,,,no_grasps,no_grasps
2304,cylinder,0.04,0.75,55.0,45.0,42304,0,0.01344,0.6000000238418579,0.15519,0.04112,1,1,,0,0.03857,-0.0,0.455,executed_dropped,
2305,cylinder,0.04,0.75,55.0,90.0,2305,0,0.01345,0.6000000238418579,0.16611,0.0733,1,1,,0,0.11204,-0.0,0.455,executed_ejected,
2306,cylinder,0.04,0.75,55.0,90.0,12306,0,0.01345,0.6000000238418579,0.16648,0.15777,1,1,,0,0.10762,-0.0,0.455,executed_ejected,
2307,cylinder,0.04,0.75,55.0,90.0,22307,0,0.01345,0.6000000238418579,,,0,,,0,,,,no_grasps,no_grasps
2308,cylinder,0.04,0.75,55.0,90.0,32308,0,0.01345,0.6000000238418579,,,0,,,0,,,,no_grasps,no_grasps
2309,cylinder,0.04,0.75,55.0,90.0,42309,0,0.01345,0.6000000238418579,,,0,,,0,,,,no_grasps,no_grasps
2310,cylinder,0.04,0.75,60.0,0.0,2310,0,0.01281,0.6000000238418579,,,0,,,0,,,,no_grasps,no_grasps
2311,cylinder,0.04,0.75,60.0,0.0,12311,0,0.01281,0.6000000238418579,0.17505,0.02802,1,1,,0,0.04011,-0.0,0.455,executed_dropped,
2312,cylinder,0.04,0.75,60.0,0.0,22312,0,0.01281,0.6000000238418579,0.18506,0.05742,1,1,,0,0.03008,-0.0,0.455,executed_dropped,
2313,cylinder,0.04,0.75,60.0,0.0,32313,0,0.01281,0.6000000238418579,0.17562,0.02956,1,1,,0,0.01949,-0.0,0.455,executed_dropped,
2314,cylinder,0.04,0.75,60.0,0.0,42314,0,0.01281,0.6000000238418579,0.15177,0.07393,1,1,,0,0.03854,-0.0,0.455,executed_dropped,
2315,cylinder,0.04,0.75,60.0,45.0,2315,0,0.01284,0.6000000238418579,,,0,,,0,,,,no_grasps,no_grasps
2316,cylinder,0.04,0.75,60.0,45.0,12316,0,0.01284,0.6000000238418579,,,0,,,0,,,,no_grasps,no_grasps
2317,cylinder,0.04,0.75,60.0,45.0,22317,0,0.01284,0.6000000238418579,0.16298,0.01772,1,1,,0,0.06356,-0.0,0.455,executed_dropped,
2318,cylinder,0.04,0.75,60.0,45.0,32318,0,0.01284,0.6000000238418579,,,0,,,0,,,,no_grasps,no_grasps
2319,cylinder,0.04,0.75,60.0,45.0,42319,0,0.01284,0.6000000238418579,,,0,,,0,,,,no_grasps,no_grasps
2320,cylinder,0.04,0.75,60.0,90.0,2320,0,0.01281,0.6000000238418579,,,0,,,0,,,,no_grasps,no_grasps
2321,cylinder,0.04,0.75,60.0,90.0,12321,0,0.01281,0.6000000238418579,,,0,,,0,,,,no_grasps,no_grasps
2322,cylinder,0.04,0.75,60.0,90.0,22322,0,0.01281,0.6000000238418579,,,0,,,0,,,,no_grasps,no_grasps
2323,cylinder,0.04,0.75,60.0,90.0,32323,0,0.01281,0.6000000238418579,,,0,,,0,,,,no_grasps,no_grasps
2324,cylinder,0.04,0.75,60.0,90.0,42324,0,0.01281,0.6000000238418579,,,0,,,0,,,,no_grasps,no_grasps
2325,cylinder,0.04,0.75,65.0,0.0,2325,0,0.01204,0.5988774299621582,0.17252,0.00794,1,1,,0,0.01547,-0.0,0.455,executed_dropped,
2326,cylinder,0.04,0.75,65.0,0.0,12326,0,0.01204,0.6000000238418579,,,0,,,0,,,,no_grasps,no_grasps
2327,cylinder,0.04,0.75,65.0,0.0,22327,0,0.01204,0.6000000238418579,,,0,,,0,,,,no_grasps,no_grasps
2328,cylinder,0.04,0.75,65.0,0.0,32328,0,0.01204,0.6000000238418579,,,0,,,0,,,,no_grasps,no_grasps
2329,cylinder,0.04,0.75,65.0,0.0,42329,0,0.01204,0.6000000238418579,,,0,,,0,,,,no_grasps,no_grasps
2330,cylinder,0.04,0.75,65.0,45.0,2330,0,0.0121,0.6000000238418579,,,0,,,0,,,,no_grasps,no_grasps
2331,cylinder,0.04,0.75,65.0,45.0,12331,0,0.0121,0.6000000238418579,0.17,0.01319,1,1,,0,0.04544,-0.0,0.455,executed_dropped,
2332,cylinder,0.04,0.75,65.0,45.0,22332,0,0.0121,0.6000000238418579,0.16872,0.06855,1,1,,0,0.07057,-0.0,0.455,executed_ejected,
2333,cylinder,0.04,0.75,65.0,45.0,32333,0,0.0121,0.6000000238418579,,,0,,,0,,,,no_grasps,no_grasps
2334,cylinder,0.04,0.75,65.0,45.0,42334,0,0.0121,0.6000000238418579,,,0,,,0,,,,no_grasps,no_grasps
2335,cylinder,0.04,0.75,65.0,90.0,2335,0,0.01204,0.6000000238418579,,,0,,,0,,,,no_grasps,no_grasps
2336,cylinder,0.04,0.75,65.0,90.0,12336,0,0.01204,0.6000000238418579,,,0,,,0,,,,no_grasps,no_grasps
2337,cylinder,0.04,0.75,65.0,90.0,22337,0,0.01204,0.6000000238418579,,,0,,,0,,,,no_grasps,no_grasps
2338,cylinder,0.04,0.75,65.0,90.0,32338,0,0.01204,0.6000000238418579,,,0,,,0,,,,no_grasps,no_grasps
2339,cylinder,0.04,0.75,65.0,90.0,42339,0,0.01204,0.6000000238418579,0.17819,0.06352,1,1,,0,0.01489,-0.0,0.455,executed_dropped,
2340,cylinder,0.04,0.5,30.0,0.0,2340,0,0.01517,0.5645580291748047,0.17833,0.07432,6,1,,0,0.04937,-0.0,0.455,executed_dropped,
2341,cylinder,0.04,0.5,30.0,0.0,12341,0,0.01517,0.6000000238418579,0.2671,0.06428,5,1,,0,0.07314,-0.0,0.455,executed_ejected,
2342,cylinder,0.04,0.5,30.0,0.0,22342,0,0.01517,0.6000000238418579,0.22832,0.08774,2,1,,0,0.07536,-0.0,0.455,executed_ejected,
2343,cylinder,0.04,0.5,30.0,0.0,32343,0,0.01517,0.5973260402679443,0.22632,0.06248,5,1,,0,0.0527,-0.0,0.455,executed_dropped,
2344,cylinder,0.04,0.5,30.0,0.0,42344,0,0.01517,0.6000000238418579,0.19071,0.10135,2,1,,0,0.06812,-0.0,0.455,executed_ejected,
2345,cylinder,0.04,0.5,30.0,45.0,2345,0,0.01518,0.6000000238418579,0.28879,0.04366,12,1,,0,0.05985,-0.0,0.455,executed_dropped,
2346,cylinder,0.04,0.5,30.0,45.0,12346,0,0.01518,0.5440355539321899,0.28016,0.08437,7,1,,0,0.08184,-0.0,0.455,executed_ejected,
2347,cylinder,0.04,0.5,30.0,45.0,22347,0,0.01518,0.5946742296218872,0.28351,0.06539,7,1,,0,0.09946,-0.0,0.455,executed_ejected,
2348,cylinder,0.04,0.5,30.0,45.0,32348,0,0.01518,0.6000000238418579,0.26504,0.06185,9,1,,0,0.06729,-0.0,0.455,executed_ejected,
2349,cylinder,0.04,0.5,30.0,45.0,42349,0,0.01518,0.5774840116500854,0.29176,0.15543,6,1,,0,0.11414,-0.0,0.455,executed_ejected,
2350,cylinder,0.04,0.5,30.0,90.0,2350,0,0.01517,0.5752228498458862,0.23205,0.06737,4,1,,0,0.08526,-0.0,0.455,executed_ejected,
2351,cylinder,0.04,0.5,30.0,90.0,12351,0,0.01517,0.5603346824645996,0.23569,0.12423,6,1,,0,0.11845,-0.0,0.455,executed_ejected,
2352,cylinder,0.04,0.5,30.0,90.0,22352,0,0.01517,0.5951724052429199,0.24297,0.07718,5,1,,0,0.10516,-0.0,0.455,executed_ejected,
2353,cylinder,0.04,0.5,30.0,90.0,32353,0,0.01517,0.6000000238418579,0.21786,0.0716,9,1,,0,0.10216,-0.0,0.455,executed_ejected,
2354,cylinder,0.04,0.5,30.0,90.0,42354,0,0.01517,0.588147759437561,0.28436,0.08194,8,1,,0,0.11486,-0.0,0.455,executed_ejected,
2355,cylinder,0.04,0.5,45.0,0.0,2355,0,0.01445,0.5523141622543335,0.21783,0.06723,2,1,,0,0.06183,-0.0,0.455,executed_dropped,
2356,cylinder,0.04,0.5,45.0,0.0,12356,0,0.01445,0.5765756368637085,0.15617,0.00928,1,1,,0,0.0382,-0.0,0.455,executed_dropped,
2357,cylinder,0.04,0.5,45.0,0.0,22357,0,0.01445,0.6000000238418579,0.18923,0.1773,1,1,,0,0.09475,-0.0,0.455,executed_ejected,
2358,cylinder,0.04,0.5,45.0,0.0,32358,0,0.01445,0.6000000238418579,0.20362,0.05246,5,1,,0,0.03695,-0.0,0.455,executed_dropped,
2359,cylinder,0.04,0.5,45.0,0.0,42359,0,0.01445,0.6000000238418579,0.22041,0.08837,6,1,,0,0.05864,-0.0,0.455,executed_dropped,
2360,cylinder,0.04,0.5,45.0,45.0,2360,0,0.01447,0.6000000238418579,0.24036,0.08012,1,1,,0,0.10705,-0.0,0.455,executed_ejected,
2361,cylinder,0.04,0.5,45.0,45.0,12361,0,0.01447,0.6000000238418579,0.1692,0.01837,1,1,,0,0.05878,-0.0,0.455,executed_dropped,
2362,cylinder,0.04,0.5,45.0,45.0,22362,0,0.01447,0.6000000238418579,0.1688,0.08633,1,1,,0,0.0743,-0.0,0.455,executed_ejected,
2363,cylinder,0.04,0.5,45.0,45.0,32363,0,0.01447,0.6000000238418579,0.153,0.11228,1,1,,0,0.13005,-0.0,0.455,executed_ejected,
2364,cylinder,0.04,0.5,45.0,45.0,42364,0,0.01447,0.6000000238418579,0.21748,0.05863,4,1,,0,0.08159,-0.0,0.455,executed_ejected,
2365,cylinder,0.04,0.5,45.0,90.0,2365,0,0.01445,0.6000000238418579,0.16989,0.02194,2,1,,0,0.05198,-0.0,0.455,executed_dropped,
2366,cylinder,0.04,0.5,45.0,90.0,12366,0,0.01445,0.6000000238418579,,,0,,,0,,,,no_grasps,no_grasps
2367,cylinder,0.04,0.5,45.0,90.0,22367,0,0.01445,0.5803983211517334,0.17091,0.02808,2,1,,0,0.10199,-0.0,0.455,executed_ejected,
2368,cylinder,0.04,0.5,45.0,90.0,32368,0,0.01445,0.6000000238418579,0.16719,0.01834,4,1,,0,0.08999,-0.0,0.455,executed_ejected,
2369,cylinder,0.04,0.5,45.0,90.0,42369,0,0.01445,0.6000000238418579,,,0,,,0,,,,no_grasps,no_grasps
2370,cylinder,0.04,0.5,50.0,0.0,2370,0,0.01401,0.6000000238418579,,,0,,,0,,,,no_grasps,no_grasps
2371,cylinder,0.04,0.5,50.0,0.0,12371,0,0.01401,0.6000000238418579,,,0,,,0,,,,no_grasps,no_grasps
2372,cylinder,0.04,0.5,50.0,0.0,22372,0,0.01401,0.6000000238418579,,,0,,,0,,,,no_grasps,no_grasps
2373,cylinder,0.04,0.5,50.0,0.0,32373,0,0.01401,0.6000000238418579,,,0,,,0,,,,no_grasps,no_grasps
2374,cylinder,0.04,0.5,50.0,0.0,42374,0,0.01401,0.6000000238418579,,,0,,,0,,,,no_grasps,no_grasps
2375,cylinder,0.04,0.5,50.0,45.0,2375,0,0.01402,0.6000000238418579,0.18649,0.05592,2,1,,0,0.08106,-0.0,0.455,executed_ejected,
2376,cylinder,0.04,0.5,50.0,45.0,12376,0,0.01402,0.6000000238418579,0.1543,0.01954,1,1,,0,0.02798,-0.0,0.455,executed_dropped,
2377,cylinder,0.04,0.5,50.0,45.0,22377,0,0.01402,0.6000000238418579,,,0,,,0,,,,no_grasps,no_grasps
2378,cylinder,0.04,0.5,50.0,45.0,32378,0,0.01402,0.5865640640258789,,,0,,,0,,,,no_grasps,no_grasps
2379,cylinder,0.04,0.5,50.0,45.0,42379,0,0.01402,0.6000000238418579,0.15589,0.08501,1,1,,0,0.08441,-0.0,0.455,executed_ejected,
2380,cylinder,0.04,0.5,50.0,90.0,2380,0,0.01401,0.6000000238418579,0.15862,0.02165,1,1,,0,0.07494,-0.0,0.455,executed_ejected,
2381,cylinder,0.04,0.5,50.0,90.0,12381,0,0.01401,0.6000000238418579,,,0,,,0,,,,no_grasps,no_grasps
2382,cylinder,0.04,0.5,50.0,90.0,22382,0,0.01401,0.6000000238418579,,,0,,,0,,,,no_grasps,no_grasps
2383,cylinder,0.04,0.5,50.0,90.0,32383,0,0.01401,0.5745582580566406,0.16095,0.02007,1,1,,0,0.08304,-0.0,0.455,executed_ejected,
2384,cylinder,0.04,0.5,50.0,90.0,42384,0,0.01401,0.5993614196777344,,,0,,,0,,,,no_grasps,no_grasps
2385,cylinder,0.04,0.5,55.0,0.0,2385,0,0.01345,0.6000000238418579,0.15191,0.05394,1,1,,0,0.03473,-0.0,0.455,executed_dropped,
2386,cylinder,0.04,0.5,55.0,0.0,12386,0,0.01345,0.6000000238418579,,,0,,,0,,,,no_grasps,no_grasps
2387,cylinder,0.04,0.5,55.0,0.0,22387,0,0.01345,0.6000000238418579,,,0,,,0,,,,no_grasps,no_grasps
2388,cylinder,0.04,0.5,55.0,0.0,32388,0,0.01345,0.5997594594955444,,,0,,,0,,,,no_grasps,no_grasps
2389,cylinder,0.04,0.5,55.0,0.0,42389,0,0.01345,0.6000000238418579,0.15216,0.14886,2,1,,0,0.07525,-0.0,0.455,executed_ejected,
2390,cylinder,0.04,0.5,55.0,45.0,2390,0,0.01344,0.6000000238418579,0.16951,0.02571,1,1,,0,0.04559,-0.0,0.455,executed_dropped,
2391,cylinder,0.04,0.5,55.0,45.0,12391,0,0.01344,0.6000000238418579,,,0,,,0,,,,no_grasps,no_grasps
2392,cylinder,0.04,0.5,55.0,45.0,22392,0,0.01344,0.6000000238418579,0.15618,0.05004,1,1,,0,0.08463,-0.0,0.455,executed_ejected,
2393,cylinder,0.04,0.5,55.0,45.0,32393,0,0.01344,0.6000000238418579,,,0,,,0,,,,no_grasps,no_grasps
2394,cylinder,0.04,0.5,55.0,45.0,42394,0,0.01344,0.6000000238418579,,,0,,,0,,,,no_grasps,no_grasps
2395,cylinder,0.04,0.5,55.0,90.0,2395,0,0.01345,0.6000000238418579,,,0,,,0,,,,no_grasps,no_grasps
2396,cylinder,0.04,0.5,55.0,90.0,12396,0,0.01345,0.5768734216690063,,,0,,,0,,,,no_grasps,no_grasps
2397,cylinder,0.04,0.5,55.0,90.0,22397,0,0.01345,0.6000000238418579,0.15347,0.09424,1,1,,0,0.08824,-0.0,0.455,executed_ejected,
2398,cylinder,0.04,0.5,55.0,90.0,32398,0,0.01345,0.6000000238418579,,,0,,,0,,,,no_grasps,no_grasps
2399,cylinder,0.04,0.5,55.0,90.0,42399,0,0.01345,0.6000000238418579,,,0,,,0,,,,no_grasps,no_grasps
2400,cylinder,0.04,0.5,60.0,0.0,2400,0,0.01281,0.6000000238418579,,,0,,,0,,,,no_grasps,no_grasps
2401,cylinder,0.04,0.5,60.0,0.0,12401,0,0.01281,0.6000000238418579,0.15145,0.08605,2,1,,0,0.06241,-0.0,0.455,executed_dropped,
2402,cylinder,0.04,0.5,60.0,0.0,22402,0,0.01281,0.6000000238418579,0.15419,0.03304,1,1,,0,0.05513,-0.0,0.455,executed_dropped,
2403,cylinder,0.04,0.5,60.0,0.0,32403,0,0.01281,0.6000000238418579,0.1533,0.02628,1,1,,0,0.02404,-0.0,0.455,executed_dropped,
2404,cylinder,0.04,0.5,60.0,0.0,42404,0,0.01281,0.6000000238418579,,,0,,,0,,,,no_grasps,no_grasps
2405,cylinder,0.04,0.5,60.0,45.0,2405,0,0.01284,0.5835028886795044,0.16443,0.04512,3,1,,0,0.04093,-0.0,0.455,executed_dropped,
2406,cylinder,0.04,0.5,60.0,45.0,12406,0,0.01284,0.6000000238418579,,,0,,,0,,,,no_grasps,no_grasps
2407,cylinder,0.04,0.5,60.0,45.0,22407,0,0.01284,0.6000000238418579,0.15122,0.02809,1,1,,0,0.0496,-0.0,0.455,executed_dropped,
2408,cylinder,0.04,0.5,60.0,45.0,32408,0,0.01284,0.6000000238418579,0.16497,0.05676,2,1,,0,0.06725,-0.0,0.455,executed_ejected,
2409,cylinder,0.04,0.5,60.0,45.0,42409,0,0.01284,0.6000000238418579,0.16355,0.0475,1,1,,0,0.05479,-0.0,0.455,executed_dropped,
2410,cylinder,0.04,0.5,60.0,90.0,2410,0,0.01281,0.6000000238418579,0.17294,0.05333,1,1,,0,0.08867,-0.0,0.455,executed_ejected,
2411,cylinder,0.04,0.5,60.0,90.0,12411,0,0.01281,0.6000000238418579,,,0,,,0,,,,no_grasps,no_grasps
2412,cylinder,0.04,0.5,60.0,90.0,22412,0,0.01281,0.5986701250076294,,,0,,,0,,,,no_grasps,no_grasps
2413,cylinder,0.04,0.5,60.0,90.0,32413,0,0.01281,0.5826817750930786,,,0,,,0,,,,no_grasps,no_grasps
2414,cylinder,0.04,0.5,60.0,90.0,42414,0,0.01281,0.6000000238418579,,,0,,,0,,,,no_grasps,no_grasps
2415,cylinder,0.04,0.5,65.0,0.0,2415,0,0.01204,0.6000000238418579,,,0,,,0,,,,no_grasps,no_grasps
2416,cylinder,0.04,0.5,65.0,0.0,12416,0,0.01204,0.6000000238418579,,,0,,,0,,,,no_grasps,no_grasps
2417,cylinder,0.04,0.5,65.0,0.0,22417,0,0.01204,0.6000000238418579,,,0,,,0,,,,no_grasps,no_grasps
2418,cylinder,0.04,0.5,65.0,0.0,32418,0,0.01204,0.6000000238418579,,,0,,,0,,,,no_grasps,no_grasps
2419,cylinder,0.04,0.5,65.0,0.0,42419,0,0.01204,0.6000000238418579,,,0,,,0,,,,no_grasps,no_grasps
2420,cylinder,0.04,0.5,65.0,45.0,2420,0,0.0121,0.6000000238418579,,,0,,,0,,,,no_grasps,no_grasps
2421,cylinder,0.04,0.5,65.0,45.0,12421,0,0.0121,0.6000000238418579,,,0,,,0,,,,no_grasps,no_grasps
2422,cylinder,0.04,0.5,65.0,45.0,22422,0,0.0121,0.6000000238418579,0.15872,0.04468,1,1,,0,0.03266,-0.0,0.455,executed_dropped,
2423,cylinder,0.04,0.5,65.0,45.0,32423,0,0.0121,0.6000000238418579,,,0,,,0,,,,no_grasps,no_grasps
2424,cylinder,0.04,0.5,65.0,45.0,42424,0,0.0121,0.6000000238418579,,,0,,,0,,,,no_grasps,no_grasps
2425,cylinder,0.04,0.5,65.0,90.0,2425,0,0.01204,0.6000000238418579,,,0,,,0,,,,no_grasps,no_grasps
2426,cylinder,0.04,0.5,65.0,90.0,12426,0,0.01204,0.6000000238418579,,,0,,,0,,,,no_grasps,no_grasps
2427,cylinder,0.04,0.5,65.0,90.0,22427,0,0.01204,0.6000000238418579,,,0,,,0,,,,no_grasps,no_grasps
2428,cylinder,0.04,0.5,65.0,90.0,32428,0,0.01204,0.591384768486023,0.2277,0.00216,2,1,,0,0.05853,-0.0,0.455,executed_dropped,
2429,cylinder,0.04,0.5,65.0,90.0,42429,0,0.01204,0.595068097114563,,,0,,,0,,,,no_grasps,no_grasps
2430,cylinder,0.04,0.25,30.0,0.0,2430,0,0.01517,0.5616483688354492,,,0,,,0,,,,no_grasps,no_grasps
2431,cylinder,0.04,0.25,30.0,0.0,12431,0,0.01517,0.5936514139175415,0.25702,0.10097,3,1,,0,0.06922,-0.0,0.455,executed_ejected,
2432,cylinder,0.04,0.25,30.0,0.0,22432,0,0.01517,0.4950883388519287,,,0,,,0,,,,no_grasps,no_grasps
2433,cylinder,0.04,0.25,30.0,0.0,32433,0,0.01517,0.5615299940109253,0.18871,0.04544,2,1,,0,0.05347,-0.0,0.455,executed_dropped,
2434,cylinder,0.04,0.25,30.0,0.0,42434,0,0.01517,0.5392577648162842,,,0,,,0,,,,no_grasps,no_grasps
2435,cylinder,0.04,0.25,30.0,45.0,2435,0,0.01518,0.5642993450164795,0.23441,0.08449,6,1,,0,0.08238,-0.0,0.455,executed_ejected,
2436,cylinder,0.04,0.25,30.0,45.0,12436,0,0.01518,0.6000000238418579,0.24704,0.08488,2,1,,0,0.10236,-0.0,0.455,executed_ejected,
2437,cylinder,0.04,0.25,30.0,45.0,22437,0,0.01518,0.5920571088790894,0.25442,0.17628,1,1,,0,0.12108,-0.0,0.455,executed_ejected,
2438,cylinder,0.04,0.25,30.0,45.0,32438,0,0.01518,0.5391151905059814,0.22902,0.02555,1,1,,0,0.04055,-0.0,0.455,executed_dropped,
2439,cylinder,0.04,0.25,30.0,45.0,42439,0,0.01518,0.5623608827590942,0.28183,0.11148,9,1,,0,0.08644,-0.0,0.455,executed_ejected,
2440,cylinder,0.04,0.25,30.0,90.0,2440,0,0.01517,0.5583133697509766,0.17427,0.07107,3,1,,0,0.09201,-0.0,0.455,executed_ejected,
2441,cylinder,0.04,0.25,30.0,90.0,12441,0,0.01517,0.5543087720870972,0.18956,0.05828,2,1,,0,0.10969,-0.0,0.455,executed_ejected,
2442,cylinder,0.04,0.25,30.0,90.0,22442,0,0.01517,0.6000000238418579,0.23105,0.13962,6,1,,0,0.14982,-0.0,0.455,executed_ejected,
2443,cylinder,0.04,0.25,30.0,90.0,32443,0,0.01517,0.5324069261550903,0.2044,0.18112,4,1,,0,0.10909,-0.0,0.455,executed_ejected,
2444,cylinder,0.04,0.25,30.0,90.0,42444,0,0.01517,0.5761229991912842,,,0,,,0,,,,no_grasps,no_grasps
2445,cylinder,0.04,0.25,45.0,0.0,2445,0,0.01445,0.5494750738143921,0.24212,0.05167,1,1,,0,0.05153,-0.0,0.455,executed_dropped,
2446,cylinder,0.04,0.25,45.0,0.0,12446,0,0.01445,0.6000000238418579,,,0,,,0,,,,no_grasps,no_grasps
2447,cylinder,0.04,0.25,45.0,0.0,22447,0,0.01445,0.5581899881362915,0.17756,0.04657,1,1,,0,0.03378,-0.0,0.455,executed_dropped,
2448,cylinder,0.04,0.25,45.0,0.0,32448,0,0.01445,0.6000000238418579,0.15498,0.03786,4,0,target_object,0,,,0.455,pregrasp_collision,
2449,cylinder,0.04,0.25,45.0,0.0,42449,0,0.01445,0.527336597442627,0.20025,0.03748,4,1,,0,0.04031,-0.0,0.455,executed_dropped,
2450,cylinder,0.04,0.25,45.0,45.0,2450,0,0.01447,0.543743371963501,0.1557,0.05239,1,1,,0,0.06464,-0.0,0.455,executed_dropped,
2451,cylinder,0.04,0.25,45.0,45.0,12451,0,0.01447,0.5628938674926758,,,0,,,0,,,,no_grasps,no_grasps
2452,cylinder,0.04,0.25,45.0,45.0,22452,0,0.01447,0.543351411819458,,,0,,,0,,,,no_grasps,no_grasps
2453,cylinder,0.04,0.25,45.0,45.0,32453,0,0.01447,0.6000000238418579,0.16217,0.06492,3,1,,0,0.10749,-0.0,0.455,executed_ejected,
2454,cylinder,0.04,0.25,45.0,45.0,42454,0,0.01447,0.5477242469787598,0.16919,0.0465,1,1,,0,0.02785,-0.0,0.455,executed_dropped,
2455,cylinder,0.04,0.25,45.0,90.0,2455,0,0.01445,0.5459705591201782,0.15769,0.05852,1,1,,0,0.1181,-0.0,0.455,executed_ejected,
2456,cylinder,0.04,0.25,45.0,90.0,12456,0,0.01445,0.6000000238418579,,,0,,,0,,,,no_grasps,no_grasps
2457,cylinder,0.04,0.25,45.0,90.0,22457,0,0.01445,0.5676850080490112,0.16878,0.12563,1,1,,0,0.10013,-0.0,0.455,executed_ejected,
2458,cylinder,0.04,0.25,45.0,90.0,32458,0,0.01445,0.591649055480957,0.16055,0.04191,1,1,,0,0.10793,-0.0,0.455,executed_ejected,
2459,cylinder,0.04,0.25,45.0,90.0,42459,0,0.01445,0.6000000238418579,0.1604,0.11425,1,1,,0,0.09735,-0.0,0.455,executed_ejected,
2460,cylinder,0.04,0.25,50.0,0.0,2460,0,0.01401,0.6000000238418579,,,0,,,0,,,,no_grasps,no_grasps
2461,cylinder,0.04,0.25,50.0,0.0,12461,0,0.01401,0.5335004329681396,0.16574,0.0993,1,1,,0,0.06351,-0.0,0.455,executed_dropped,
2462,cylinder,0.04,0.25,50.0,0.0,22462,0,0.01401,0.592620849609375,,,0,,,0,,,,no_grasps,no_grasps
2463,cylinder,0.04,0.25,50.0,0.0,32463,0,0.01401,0.5644811391830444,0.16611,0.11485,3,1,,0,0.06826,-0.0,0.455,executed_ejected,
2464,cylinder,0.04,0.25,50.0,0.0,42464,0,0.01401,0.6000000238418579,0.16662,0.09865,1,1,,0,0.10462,-0.0,0.455,executed_ejected,
2465,cylinder,0.04,0.25,50.0,45.0,2465,0,0.01402,0.5528255701065063,0.21401,0.04382,2,1,,0,0.06594,-0.0,0.455,executed_dropped,
2466,cylinder,0.04,0.25,50.0,45.0,12466,0,0.01402,0.6000000238418579,0.16346,0.10114,1,1,,0,0.08654,-0.0,0.455,executed_ejected,
2467,cylinder,0.04,0.25,50.0,45.0,22467,0,0.01402,0.6000000238418579,,,0,,,0,,,,no_grasps,no_grasps
2468,cylinder,0.04,0.25,50.0,45.0,32468,0,0.01402,0.6000000238418579,0.16159,0.06909,1,1,,0,0.05716,-0.0,0.455,executed_dropped,
2469,cylinder,0.04,0.25,50.0,45.0,42469,0,0.01402,0.5554298162460327,0.19819,0.05112,1,1,,0,0.05993,-0.0,0.455,executed_dropped,
2470,cylinder,0.04,0.25,50.0,90.0,2470,0,0.01401,0.556329607963562,,,0,,,0,,,,no_grasps,no_grasps
2471,cylinder,0.04,0.25,50.0,90.0,12471,0,0.01401,0.589327335357666,,,0,,,0,,,,no_grasps,no_grasps
2472,cylinder,0.04,0.25,50.0,90.0,22472,0,0.01401,0.538310170173645,,,0,,,0,,,,no_grasps,no_grasps
2473,cylinder,0.04,0.25,50.0,90.0,32473,0,0.01401,0.5073533058166504,0.1971,0.10886,1,1,,0,0.11322,-0.0,0.455,executed_ejected,
2474,cylinder,0.04,0.25,50.0,90.0,42474,0,0.01401,0.5346083641052246,0.15341,0.1489,1,1,,0,0.09755,-0.0,0.455,executed_ejected,
2475,cylinder,0.04,0.25,55.0,0.0,2475,0,0.01345,0.6000000238418579,,,0,,,0,,,,no_grasps,no_grasps
2476,cylinder,0.04,0.25,55.0,0.0,12476,0,0.01345,0.6000000238418579,,,0,,,0,,,,no_grasps,no_grasps
2477,cylinder,0.04,0.25,55.0,0.0,22477,0,0.01345,0.6000000238418579,0.15687,0.02819,1,1,,0,0.04992,-0.0,0.455,executed_dropped,
2478,cylinder,0.04,0.25,55.0,0.0,32478,0,0.01345,0.5844122171401978,0.18156,0.0326,2,1,,0,0.03332,-0.0,0.455,executed_dropped,
2479,cylinder,0.04,0.25,55.0,0.0,42479,0,0.01345,0.5423917770385742,,,0,,,0,,,,no_grasps,no_grasps
2480,cylinder,0.04,0.25,55.0,45.0,2480,0,0.01344,0.5216463804244995,,,0,,,0,,,,no_grasps,no_grasps
2481,cylinder,0.04,0.25,55.0,45.0,12481,0,0.01344,0.6000000238418579,,,0,,,0,,,,no_grasps,no_grasps
2482,cylinder,0.04,0.25,55.0,45.0,22482,0,0.01344,0.5227929353713989,,,0,,,0,,,,no_grasps,no_grasps
2483,cylinder,0.04,0.25,55.0,45.0,32483,0,0.01344,0.6000000238418579,,,0,,,0,,,,no_grasps,no_grasps
2484,cylinder,0.04,0.25,55.0,45.0,42484,0,0.01344,0.5222430229187012,,,0,,,0,,,,no_grasps,no_grasps
2485,cylinder,0.04,0.25,55.0,90.0,2485,0,0.01345,0.5518819093704224,,,0,,,0,,,,no_grasps,no_grasps
2486,cylinder,0.04,0.25,55.0,90.0,12486,0,0.01345,0.5529069900512695,,,0,,,0,,,,no_grasps,no_grasps
2487,cylinder,0.04,0.25,55.0,90.0,22487,0,0.01345,0.6000000238418579,,,0,,,0,,,,no_grasps,no_grasps
2488,cylinder,0.04,0.25,55.0,90.0,32488,0,0.01345,0.5495381355285645,,,0,,,0,,,,no_grasps,no_grasps
2489,cylinder,0.04,0.25,55.0,90.0,42489,0,0.01345,0.591415524482727,,,0,,,0,,,,no_grasps,no_grasps
2490,cylinder,0.04,0.25,60.0,0.0,2490,0,0.01281,0.6000000238418579,,,0,,,0,,,,no_grasps,no_grasps
2491,cylinder,0.04,0.25,60.0,0.0,12491,0,0.01281,0.5476458072662354,,,0,,,0,,,,no_grasps,no_grasps
2492,cylinder,0.04,0.25,60.0,0.0,22492,0,0.01281,0.6000000238418579,0.16408,0.03221,1,1,,0,0.02004,-0.0,0.455,executed_dropped,
2493,cylinder,0.04,0.25,60.0,0.0,32493,0,0.01281,0.5670236349105835,,,0,,,0,,,,no_grasps,no_grasps
2494,cylinder,0.04,0.25,60.0,0.0,42494,0,0.01281,0.6000000238418579,,,0,,,0,,,,no_grasps,no_grasps
2495,cylinder,0.04,0.25,60.0,45.0,2495,0,0.01284,0.6000000238418579,,,0,,,0,,,,no_grasps,no_grasps
2496,cylinder,0.04,0.25,60.0,45.0,12496,0,0.01284,0.6000000238418579,,,0,,,0,,,,no_grasps,no_grasps
2497,cylinder,0.04,0.25,60.0,45.0,22497,0,0.01284,0.5897133350372314,,,0,,,0,,,,no_grasps,no_grasps
2498,cylinder,0.04,0.25,60.0,45.0,32498,0,0.01284,0.6000000238418579,,,0,,,0,,,,no_grasps,no_grasps
2499,cylinder,0.04,0.25,60.0,45.0,42499,0,0.01284,0.5935349464416504,,,0,,,0,,,,no_grasps,no_grasps
2500,cylinder,0.04,0.25,60.0,90.0,2500,0,0.01281,0.5693002939224243,0.19034,0.06622,1,1,,0,0.09919,-0.0,0.455,executed_ejected,
2501,cylinder,0.04,0.25,60.0,90.0,12501,0,0.01281,0.5394890308380127,0.15044,0.05638,1,1,,0,0.09297,-0.0,0.455,executed_ejected,
2502,cylinder,0.04,0.25,60.0,90.0,22502,0,0.01281,0.5785810947418213,,,0,,,0,,,,no_grasps,no_grasps
2503,cylinder,0.04,0.25,60.0,90.0,32503,0,0.01281,0.6000000238418579,,,0,,,0,,,,no_grasps,no_grasps
2504,cylinder,0.04,0.25,60.0,90.0,42504,0,0.01281,0.5548677444458008,,,0,,,0,,,,no_grasps,no_grasps
2505,cylinder,0.04,0.25,65.0,0.0,2505,0,0.01204,0.6000000238418579,,,0,,,0,,,,no_grasps,no_grasps
2506,cylinder,0.04,0.25,65.0,0.0,12506,0,0.01204,0.6000000238418579,,,0,,,0,,,,no_grasps,no_grasps
2507,cylinder,0.04,0.25,65.0,0.0,22507,0,0.01204,0.6000000238418579,,,0,,,0,,,,no_grasps,no_grasps
2508,cylinder,0.04,0.25,65.0,0.0,32508,0,0.01204,0.575011134147644,,,0,,,0,,,,no_grasps,no_grasps
2509,cylinder,0.04,0.25,65.0,0.0,42509,0,0.01204,0.5544993877410889,,,0,,,0,,,,no_grasps,no_grasps
2510,cylinder,0.04,0.25,65.0,45.0,2510,0,0.0121,0.6000000238418579,,,0,,,0,,,,no_grasps,no_grasps
2511,cylinder,0.04,0.25,65.0,45.0,12511,0,0.0121,0.6000000238418579,,,0,,,0,,,,no_grasps,no_grasps
2512,cylinder,0.04,0.25,65.0,45.0,22512,0,0.0121,0.5943909883499146,,,0,,,0,,,,no_grasps,no_grasps
2513,cylinder,0.04,0.25,65.0,45.0,32513,0,0.0121,0.6000000238418579,,,0,,,0,,,,no_grasps,no_grasps
2514,cylinder,0.04,0.25,65.0,45.0,42514,0,0.0121,0.6000000238418579,,,0,,,0,,,,no_grasps,no_grasps
2515,cylinder,0.04,0.25,65.0,90.0,2515,0,0.01204,0.574924111366272,,,0,,,0,,,,no_grasps,no_grasps
2516,cylinder,0.04,0.25,65.0,90.0,12516,0,0.01204,0.6000000238418579,,,0,,,0,,,,no_grasps,no_grasps
2517,cylinder,0.04,0.25,65.0,90.0,22517,0,0.01204,0.6000000238418579,,,0,,,0,,,,no_grasps,no_grasps
2518,cylinder,0.04,0.25,65.0,90.0,32518,0,0.01204,0.5670207738876343,,,0,,,0,,,,no_grasps,no_grasps
2519,cylinder,0.04,0.25,65.0,90.0,42519,0,0.01204,0.6000000238418579,,,0,,,0,,,,no_grasps,no_grasps
0,box,0.0,1.0,30.0,0.0,0,0,0.02679,0.34503746032714844,0.29385,0.03375,200,0,target_object,0,,,0.4,pregrasp_collision,
1,box,0.0,1.0,30.0,0.0,10001,0,0.02679,0.34503746032714844,0.29385,0.03427,200,0,target_object,0,,,0.4,pregrasp_collision,
2,box,0.0,1.0,30.0,0.0,20002,0,0.02679,0.34503746032714844,0.29385,0.01955,200,0,target_object,0,,,0.4,pregrasp_collision,
